stock_name,stock_code,trade_date,open,close,high,low,volume,amount,pct_w,pct_chg,amount_chg,exchg,MA_5,MA_10,MA_20,MA_60,EMA_5,EMA_10,EMA_20,EMA_60,RSI,DIF,DEA,ATR,OBV
焦作万方,000612,2025-01-02,6.27,6.3,6.41,6.25,214566,138318401.83,2.54,0.16,0.01,1.8,,,,,,,,,,,,,214566.0
焦作万方,000612,2025-01-03,6.28,6.41,6.61,6.26,428023,281540662.24,5.56,1.75,0.11,3.59,,,,,,,,,,,,,642589.0
焦作万方,000612,2025-01-06,6.3,6.84,6.95,6.18,756213,515652013.46,12.01,6.71,0.43,6.35,,,,,,,,,,,,,1398802.0
焦作万方,000612,2025-01-07,6.72,6.84,6.85,6.64,548592,377251874.19,3.07,0.0,0.0,4.6,,,,,,,,,,,,,1398802.0
焦作万方,000612,2025-01-08,6.77,6.71,6.84,6.5,384625,261788892.81,4.97,-1.9,-0.13,3.23,6.62,,,,6.62,,,,,,,,1014177.0
焦作万方,000612,2025-01-09,6.64,6.66,6.76,6.6,248251,168838926.3,2.38,-0.75,-0.05,2.08,6.692,,,,6.633,,,,,,,,765926.0
焦作万方,000612,2025-01-10,6.59,6.67,6.81,6.54,342364,233012862.28,4.05,0.15,0.01,2.87,6.744,,,,6.646,,,,,,,,1108290.0
焦作万方,000612,2025-01-13,6.59,7.0,7.22,6.53,900886,638788744.33,10.34,4.95,0.33,7.56,6.776,,,,6.764,,,,,,,,2009176.0
焦作万方,000612,2025-01-14,6.89,7.11,7.12,6.89,707300,507941968.93,3.29,1.57,0.11,5.94,6.83,,,,6.879,,,,,,,,2716476.0
焦作万方,000612,2025-01-15,7.07,7.02,7.31,7.0,469480,339928787.45,4.36,-1.27,-0.09,3.94,6.892,6.756,,,6.926,6.756,,,,,,,2246996.0
焦作万方,000612,2025-01-16,7.04,7.19,7.22,7.03,595045,432454395.12,2.71,2.42,0.17,4.99,6.998,6.845,,,7.014,6.835,,,,,,,2842041.0
焦作万方,000612,2025-01-17,7.13,7.12,7.23,7.08,351905,255531000.15,2.09,-0.97,-0.07,2.95,7.088,6.916,,,7.049,6.887,,,,,,,2490136.0
焦作万方,000612,2025-01-20,7.12,7.02,7.13,6.99,284756,204082855.22,1.97,-1.4,-0.1,2.39,7.092,6.934,,,7.04,6.911,,,,,,,2205380.0
焦作万方,000612,2025-01-21,7.07,6.99,7.07,6.93,221587,157484585.4,1.99,-0.43,-0.03,1.86,7.068,6.949,,,7.023,6.925,,,,,,,1983793.0
焦作万方,000612,2025-01-22,6.97,6.87,6.98,6.85,280822,197239682.7,1.86,-1.72,-0.12,2.36,7.038,6.965,,,6.972,6.915,,,66.286,,,0.293,1702971.0
焦作万方,000612,2025-01-23,6.93,7.01,7.06,6.84,475210,337130018.22,3.2,2.04,0.14,3.99,7.002,7.0,,,6.985,6.933,,,68.96,,,0.288,2178181.0
焦作万方,000612,2025-01-24,6.97,7.18,7.22,6.88,532356,384449000.21,4.85,2.43,0.17,4.47,7.014,7.051,,,7.05,6.978,,,71.877,,,0.291,2710537.0
焦作万方,000612,2025-01-27,7.16,7.03,7.22,7.02,239597,172969237.72,2.79,-2.09,-0.15,2.01,7.016,7.054,,,7.043,6.987,,,65.985,,,0.285,2470940.0
焦作万方,000612,2025-02-05,7.07,7.05,7.1,6.95,264625,189416117.0,2.13,0.28,0.02,2.22,7.028,7.048,,,7.045,6.998,,,66.38,,,0.275,2735565.0
焦作万方,000612,2025-02-06,7.05,7.13,7.14,7.01,317218,228911150.6,1.84,1.13,0.08,2.66,7.08,7.059,6.908,,7.074,7.022,6.908,,67.985,,,0.265,3052783.0
焦作万方,000612,2025-02-07,7.13,7.18,7.23,7.06,402748,293395065.46,2.38,0.7,0.05,3.38,7.114,7.058,6.952,,7.109,7.051,6.933,,68.981,,,0.258,3455531.0
焦作万方,000612,2025-02-10,7.2,7.13,7.27,7.03,394262,285625680.16,3.34,-0.7,-0.05,3.31,7.104,7.059,6.988,,7.116,7.065,6.952,,66.744,,,0.257,3061269.0
焦作万方,000612,2025-02-11,7.12,7.13,7.24,7.08,409608,298680935.64,2.24,0.0,0.0,3.44,7.124,7.07,7.002,,7.121,7.077,6.969,,66.744,,,0.25,3061269.0
焦作万方,000612,2025-02-12,7.08,7.03,7.11,6.93,389481,277944452.2,2.52,-1.4,-0.1,3.27,7.12,7.074,7.012,,7.09,7.069,6.975,,62.075,,,0.246,2671788.0
焦作万方,000612,2025-02-13,7.02,6.9,7.06,6.89,280147,198908011.2,2.42,-1.85,-0.13,2.35,7.074,7.077,7.021,,7.027,7.038,6.968,,56.537,,,0.241,2391641.0
焦作万方,000612,2025-02-14,6.79,6.88,6.89,6.7,334175,231033192.6,2.75,-0.29,-0.02,2.8,7.014,7.064,7.032,,6.978,7.009,6.959,,55.714,,,0.238,2057466.0
焦作万方,000612,2025-02-17,6.85,6.99,7.1,6.82,356320,253366915.94,4.07,1.6,0.11,2.99,6.986,7.045,7.048,,6.982,7.006,6.962,,59.231,,,0.241,2413786.0
焦作万方,000612,2025-02-18,6.98,6.93,7.02,6.9,227610,161315735.16,1.72,-0.86,-0.06,1.91,6.946,7.035,7.045,,6.965,6.992,6.959,,56.591,,,0.232,2186176.0
焦作万方,000612,2025-02-19,6.93,7.12,7.14,6.92,341858,245111722.33,3.17,2.74,0.19,2.87,6.964,7.042,7.045,,7.016,7.015,6.975,,62.318,,,0.231,2528034.0
焦作万方,000612,2025-02-20,7.1,7.13,7.17,7.03,217882,157510662.6,1.97,0.14,0.01,1.83,7.01,7.042,7.05,,7.054,7.036,6.989,,62.598,,,0.225,2745916.0
焦作万方,000612,2025-02-21,7.12,7.37,7.64,7.12,598836,452132796.93,7.29,3.37,0.24,5.03,7.108,7.061,7.06,,7.16,7.097,7.026,,68.619,,,0.246,3344752.0
焦作万方,000612,2025-02-24,7.37,7.41,7.5,7.27,326669,246675227.0,3.12,0.54,0.04,2.74,7.192,7.089,7.074,,7.243,7.154,7.062,,69.5,,,0.245,3671421.0
焦作万方,000612,2025-02-25,7.43,7.2,7.45,7.17,277047,205168144.2,3.78,-2.83,-0.21,2.33,7.246,7.096,7.083,,7.229,7.162,7.075,,59.978,,,0.247,3394374.0
焦作万方,000612,2025-02-26,7.19,7.28,7.33,7.19,216664,160348671.41,1.94,1.11,0.08,1.82,7.278,7.121,7.097,,7.246,7.184,7.095,,62.108,0.116,0.098,0.24,3611038.0
焦作万方,000612,2025-02-27,7.29,7.22,7.33,7.12,190875,139959975.48,2.88,-0.82,-0.06,1.6,7.296,7.153,7.115,,7.237,7.19,7.107,,59.548,0.111,0.101,0.238,3420163.0
焦作万方,000612,2025-02-28,7.18,7.1,7.2,7.05,194559,140913284.63,2.08,-1.66,-0.12,1.63,7.242,7.175,7.119,,7.191,7.174,7.106,,54.693,0.096,0.1,0.233,3225604.0
焦作万方,000612,2025-03-17,7.82,7.82,7.82,7.82,62325,49548247.8,0.0,10.14,0.72,0.52,7.324,7.258,7.151,,7.401,7.291,7.174,,70.326,0.141,0.108,0.268,3287929.0
焦作万方,000612,2025-03-18,8.62,8.62,8.62,8.62,580895,508283142.5,0.0,10.23,0.8,4.88,7.608,7.427,7.231,,7.807,7.533,7.312,,78.997,0.238,0.134,0.306,3868824.0
焦作万方,000612,2025-03-19,8.37,8.19,8.62,7.89,1838304,1536226836.58,8.47,-4.99,-0.43,15.43,7.79,7.534,7.288,,7.935,7.652,7.395,,67.568,0.277,0.163,0.336,2030520.0
焦作万方,000612,2025-03-20,8.13,8.17,8.33,7.98,1047822,864576886.31,4.27,-0.24,-0.02,8.79,7.98,7.638,7.34,,8.013,7.746,7.469,,67.082,0.303,0.191,0.337,982698.0
焦作万方,000612,2025-03-21,8.06,8.35,8.86,7.9,1205545,1032399031.88,11.75,2.2,0.18,10.12,8.23,7.736,7.398,,8.126,7.856,7.553,,69.228,0.335,0.22,0.381,2188243.0
焦作万方,000612,2025-03-24,8.27,8.84,9.13,8.09,1434693,1253423072.13,12.46,5.87,0.49,12.04,8.434,7.879,7.484,,8.364,8.035,7.676,,74.165,0.395,0.255,0.428,3622936.0
焦作万方,000612,2025-03-25,8.68,8.54,8.93,8.44,954505,835316071.57,5.54,-3.39,-0.3,8.01,8.418,8.013,7.554,,8.422,8.127,7.758,,67.07,0.413,0.286,0.433,2668431.0
焦作万方,000612,2025-03-26,8.42,8.49,8.71,8.34,725809,626492545.44,4.33,-0.59,-0.05,6.09,8.478,8.134,7.627,,8.445,8.193,7.828,,65.938,0.419,0.313,0.428,1942622.0
焦作万方,000612,2025-03-27,8.38,8.38,8.66,8.27,615446,527484966.16,4.59,-1.3,-0.11,5.17,8.52,8.25,7.701,,8.423,8.227,7.88,,63.402,0.41,0.332,0.426,1327176.0
焦作万方,000612,2025-03-28,8.19,8.05,8.3,7.9,767659,630089078.43,4.77,-3.94,-0.33,6.44,8.46,8.345,7.76,,8.299,8.195,7.896,,56.395,0.371,0.34,0.429,559517.0
焦作万方,000612,2025-03-31,7.87,7.45,7.87,7.37,701845,540530719.37,6.21,-7.45,-0.6,5.89,8.182,8.308,7.783,,8.016,8.059,7.854,,46.362,0.29,0.33,0.447,-142328.0
焦作万方,000612,2025-04-01,7.47,7.31,7.5,7.29,436964,327702859.72,2.82,-1.88,-0.14,3.67,7.936,8.177,7.802,,7.781,7.923,7.802,,44.379,0.211,0.306,0.43,-579292.0
焦作万方,000612,2025-04-02,7.3,7.32,7.48,7.28,250910,187948850.14,2.74,0.14,0.01,2.11,7.702,8.09,7.812,,7.627,7.813,7.756,,44.561,0.148,0.274,0.414,-328382.0
焦作万方,000612,2025-04-03,7.23,7.27,7.3,7.13,285060,209450198.2,2.32,-0.68,-0.05,2.39,7.48,8.0,7.819,,7.508,7.715,7.71,,43.788,0.092,0.238,0.398,-613442.0
焦作万方,000612,2025-04-07,6.86,6.53,6.87,6.53,334864,226283778.0,4.68,-10.18,-0.74,2.81,7.176,7.818,7.777,,7.182,7.499,7.598,,34.298,-0.011,0.188,0.422,-948306.0
焦作万方,000612,2025-04-08,6.43,6.19,6.49,6.07,532066,338132025.0,6.43,-5.21,-0.34,4.47,6.924,7.553,7.716,,6.851,7.261,7.463,,30.977,-0.119,0.127,0.425,-1480372.0
焦作万方,000612,2025-04-09,6.07,6.23,6.27,5.66,453649,278773272.75,9.85,0.65,0.04,3.81,6.708,7.322,7.667,,6.644,7.074,7.346,,31.813,-0.199,0.062,0.438,-1026723.0
焦作万方,000612,2025-04-10,6.37,6.45,6.54,6.32,425000,279617830.4,3.53,3.53,0.22,3.57,6.534,7.118,7.626,,6.579,6.96,7.261,,36.381,-0.242,0.001,0.429,-601723.0
焦作万方,000612,2025-04-11,6.39,6.45,6.49,6.36,265465,174533359.4,2.02,0.0,0.0,2.23,6.37,6.925,7.587,,6.536,6.868,7.183,,36.381,-0.273,-0.054,0.408,-601723.0
焦作万方,000612,2025-04-14,6.52,6.64,6.78,6.52,326660,221686522.92,4.03,2.95,0.19,2.74,6.392,6.784,7.564,,6.571,6.826,7.132,,40.381,-0.279,-0.099,0.402,-275063.0
焦作万方,000612,2025-04-15,6.64,6.58,6.67,6.53,190389,127711689.25,2.11,-0.9,-0.06,1.6,6.47,6.697,7.502,,6.574,6.781,7.079,,39.536,-0.285,-0.136,0.383,-465452.0
焦作万方,000612,2025-04-16,6.58,6.46,6.64,6.36,216255,142533432.8,4.26,-1.82,-0.12,1.82,6.516,6.612,7.394,,6.536,6.723,7.02,,37.83,-0.296,-0.168,0.376,-681707.0
焦作万方,000612,2025-04-17,6.47,6.5,6.63,6.44,187159,124909590.9,2.94,0.62,0.04,1.57,6.526,6.53,7.31,,6.524,6.682,6.971,,38.778,-0.298,-0.194,0.363,-494548.0
焦作万方,000612,2025-04-18,6.47,6.54,6.57,6.43,147602,97790135.0,2.15,0.62,0.04,1.24,6.544,6.457,7.228,7.159,6.529,6.657,6.93,7.159,39.767,-0.293,-0.214,0.347,-346946.0
焦作万方,000612,2025-04-21,6.5,6.65,6.65,6.49,156141,105009155.8,2.45,1.68,0.11,1.31,6.546,6.469,7.143,7.164,6.57,6.655,6.903,7.142,42.518,-0.277,-0.227,0.334,-190805.0
焦作万方,000612,2025-04-22,6.62,6.61,6.64,6.57,135511,91254773.2,1.05,-0.6,-0.04,1.14,6.552,6.511,7.032,7.168,6.583,6.647,6.875,7.125,41.771,-0.265,-0.234,0.315,-326316.0
焦作万方,000612,2025-04-23,6.65,6.67,6.7,6.6,216681,146866072.32,1.51,0.91,0.06,1.82,6.594,6.555,6.938,7.165,6.612,6.651,6.856,7.11,43.378,-0.247,-0.237,0.3,-109635.0
焦作万方,000612,2025-04-24,6.68,6.59,6.7,6.58,161471,109111113.43,1.8,-1.2,-0.08,1.36,6.612,6.569,6.843,7.161,6.605,6.64,6.83,7.093,41.725,-0.237,-0.237,0.287,-271106.0
焦作万方,000612,2025-04-25,6.6,6.63,6.68,6.58,155328,105069744.58,1.52,0.61,0.04,1.3,6.63,6.587,6.756,7.159,6.613,6.638,6.811,7.077,42.897,-0.223,-0.234,0.274,-115778.0
焦作万方,000612,2025-04-28,6.62,6.55,6.63,6.52,125827,84140345.99,1.66,-1.21,-0.08,1.06,6.61,6.578,6.681,7.158,6.592,6.622,6.786,7.06,41.116,-0.216,-0.231,0.262,-241605.0
焦作万方,000612,2025-04-29,6.57,6.56,6.65,6.54,113725,76494110.24,1.68,0.15,0.01,0.95,6.6,6.576,6.636,7.156,6.581,6.611,6.765,7.044,41.443,-0.208,-0.226,0.251,-127880.0
焦作万方,000612,2025-04-30,6.56,6.59,6.65,6.55,150359,101288507.8,1.52,0.46,0.03,1.26,6.584,6.589,6.6,7.149,6.584,6.607,6.748,7.029,42.476,-0.196,-0.22,0.24,22479.0
焦作万方,000612,2025-05-06,6.62,6.77,6.78,6.6,244885,167816249.32,2.73,2.73,0.18,2.06,6.62,6.616,6.573,7.143,6.646,6.637,6.75,7.02,48.362,-0.17,-0.21,0.237,267364.0
焦作万方,000612,2025-05-07,6.81,6.76,6.84,6.71,188563,129834909.58,1.92,-0.15,-0.01,1.58,6.646,6.638,6.547,7.139,6.684,6.659,6.751,7.012,48.068,-0.149,-0.198,0.229,78801.0
焦作万方,000612,2025-05-08,6.72,6.78,6.79,6.7,142112,98037363.2,1.33,0.3,0.02,1.19,6.692,6.651,6.56,7.132,6.716,6.681,6.754,7.004,48.74,-0.129,-0.184,0.219,220913.0
焦作万方,000612,2025-05-09,6.78,6.69,6.8,6.66,142411,97330038.8,2.06,-1.33,-0.09,1.2,6.718,6.659,6.585,7.125,6.707,6.683,6.748,6.994,45.864,-0.119,-0.171,0.214,78502.0
焦作万方,000612,2025-05-12,6.75,6.83,6.83,6.71,169098,116826820.91,1.79,2.09,0.14,1.42,6.766,6.675,6.615,7.122,6.748,6.71,6.756,6.989,50.733,-0.099,-0.157,0.208,247600.0
焦作万方,000612,2025-05-13,6.89,6.86,6.95,6.84,196697,138031108.02,1.61,0.44,0.03,1.65,6.784,6.702,6.635,7.12,6.786,6.737,6.766,6.984,51.735,-0.079,-0.141,0.202,444297.0
焦作万方,000612,2025-05-14,6.86,6.97,6.99,6.85,247812,175373152.64,2.04,1.6,0.11,2.08,6.826,6.736,6.661,7.121,6.847,6.779,6.785,6.984,55.322,-0.054,-0.124,0.198,692109.0
焦作万方,000612,2025-05-15,6.95,7.14,7.34,6.9,479394,345136115.7,6.31,2.44,0.17,4.02,6.898,6.795,6.686,7.123,6.945,6.845,6.819,6.989,60.24,-0.021,-0.103,0.215,1171503.0
焦作万方,000612,2025-05-16,7.03,7.07,7.34,7.02,435967,318510187.97,4.48,-0.98,-0.07,3.66,6.974,6.846,6.711,7.122,6.986,6.886,6.843,6.992,57.437,0.0,-0.082,0.222,735536.0
焦作万方,000612,2025-05-19,7.33,7.79,7.79,7.33,1312552,1026786407.64,6.51,10.18,0.72,11.02,7.166,6.966,6.777,7.134,7.254,7.05,6.933,7.018,71.915,0.074,-0.051,0.258,2048088.0
焦作万方,000612,2025-05-20,7.84,8.05,8.13,7.66,1593376,1274317727.08,6.03,3.34,0.26,13.37,7.404,7.094,6.855,7.151,7.52,7.232,7.039,7.052,75.197,0.152,-0.011,0.273,3641464.0
焦作万方,000612,2025-05-21,7.82,7.67,7.91,7.66,798735,628921554.31,3.11,-4.72,-0.38,6.7,7.544,7.185,6.911,7.16,7.57,7.312,7.099,7.072,63.517,0.181,0.028,0.281,2842729.0
焦作万方,000612,2025-05-22,7.57,7.47,7.67,7.46,600769,459399853.89,2.74,-2.61,-0.2,5.04,7.61,7.254,6.952,7.165,7.536,7.34,7.135,7.085,58.377,0.186,0.059,0.276,2241960.0
焦作万方,000612,2025-05-23,7.42,7.43,7.61,7.4,436866,333970132.83,2.81,-0.54,-0.04,3.67,7.682,7.328,6.993,7.17,7.501,7.357,7.163,7.096,57.377,0.184,0.084,0.272,1805094.0
焦作万方,000612,2025-05-26,7.41,7.42,7.53,7.34,310181,234026606.8,2.56,-0.13,-0.01,2.6,7.608,7.387,7.031,7.175,7.474,7.368,7.187,7.107,57.114,0.18,0.103,0.266,1494913.0
焦作万方,000612,2025-05-27,7.48,7.35,7.49,7.3,267346,196499891.8,2.56,-0.94,-0.07,2.24,7.468,7.436,7.069,7.18,7.433,7.365,7.203,7.115,55.203,0.169,0.116,0.26,1227567.0
焦作万方,000612,2025-05-28,7.34,7.34,7.47,7.31,259652,191633097.28,2.18,-0.14,-0.01,2.18,7.402,7.473,7.104,7.187,7.402,7.36,7.216,7.122,54.921,0.158,0.125,0.253,967915.0
焦作万方,000612,2025-05-29,7.35,7.39,7.41,7.27,214438,157792499.0,1.91,0.68,0.05,1.8,7.386,7.498,7.146,7.196,7.398,7.366,7.232,7.131,56.13,0.151,0.13,0.245,1182353.0
焦作万方,000612,2025-05-30,7.35,7.29,7.36,7.27,171194,125027737.0,1.22,-1.35,-0.1,1.44,7.358,7.52,7.183,7.201,7.362,7.352,7.238,7.136,53.064,0.136,0.131,0.236,1011159.0
焦作万方,000612,2025-06-03,7.26,7.34,7.39,7.23,199462,146270981.9,2.19,0.69,0.05,1.67,7.342,7.475,7.22,7.208,7.355,7.35,7.248,7.143,54.405,0.127,0.13,0.231,1210621.0
焦作万方,000612,2025-06-04,7.33,7.44,7.48,7.32,243883,180809381.63,2.18,1.36,0.1,2.05,7.36,7.414,7.254,7.213,7.383,7.366,7.266,7.153,57.048,0.126,0.129,0.226,1454504.0
焦作万方,000612,2025-06-05,7.4,7.5,7.58,7.4,289192,216931649.84,2.42,0.81,0.06,2.43,7.392,7.397,7.291,7.219,7.422,7.391,7.288,7.164,58.599,0.129,0.129,0.222,1743696.0
焦作万方,000612,2025-06-06,7.53,7.67,7.71,7.49,454721,346428589.86,2.93,2.27,0.17,3.82,7.448,7.417,7.335,7.224,7.505,7.441,7.325,7.181,62.708,0.143,0.132,0.222,2198417.0
焦作万方,000612,2025-06-09,7.7,7.68,7.73,7.58,351966,269185182.01,1.96,0.13,0.01,2.95,7.526,7.442,7.385,7.229,7.563,7.485,7.358,7.197,62.941,0.153,0.136,0.217,2550383.0
焦作万方,000612,2025-06-10,7.66,7.57,7.68,7.5,344607,261229569.0,2.34,-1.43,-0.11,2.89,7.572,7.457,7.422,7.235,7.565,7.5,7.379,7.209,58.604,0.151,0.139,0.214,2205776.0
焦作万方,000612,2025-06-11,7.56,7.79,7.85,7.54,497717,384803065.6,4.1,2.91,0.22,4.18,7.642,7.501,7.468,7.243,7.64,7.553,7.418,7.228,63.954,0.165,0.144,0.221,2703493.0
焦作万方,000612,2025-06-12,7.75,7.85,7.89,7.68,445285,347931059.03,2.7,0.77,0.06,3.74,7.712,7.552,7.512,7.254,7.71,7.607,7.459,7.249,65.272,0.179,0.151,0.22,3148778.0
焦作万方,000612,2025-06-13,7.81,7.72,7.85,7.67,457611,354244088.54,2.29,-1.66,-0.13,3.84,7.722,7.585,7.541,7.264,7.713,7.627,7.484,7.264,60.14,0.177,0.157,0.218,2691167.0
焦作万方,000612,2025-06-16,7.66,7.66,7.74,7.63,245814,188512380.68,1.42,-0.78,-0.06,2.06,7.718,7.622,7.571,7.262,7.696,7.633,7.501,7.277,57.878,0.169,0.159,0.21,2445353.0
焦作万方,000612,2025-06-17,7.64,7.65,7.67,7.58,208959,159016154.91,1.17,-0.13,-0.01,1.75,7.734,7.653,7.564,7.245,7.68,7.636,7.515,7.289,57.49,0.16,0.159,0.201,2236394.0
焦作万方,000612,2025-06-18,7.65,7.71,7.8,7.55,289961,222183864.04,3.27,0.78,0.06,2.43,7.718,7.68,7.547,7.237,7.69,7.65,7.533,7.303,59.256,0.156,0.159,0.205,2526355.0
焦作万方,000612,2025-06-19,7.64,7.45,7.68,7.43,247004,185646804.78,3.24,-3.37,-0.26,2.07,7.638,7.675,7.536,7.225,7.61,7.613,7.525,7.308,49.637,0.13,0.153,0.21,2279351.0
焦作万方,000612,2025-06-20,7.45,7.38,7.49,7.37,151848,112717720.96,1.61,-0.94,-0.07,1.27,7.57,7.646,7.531,7.209,7.533,7.571,7.512,7.31,47.406,0.103,0.143,0.204,2127503.0
焦作万方,000612,2025-06-23,7.38,7.42,7.46,7.3,137454,101661178.5,2.17,0.54,0.04,1.15,7.522,7.62,7.531,7.186,7.496,7.544,7.503,7.314,48.821,0.084,0.131,0.201,2264957.0
焦作万方,000612,2025-06-24,7.42,7.54,7.57,7.4,140902,106069116.9,2.29,1.62,0.12,1.18,7.5,7.617,7.537,7.169,7.51,7.543,7.506,7.321,52.916,0.077,0.12,0.198,2405859.0
焦作万方,000612,2025-06-25,7.54,7.54,7.57,7.46,175447,131674954.75,1.46,0.0,0.0,1.47,7.466,7.592,7.546,7.153,7.52,7.542,7.51,7.328,52.916,0.071,0.111,0.192,2405859.0
焦作万方,000612,2025-06-26,7.53,7.56,7.59,7.47,179947,135718852.1,1.59,0.27,0.02,1.51,7.488,7.563,7.557,7.139,7.534,7.546,7.514,7.336,53.633,0.067,0.102,0.187,2585806.0
焦作万方,000612,2025-06-27,7.59,7.75,7.77,7.59,373053,288266347.0,2.38,2.51,0.19,3.13,7.562,7.566,7.575,7.134,7.606,7.583,7.537,7.35,59.883,0.079,0.097,0.189,2958859.0
焦作万方,000612,2025-06-30,7.75,7.74,7.78,7.63,275865,212443293.46,1.94,-0.13,-0.01,2.32,7.626,7.574,7.598,7.139,7.65,7.611,7.556,7.362,59.429,0.086,0.095,0.186,2682994.0
焦作万方,000612,2025-07-01,7.74,7.91,7.95,7.65,377716,295360212.08,3.88,2.2,0.17,3.17,7.7,7.6,7.626,7.149,7.737,7.666,7.59,7.38,64.375,0.104,0.097,0.194,3060710.0
焦作万方,000612,2025-07-02,7.9,7.92,8.01,7.84,342123,271011881.93,2.15,0.13,0.01,2.87,7.776,7.621,7.65,7.159,7.798,7.712,7.621,7.398,64.648,0.118,0.101,0.192,3402833.0
焦作万方,000612,2025-07-03,7.95,7.93,8.0,7.85,206695,163441019.0,1.89,0.13,0.01,1.73,7.85,7.669,7.672,7.17,7.842,7.752,7.651,7.416,64.937,0.128,0.106,0.189,3609528.0
焦作万方,000612,2025-07-04,7.87,7.79,7.88,7.74,240806,187627762.0,1.77,-1.77,-0.14,2.02,7.858,7.71,7.678,7.191,7.825,7.759,7.664,7.428,57.804,0.124,0.11,0.189,3368722.0
焦作万方,000612,2025-07-07,7.76,7.75,7.81,7.7,128859,99966281.2,1.41,-0.51,-0.04,1.08,7.86,7.743,7.681,7.217,7.8,7.757,7.672,7.438,55.914,0.116,0.111,0.184,3239863.0
焦作万方,000612,2025-07-08,7.78,7.87,7.89,7.72,231970,180993765.2,2.19,1.55,0.12,1.95,7.852,7.776,7.696,7.245,7.823,7.778,7.691,7.453,60.126,0.117,0.112,0.183,3471833.0
焦作万方,000612,2025-07-09,7.87,7.73,7.91,7.71,215292,167872924.92,2.54,-1.78,-0.14,1.81,7.814,7.795,7.693,7.266,7.792,7.769,7.695,7.462,53.682,0.106,0.111,0.184,3256541.0
焦作万方,000612,2025-07-10,7.79,7.86,7.88,7.75,265103,207427539.76,1.68,1.68,0.13,2.23,7.8,7.825,7.694,7.289,7.815,7.785,7.71,7.475,58.166,0.107,0.11,0.181,3521644.0
焦作万方,000612,2025-07-11,7.86,8.07,8.23,7.86,611144,492850726.12,4.71,2.67,0.21,5.13,7.856,7.857,7.711,7.313,7.9,7.837,7.745,7.494,64.195,0.123,0.113,0.195,4132788.0
焦作万方,000612,2025-07-14,8.4,8.21,8.58,8.18,685522,570450937.6,4.96,1.73,0.14,5.75,7.948,7.904,7.739,7.34,8.003,7.905,7.789,7.518,67.552,0.145,0.119,0.217,4818310.0
焦作万方,000612,2025-07-15,8.16,8.24,8.38,8.14,417660,344459540.85,2.92,0.37,0.03,3.51,8.022,7.937,7.768,7.37,8.082,7.966,7.832,7.541,68.239,0.163,0.128,0.219,5235970.0
焦作万方,000612,2025-07-16,8.2,8.19,8.29,8.15,239246,196400763.62,1.7,-0.61,-0.05,2.01,8.114,7.964,7.792,7.398,8.118,8.007,7.866,7.563,65.74,0.172,0.137,0.213,4996724.0
焦作万方,000612,2025-07-17,8.17,8.19,8.23,8.1,200069,163833519.3,1.59,0.0,0.0,1.68,8.18,7.99,7.829,7.426,8.142,8.04,7.897,7.583,65.74,0.176,0.145,0.207,4996724.0
焦作万方,000612,2025-07-18,8.2,8.27,8.38,8.19,317340,263040263.05,2.32,0.98,0.08,2.66,8.22,8.038,7.874,7.453,8.185,8.082,7.932,7.606,67.92,0.184,0.153,0.206,5314064.0
焦作万方,000612,2025-07-21,8.38,8.82,8.87,8.33,762351,661432912.5,6.53,6.65,0.55,6.4,8.342,8.145,7.944,7.49,8.396,8.216,8.017,7.646,78.194,0.232,0.169,0.234,6076415.0
焦作万方,000612,2025-07-22,8.76,8.95,8.99,8.72,615598,544359368.93,3.06,1.47,0.13,5.17,8.484,8.253,8.014,7.528,8.581,8.349,8.106,7.688,79.838,0.278,0.19,0.237,6692013.0
焦作万方,000612,2025-07-23,8.88,8.73,8.91,8.69,420984,369191980.57,2.46,-2.46,-0.22,3.53,8.592,8.353,8.074,7.563,8.631,8.419,8.165,7.722,70.195,0.292,0.211,0.239,6271029.0
焦作万方,000612,2025-07-24,8.68,8.89,8.97,8.65,411779,364297183.45,3.67,1.83,0.16,3.46,8.732,8.456,8.14,7.601,8.717,8.504,8.234,7.761,72.771,0.313,0.231,0.244,6682808.0
焦作万方,000612,2025-07-25,8.86,8.83,8.91,8.78,306696,270785936.8,1.46,-0.67,-0.06,2.57,8.844,8.532,8.194,7.639,8.755,8.564,8.291,7.796,70.317,0.322,0.249,0.236,6376112.0
焦作万方,000612,2025-07-28,8.7,8.62,8.74,8.55,354123,305735755.13,2.15,-2.38,-0.21,2.97,8.804,8.573,8.238,7.673,8.71,8.574,8.322,7.823,62.387,0.308,0.261,0.239,6021989.0
焦作万方,000612,2025-07-29,8.58,8.68,8.72,8.42,389128,333900284.31,3.48,0.7,0.06,3.27,8.75,8.617,8.277,7.708,8.7,8.593,8.356,7.851,63.648,0.298,0.268,0.244,6411117.0
焦作万方,000612,2025-07-30,8.66,8.57,8.78,8.54,229155,197656660.9,2.76,-1.27,-0.11,1.92,8.718,8.655,8.309,7.738,8.657,8.589,8.377,7.874,59.695,0.278,0.27,0.243,6181962.0
焦作万方,000612,2025-07-31,8.52,8.33,8.55,8.3,293062,245807205.56,2.92,-2.8,-0.24,2.46,8.606,8.669,8.33,7.764,8.548,8.542,8.372,7.889,52.094,0.24,0.264,0.245,5888900.0
焦作万方,000612,2025-08-01,8.33,8.35,8.46,8.33,153419,128674345.38,1.56,0.24,0.02,1.29,8.51,8.677,8.357,7.79,8.482,8.507,8.37,7.905,52.635,0.209,0.253,0.237,6042319.0
焦作万方,000612,2025-08-04,8.34,8.5,8.55,8.33,221643,187579720.57,2.63,1.8,0.15,1.86,8.486,8.645,8.395,7.821,8.488,8.506,8.383,7.924,56.596,0.195,0.242,0.236,6263962.0
焦作万方,000612,2025-08-05,8.5,8.57,8.57,8.48,160020,136663237.23,1.06,0.82,0.07,1.34,8.464,8.607,8.43,7.85,8.515,8.517,8.4,7.945,58.347,0.187,0.231,0.225,6423982.0
焦作万方,000612,2025-08-06,8.56,8.62,8.69,8.54,226754,195442213.75,1.75,0.58,0.05,1.9,8.474,8.596,8.474,7.879,8.55,8.536,8.421,7.967,59.6,0.182,0.221,0.22,6650736.0
焦作万方,000612,2025-08-07,8.62,8.7,8.75,8.51,277213,239097416.17,2.78,0.93,0.08,2.33,8.548,8.577,8.516,7.908,8.6,8.566,8.448,7.991,61.592,0.183,0.214,0.221,6927949.0
焦作万方,000612,2025-08-08,8.65,8.72,8.75,8.62,220158,191454985.38,1.49,0.23,0.02,1.85,8.622,8.566,8.549,7.934,8.64,8.594,8.474,8.015,62.095,0.183,0.208,0.215,7148107.0
焦作万方,000612,2025-08-11,8.74,8.72,8.8,8.61,197695,171721568.0,2.18,0.0,0.0,1.66,8.666,8.576,8.574,7.962,8.667,8.617,8.497,8.038,62.095,0.182,0.202,0.213,7148107.0
焦作万方,000612,2025-08-12,8.68,8.69,8.72,8.62,139143,120635833.5,1.15,-0.34,-0.03,1.17,8.69,8.577,8.597,7.977,8.674,8.63,8.516,8.06,60.711,0.176,0.197,0.205,7008964.0
焦作万方,000612,2025-08-13,8.76,8.98,9.02,8.74,324769,290119188.38,3.22,3.34,0.29,2.73,8.762,8.618,8.636,7.992,8.776,8.694,8.56,8.09,68.108,0.192,0.196,0.214,7333733.0
焦作万方,000612,2025-08-14,8.93,8.86,9.05,8.86,285397,255365388.32,2.12,-1.34,-0.12,2.4,8.794,8.671,8.67,8.012,8.804,8.724,8.588,8.115,62.836,0.193,0.195,0.212,7048336.0
焦作万方,000612,2025-08-15,8.84,9.07,9.07,8.84,343968,309642057.58,2.6,2.37,0.21,2.89,8.864,8.743,8.71,8.039,8.893,8.787,8.634,8.146,67.567,0.208,0.198,0.214,7392304.0
焦作万方,000612,2025-08-18,9.08,9.09,9.19,8.97,356772,322916415.43,2.43,0.22,0.02,2.99,8.938,8.802,8.723,8.066,8.959,8.842,8.678,8.177,67.985,0.22,0.202,0.214,7749076.0
焦作万方,000612,2025-08-19,9.09,9.17,9.32,9.06,365638,336417096.55,2.86,0.88,0.08,3.07,9.034,8.862,8.734,8.095,9.029,8.902,8.725,8.21,69.669,0.233,0.208,0.217,8114714.0
焦作万方,000612,2025-08-20,9.11,9.34,9.41,9.1,420044,390110030.25,3.38,1.85,0.17,3.53,9.106,8.934,8.765,8.129,9.133,8.981,8.783,8.247,72.928,0.253,0.217,0.224,8534758.0
焦作万方,000612,2025-08-21,9.28,9.23,9.38,9.17,274938,254592677.56,2.25,-1.18,-0.11,2.31,9.18,8.987,8.782,8.16,9.165,9.027,8.826,8.279,67.848,0.258,0.226,0.223,8259820.0
焦作万方,000612,2025-08-22,9.23,9.2,9.34,9.13,271815,250191769.61,2.28,-0.33,-0.03,2.28,9.206,9.035,8.8,8.19,9.177,9.058,8.861,8.309,66.488,0.256,0.232,0.222,7988005.0
焦作万方,000612,2025-08-25,9.24,9.07,9.46,8.88,1026522,944407546.23,6.3,-1.41,-0.13,8.62,9.202,9.07,8.823,8.22,9.141,9.06,8.881,8.334,60.8,0.242,0.234,0.248,6961483.0
焦作万方,000612,2025-08-26,9.03,9.05,9.29,8.85,625891,567474044.24,4.85,-0.22,-0.02,5.25,9.178,9.106,8.841,8.248,9.111,9.058,8.897,8.358,59.95,0.226,0.232,0.261,6335592.0
焦作万方,000612,2025-08-27,9.04,8.75,9.07,8.75,451942,403796436.8,3.54,-3.31,-0.3,3.79,9.06,9.083,8.85,8.27,8.991,9.002,8.883,8.371,48.909,0.187,0.223,0.266,5883650.0
焦作万方,000612,2025-08-28,8.73,8.73,8.89,8.45,468872,406736603.02,5.03,-0.23,-0.02,3.94,8.96,9.07,8.87,8.291,8.904,8.953,8.869,8.382,48.271,0.153,0.209,0.278,5414778.0
焦作万方,000612,2025-08-29,8.73,8.88,8.95,8.7,342757,303230253.98,2.86,1.72,0.15,2.88,8.896,9.051,8.897,8.311,8.896,8.94,8.87,8.399,53.203,0.136,0.195,0.276,5757535.0
焦作万方,000612,2025-09-01,9.03,9.19,9.27,8.91,717020,654808650.66,4.05,3.49,0.31,6.02,8.92,9.061,8.931,8.336,8.994,8.985,8.9,8.425,61.396,0.147,0.185,0.284,6474555.0
焦作万方,000612,2025-09-02,9.31,9.12,9.36,9.02,490005,447198972.71,3.7,-0.76,-0.07,4.11,8.934,9.056,8.959,8.362,9.036,9.01,8.921,8.448,58.889,0.147,0.178,0.288,5984550.0
焦作万方,000612,2025-09-03,9.16,8.75,9.26,8.67,460359,410313376.44,6.47,-4.06,-0.37,3.86,8.934,8.997,8.965,8.378,8.941,8.962,8.905,8.457,47.782,0.117,0.165,0.31,5524191.0
焦作万方,000612,2025-09-04,8.73,8.28,8.85,8.13,554485,469164899.29,8.23,-5.37,-0.47,4.65,8.844,8.902,8.944,8.385,8.72,8.838,8.845,8.452,37.982,0.054,0.143,0.339,4969706.0
焦作万方,000612,2025-09-05,8.29,8.71,8.73,8.27,462628,392888312.74,5.56,5.19,0.43,3.88,8.81,8.853,8.944,8.402,8.717,8.815,8.832,8.46,48.408,0.038,0.122,0.348,5432334.0
焦作万方,000612,2025-09-08,8.73,8.71,8.75,8.55,325601,281604688.82,2.3,0.0,0.0,2.73,8.714,8.817,8.943,8.419,8.715,8.796,8.821,8.468,48.408,0.026,0.103,0.337,5432334.0
焦作万方,000612,2025-09-09,8.7,8.63,8.86,8.57,314033,273640460.68,3.33,-0.92,-0.08,2.64,8.616,8.775,8.94,8.435,8.686,8.766,8.803,8.474,46.713,0.009,0.084,0.334,5118301.0
焦作万方,000612,2025-09-10,8.64,8.7,8.84,8.53,296359,257484856.46,3.59,0.81,0.07,2.49,8.606,8.77,8.926,8.452,8.691,8.754,8.793,8.481,48.415,0.002,0.068,0.332,5414660.0
焦作万方,000612,2025-09-11,8.68,8.74,8.76,8.55,294123,255401044.97,2.41,0.46,0.04,2.47,8.698,8.771,8.92,8.473,8.707,8.751,8.788,8.489,49.409,-0.001,0.054,0.323,5708783.0
焦作万方,000612,2025-09-12,8.88,9.04,9.28,8.88,748721,680953004.57,4.58,3.43,0.3,6.28,8.764,8.787,8.919,8.501,8.818,8.804,8.812,8.508,56.223,0.021,0.047,0.339,6457504.0
焦作万方,000612,2025-09-15,8.99,8.69,9.0,8.68,544591,479489690.54,3.54,-3.87,-0.35,4.57,8.76,8.737,8.899,8.522,8.775,8.783,8.8,8.514,48.086,0.01,0.04,0.34,5912913.0
焦作万方,000612,2025-09-16,8.77,8.4,8.8,8.31,622238,525804433.55,5.64,-3.34,-0.29,5.22,8.714,8.665,8.86,8.537,8.65,8.713,8.762,8.51,42.586,-0.022,0.028,0.351,5290675.0
焦作万方,000612,2025-09-17,8.37,8.48,8.49,8.26,435142,365007996.64,2.74,0.95,0.08,3.65,8.67,8.638,8.817,8.552,8.594,8.671,8.735,8.509,44.473,-0.04,0.014,0.342,5725817.0
焦作万方,000612,2025-09-18,8.4,8.13,8.4,8.07,513017,422379995.15,3.89,-4.13,-0.35,4.31,8.548,8.623,8.762,8.562,8.439,8.573,8.678,8.496,38.51,-0.082,-0.005,0.347,5212800.0
焦作万方,000612,2025-09-19,8.19,8.12,8.23,8.05,267511,217854209.36,2.21,-0.12,-0.01,2.25,8.364,8.564,8.708,8.568,8.333,8.49,8.625,8.484,38.352,-0.115,-0.027,0.335,4945289.0
焦作万方,000612,2025-09-22,8.16,8.02,8.26,7.92,306420,245208546.55,4.19,-1.23,-0.1,2.57,8.23,8.495,8.656,8.573,8.228,8.405,8.567,8.469,36.727,-0.147,-0.051,0.336,4638869.0
焦作万方,000612,2025-09-23,8.06,7.9,8.07,7.76,307688,242221330.16,3.87,-1.5,-0.12,2.58,8.13,8.422,8.598,8.572,8.119,8.313,8.503,8.45,34.821,-0.18,-0.077,0.334,4331181.0
焦作万方,000612,2025-09-24,7.86,7.97,7.99,7.82,173756,137653777.35,2.15,0.89,0.07,1.46,8.028,8.349,8.559,8.573,8.069,8.251,8.453,8.434,36.879,-0.199,-0.101,0.322,4504937.0
焦作万方,000612,2025-09-25,8.06,8.0,8.14,7.95,265507,213118437.76,2.38,0.38,0.03,2.23,8.002,8.275,8.523,8.574,8.046,8.205,8.41,8.42,37.786,-0.208,-0.123,0.313,4770444.0
焦作万方,000612,2025-09-26,7.96,8.01,8.11,7.92,270144,217331148.26,2.38,0.13,0.01,2.27,7.98,8.172,8.479,8.578,8.034,8.17,8.371,8.407,38.105,-0.213,-0.141,0.304,5040588.0
焦作万方,000612,2025-09-29,8.09,8.37,8.4,8.03,569657,470606920.21,4.62,4.49,0.36,4.78,8.05,8.14,8.438,8.588,8.146,8.206,8.371,8.406,48.374,-0.185,-0.15,0.31,5610245.0
焦作万方,000612,2025-09-30,8.38,8.64,8.65,8.38,592627,506565315.32,3.23,3.23,0.27,4.97,8.198,8.164,8.414,8.601,8.311,8.285,8.397,8.413,54.475,-0.14,-0.148,0.308,6202872.0
焦作万方,000612,2025-10-09,8.79,9.01,9.02,8.69,724558,646837356.28,3.82,4.28,0.37,6.08,8.406,8.217,8.427,8.622,8.544,8.417,8.455,8.433,61.235,-0.073,-0.133,0.313,6927430.0
焦作万方,000612,2025-10-10,8.9,8.98,9.07,8.8,539187,483580598.01,3.0,-0.33,-0.03,4.53,8.602,8.302,8.462,8.641,8.689,8.519,8.505,8.451,60.451,-0.023,-0.111,0.31,6388243.0
焦作万方,000612,2025-10-13,8.71,9.27,9.32,8.66,799380,724710644.2,7.35,3.23,0.29,6.71,8.854,8.417,8.49,8.661,8.883,8.656,8.578,8.478,65.102,0.041,-0.08,0.335,7187623.0
焦作万方,000612,2025-10-14,9.39,9.16,9.68,9.1,876374,822411159.52,6.26,-1.19,-0.11,7.36,9.012,8.531,8.513,8.677,8.975,8.747,8.634,8.5,62.118,0.081,-0.048,0.352,6311249.0
焦作万方,000612,2025-10-15,9.25,9.45,9.64,9.1,867179,818903991.88,5.9,3.17,0.29,7.28,9.174,8.686,8.554,8.697,9.133,8.875,8.711,8.531,66.48,0.134,-0.012,0.366,7178428.0
焦作万方,000612,2025-10-16,9.42,9.2,9.61,9.13,703285,658199223.88,5.08,-2.65,-0.25,5.9,9.212,8.809,8.579,8.714,9.156,8.934,8.758,8.553,60.06,0.155,0.022,0.374,6475143.0
焦作万方,000612,2025-10-17,9.24,8.99,9.44,8.96,518481,472730384.86,5.22,-2.28,-0.21,4.35,9.214,8.908,8.591,8.727,9.1,8.944,8.78,8.567,55.234,0.153,0.048,0.382,5956662.0
焦作万方,000612,2025-10-20,9.14,9.02,9.19,8.93,419398,378937437.38,2.89,0.33,0.03,3.52,9.164,9.009,8.59,8.74,9.074,8.958,8.803,8.582,55.781,0.151,0.069,0.373,6376060.0
焦作万方,000612,2025-10-21,9.09,9.2,9.43,9.02,467818,432596693.1,4.55,2.0,0.18,3.93,9.172,9.092,8.616,8.746,9.116,9.002,8.841,8.602,59.014,0.163,0.087,0.376,6843878.0
焦作万方,000612,2025-10-22,8.98,9.16,9.23,8.89,338551,308010826.3,3.7,-0.43,-0.04,2.84,9.114,9.144,8.654,8.75,9.13,9.031,8.871,8.621,57.999,0.167,0.103,0.373,6505327.0
焦作万方,000612,2025-10-23,9.13,9.41,9.45,9.11,565856,526572903.3,3.71,2.73,0.25,4.75,9.156,9.184,8.7,8.761,9.224,9.1,8.922,8.647,62.357,0.188,0.12,0.371,7071183.0
焦作万方,000612,2025-10-24,9.49,9.53,9.8,9.41,627952,599970431.65,4.14,1.28,0.12,5.27,9.264,9.239,8.77,8.772,9.326,9.178,8.98,8.676,64.273,0.212,0.139,0.372,7699135.0
焦作万方,000612,2025-10-27,9.49,9.71,9.72,9.4,643781,620440009.39,3.36,1.89,0.18,5.4,9.402,9.283,8.85,8.786,9.454,9.275,9.05,8.71,66.987,0.243,0.16,0.368,8342916.0
焦作万方,000612,2025-10-28,9.56,9.44,9.76,9.36,547830,522827623.46,4.12,-2.78,-0.27,4.6,9.45,9.311,8.921,8.8,9.449,9.305,9.087,8.733,59.665,0.243,0.176,0.371,7795086.0
焦作万方,000612,2025-10-29,9.42,10.02,10.09,9.39,762910,748681036.13,7.42,6.14,0.58,6.4,9.622,9.368,9.027,8.822,9.639,9.435,9.176,8.776,67.806,0.286,0.198,0.394,8557996.0
焦作万方,000612,2025-10-30,9.85,10.11,10.24,9.85,770998,778184851.36,3.89,0.9,0.09,6.47,9.762,9.459,9.134,8.848,9.796,9.558,9.265,8.819,68.857,0.324,0.224,0.394,9328994.0
焦作万方,000612,2025-10-31,10.3,10.27,10.56,10.18,800226,826580923.73,3.76,1.58,0.16,6.72,9.91,9.587,9.247,8.88,9.954,9.687,9.36,8.867,70.688,0.363,0.251,0.398,10129220.0
焦作万方,000612,2025-11-03,10.2,10.21,10.27,9.87,632655,636087661.47,3.89,-0.58,-0.06,5.31,10.01,9.706,9.357,8.911,10.039,9.782,9.441,8.911,69.048,0.385,0.278,0.398,9496565.0
焦作万方,000612,2025-11-04,10.17,9.98,10.28,9.88,479100,481108209.8,3.92,-2.25,-0.23,4.02,10.118,9.784,9.438,8.936,10.02,9.818,9.493,8.946,63.014,0.379,0.298,0.398,9017465.0
焦作万方,000612,2025-11-05,9.78,9.9,9.98,9.69,409008,404054143.95,2.91,-0.8,-0.08,3.43,10.094,9.858,9.501,8.958,9.98,9.833,9.531,8.977,61.017,0.363,0.311,0.39,8608457.0
焦作万方,000612,2025-11-06,9.91,10.74,10.89,9.85,1236403,1307883115.19,10.51,8.48,0.84,10.38,10.22,9.991,9.587,8.994,10.233,9.998,9.647,9.035,71.302,0.414,0.332,0.437,9844860.0
焦作万方,000612,2025-11-07,10.64,11.1,11.49,10.59,1200242,1317324301.94,8.38,3.35,0.36,10.07,10.386,10.148,9.693,9.033,10.522,10.198,9.785,9.103,74.418,0.478,0.361,0.47,11045102.0
焦作万方,000612,2025-11-10,11.25,11.08,11.3,10.9,824105,912669990.57,3.6,-0.18,-0.02,6.92,10.56,10.285,9.784,9.073,10.708,10.359,9.908,9.168,73.937,0.521,0.393,0.465,10220997.0
焦作万方,000612,2025-11-11,11.11,10.95,11.21,10.87,501359,550027417.84,3.07,-1.17,-0.13,4.21,10.754,10.436,9.873,9.11,10.789,10.466,10.008,9.226,70.742,0.538,0.422,0.456,9719638.0
焦作万方,000612,2025-11-12,10.96,11.4,11.65,10.85,1075771,1215794033.98,7.31,4.11,0.45,9.03,11.054,10.574,9.971,9.155,10.992,10.636,10.14,9.297,74.802,0.582,0.454,0.481,10795409.0
焦作万方,000612,2025-11-13,11.29,11.37,11.48,11.09,953020,1077410163.61,3.42,-0.26,-0.03,8.0,11.18,10.7,10.08,9.195,11.118,10.769,10.257,9.365,74.064,0.607,0.484,0.474,9842389.0
焦作万方,000612,2025-11-14,11.13,10.93,11.28,10.92,685526,760349218.4,3.17,-3.87,-0.44,5.75,11.146,10.766,10.176,9.229,11.056,10.799,10.321,9.417,64.081,0.584,0.504,0.472,9156863.0
焦作万方,000612,2025-11-17,10.83,10.52,10.89,10.49,649857,689744725.48,3.66,-3.75,-0.41,5.45,11.034,10.797,10.252,9.254,10.877,10.748,10.34,9.453,56.446,0.527,0.509,0.47,8507006.0
焦作万方,000612,2025-11-18,10.45,10.14,10.49,10.03,528627,538708167.57,4.37,-3.61,-0.38,4.44,10.872,10.813,10.298,9.271,10.631,10.637,10.321,9.475,50.446,0.446,0.496,0.471,7978379.0
焦作万方,000612,2025-11-19,10.15,10.23,10.32,10.02,400393,407340349.6,2.96,0.89,0.09,3.36,10.638,10.846,10.352,9.289,10.498,10.563,10.313,9.5,51.754,0.385,0.474,0.459,8378772.0
焦作万方,000612,2025-11-20,10.26,10.04,10.41,10.02,399075,407594266.95,3.81,-1.86,-0.19,3.35,10.372,10.776,10.384,9.3,10.345,10.468,10.287,9.518,48.825,0.317,0.443,0.454,7979697.0
焦作万方,000612,2025-11-21,9.82,9.43,9.83,9.4,521287,499716886.45,4.28,-6.08,-0.61,4.38,10.072,10.609,10.378,9.304,10.04,10.279,10.205,9.515,40.833,0.212,0.397,0.468,7458410.0
焦作万方,000612,2025-11-24,9.54,9.49,9.62,9.36,330462,313541301.59,2.76,0.64,0.06,2.77,9.866,10.45,10.368,9.309,9.857,10.136,10.137,9.514,41.841,0.132,0.344,0.453,7788872.0
焦作万方,000612,2025-11-25,9.67,9.57,9.68,9.51,311872,299473018.18,1.79,0.84,0.08,2.62,9.752,10.312,10.374,9.317,9.761,10.033,10.083,9.516,43.23,0.074,0.29,0.434,8100744.0
焦作万方,000612,2025-11-26,9.56,9.46,9.65,9.42,245996,234348190.21,2.4,-1.15,-0.11,2.06,9.598,10.118,10.346,9.324,9.661,9.929,10.024,9.514,41.754,0.019,0.236,0.419,7854748.0
焦作万方,000612,2025-11-27,9.63,9.48,9.74,9.48,359779,345957793.87,2.75,0.21,0.02,3.02,9.486,9.929,10.314,9.336,9.6,9.847,9.972,9.513,42.141,-0.023,0.184,0.409,8214527.0
焦作万方,000612,2025-11-28,9.45,9.63,9.64,9.4,271341,259245364.6,2.53,1.58,0.15,2.28,9.526,9.799,10.282,9.351,9.61,9.808,9.939,9.517,45.088,-0.043,0.139,0.397,8485868.0
焦作万方,000612,2025-12-01,9.81,9.86,10.11,9.75,528361,522850253.04,3.74,2.39,0.23,4.43,9.6,9.733,10.265,9.367,9.694,9.817,9.932,9.528,49.348,-0.04,0.103,0.403,9014229.0
焦作万方,000612,2025-12-02,9.82,9.7,9.82,9.61,289930,280692426.29,2.13,-1.62,-0.16,2.43,9.626,9.689,10.251,9.376,9.696,9.796,9.91,9.534,46.637,-0.05,0.072,0.392,8724299.0
焦作万方,000612,2025-12-03,9.7,10.0,10.2,9.67,595987,594255763.28,5.46,3.09,0.3,5.0,9.734,9.666,10.256,9.39,9.797,9.833,9.918,9.549,51.965,-0.034,0.051,0.402,9320286.0
焦作万方,000612,2025-12-04,10.15,9.89,10.23,9.85,477533,478435911.54,3.8,-1.1,-0.11,4.01,9.816,9.651,10.213,9.409,9.828,9.843,9.916,9.56,49.994,-0.029,0.035,0.401,8842753.0
焦作万方,000612,2025-12-05,9.94,10.38,10.38,9.9,721337,736226609.2,4.85,4.95,0.49,6.05,9.966,9.746,10.177,9.444,10.012,9.941,9.96,9.587,57.693,0.014,0.031,0.407,9564090.0
焦作万方,000612,2025-12-08,10.34,10.19,10.36,10.05,671662,682185715.38,2.99,-1.83,-0.19,5.64,10.032,9.816,10.133,9.469,10.071,9.986,9.982,9.607,54.208,0.032,0.031,0.401,8892428.0
焦作万方,000612,2025-12-09,10.11,9.7,10.11,9.66,624723,612011320.28,4.42,-4.81,-0.49,5.24,10.032,9.829,10.07,9.486,9.948,9.934,9.955,9.61,46.42,0.007,0.026,0.411,8267705.0
焦作万方,000612,2025-12-10,9.74,9.84,9.86,9.62,323356,315076774.14,2.47,1.44,0.14,2.71,10.0,9.867,9.992,9.506,9.912,9.917,9.944,9.617,48.688,-0.001,0.021,0.398,8591061.0
焦作万方,000612,2025-12-11,9.92,9.67,9.98,9.65,362326,355520715.93,3.35,-1.73,-0.17,3.04,9.956,9.886,9.907,9.522,9.831,9.872,9.918,9.619,46.135,-0.021,0.012,0.394,8228735.0
焦作万方,000612,2025-12-12,9.8,9.85,9.9,9.7,330565,324680206.2,2.07,1.86,0.18,2.77,9.85,9.908,9.853,9.54,9.837,9.868,9.911,9.627,49.175,-0.023,0.005,0.382,8559300.0
焦作万方,000612,2025-12-15,9.65,9.98,10.33,9.6,485001,487165894.65,7.41,1.32,0.13,4.07,9.808,9.92,9.826,9.556,9.885,9.888,9.918,9.638,51.312,-0.013,0.002,0.407,9044301.0
焦作万方,000612,2025-12-16,9.93,9.72,9.97,9.65,333544,324984725.03,3.21,-2.61,-0.26,2.8,9.812,9.922,9.805,9.573,9.83,9.858,9.899,9.641,47.05,-0.026,-0.004,0.401,8710757.0
焦作万方,000612,2025-12-17,9.76,9.93,9.98,9.65,326336,320703875.58,3.4,2.16,0.21,2.74,9.83,9.915,9.79,9.599,9.863,9.871,9.902,9.65,50.618,-0.019,-0.007,0.396,9037093.0
焦作万方,000612,2025-12-18,9.88,9.75,10.04,9.75,338716,334917155.62,2.92,-1.81,-0.18,2.84,9.846,9.901,9.776,9.62,9.826,9.849,9.888,9.654,47.654,-0.028,-0.011,0.389,8698377.0
焦作万方,000612,2025-12-19,9.77,10.1,10.15,9.71,492258,492098123.08,4.51,3.59,0.35,4.13,9.896,9.873,9.809,9.653,9.917,9.895,9.908,9.668,53.371,-0.007,-0.01,0.392,9190635.0
焦作万方,000612,2025-12-22,10.19,10.19,10.22,10.11,48692,49508566.44,1.09,0.89,0.09,0.41,9.938,9.873,9.844,9.687,10.008,9.948,9.935,9.685,54.739,0.017,-0.005,0.373,9239327.0
山推股份,000680,2025-01-02,9.56,9.46,9.98,9.37,363221,355807686.68,6.37,-1.25,-0.12,2.78,,,,,,,,,,,,,363221.0
山推股份,000680,2025-01-03,9.46,9.73,10.08,9.46,463420,461127666.46,6.55,2.85,0.27,3.54,,,,,,,,,,,,,826641.0
山推股份,000680,2025-01-06,9.62,9.75,10.08,9.62,353037,351704279.17,4.73,0.21,0.02,2.7,,,,,,,,,,,,,1179678.0
山推股份,000680,2025-01-07,9.69,9.58,9.93,9.38,289425,281944146.49,5.64,-1.74,-0.17,2.21,,,,,,,,,,,,,890253.0
山推股份,000680,2025-01-08,9.49,9.98,10.04,9.37,288756,283356869.89,6.99,4.18,0.4,2.21,9.7,,,,9.7,,,,,,,,1179009.0
山推股份,000680,2025-01-09,9.91,9.85,9.97,9.62,212473,209918895.22,3.51,-1.3,-0.13,1.62,9.778,,,,9.75,,,,,,,,966536.0
山推股份,000680,2025-01-10,9.87,9.59,9.92,9.56,223432,218575671.07,3.65,-2.64,-0.26,1.71,9.75,,,,9.697,,,,,,,,743104.0
山推股份,000680,2025-01-13,9.34,9.32,9.68,9.18,234805,223033267.28,5.21,-2.82,-0.27,1.8,9.664,,,,9.571,,,,,,,,508299.0
山推股份,000680,2025-01-14,9.31,10.12,10.2,9.26,474804,475350313.22,10.09,8.58,0.8,3.63,9.772,,,,9.754,,,,,,,,983103.0
山推股份,000680,2025-01-15,10.12,9.82,10.18,9.67,278487,277787244.42,5.04,-2.96,-0.3,2.13,9.74,9.72,,,9.776,9.72,,,,,,,704616.0
山推股份,000680,2025-01-16,9.96,10.0,10.28,9.89,233237,236890346.07,3.97,1.83,0.18,1.78,9.77,9.774,,,9.851,9.771,,,,,,,937853.0
山推股份,000680,2025-01-17,9.92,9.97,10.16,9.59,259211,258794583.61,5.7,-0.3,-0.03,1.98,9.846,9.798,,,9.89,9.807,,,,,,,678642.0
山推股份,000680,2025-01-20,9.94,9.96,10.28,9.91,217114,220661655.65,3.71,-0.1,-0.01,1.66,9.974,9.819,,,9.914,9.835,,,,,,,461528.0
山推股份,000680,2025-01-21,9.96,10.16,10.18,9.88,194567,197192701.88,3.01,2.01,0.2,1.49,9.982,9.877,,,9.996,9.894,,,,,,,656095.0
山推股份,000680,2025-01-22,10.09,10.02,10.31,9.9,177736,179809310.33,4.04,-1.38,-0.14,1.36,10.022,9.881,,,10.004,9.917,,,58.805,,,0.506,478359.0
山推股份,000680,2025-01-23,10.09,9.68,10.13,9.67,318351,314940118.26,4.59,-3.39,-0.34,2.43,9.958,9.864,,,9.896,9.874,,,52.733,,,0.502,160008.0
山推股份,000680,2025-01-24,9.66,9.6,9.76,9.53,207125,201528170.75,2.38,-0.83,-0.08,1.58,9.884,9.865,,,9.797,9.824,,,51.389,,,0.483,-47117.0
山推股份,000680,2025-01-27,9.61,9.94,10.06,9.59,333079,332571078.26,4.9,3.54,0.34,2.55,9.88,9.927,,,9.845,9.845,,,56.469,,,0.482,285962.0
山推股份,000680,2025-02-05,9.92,9.64,9.97,9.58,265458,260189414.12,3.92,-3.02,-0.3,2.03,9.776,9.879,,,9.777,9.808,,,51.368,,,0.475,20504.0
山推股份,000680,2025-02-06,9.63,9.14,9.64,8.91,619470,570513840.22,7.57,-5.19,-0.5,4.74,9.6,9.811,9.766,,9.564,9.686,9.766,,44.201,,,0.494,-598966.0
山推股份,000680,2025-02-07,9.01,9.86,9.92,8.87,601559,571047532.92,11.49,7.88,0.72,4.6,9.636,9.797,9.785,,9.663,9.718,9.774,,54.126,,,0.533,2593.0
山推股份,000680,2025-02-10,9.71,9.83,9.94,9.44,551702,539136669.24,5.07,-0.3,-0.03,4.22,9.682,9.783,9.79,,9.719,9.738,9.78,,53.698,,,0.531,-549109.0
山推股份,000680,2025-02-11,9.81,9.64,9.88,9.55,288869,281927735.71,3.36,-1.93,-0.19,2.21,9.622,9.751,9.785,,9.692,9.72,9.766,,50.946,,,0.517,-837978.0
山推股份,000680,2025-02-12,9.56,9.92,9.97,9.56,360484,358341103.1,4.25,2.9,0.28,2.76,9.678,9.727,9.802,,9.768,9.757,9.781,,54.635,,,0.509,-477494.0
山推股份,000680,2025-02-13,10.02,9.64,10.09,9.62,225695,223257193.74,4.74,-2.82,-0.28,1.73,9.778,9.689,9.785,,9.726,9.736,9.768,,50.542,,,0.506,-703189.0
山推股份,000680,2025-02-14,9.64,9.49,9.7,9.43,235056,226054220.96,2.8,-1.56,-0.15,1.8,9.704,9.67,9.767,,9.647,9.691,9.741,,48.448,,,0.489,-938245.0
山推股份,000680,2025-02-17,9.43,9.38,9.5,9.16,352521,331207100.04,3.58,-1.16,-0.11,2.7,9.614,9.648,9.756,,9.558,9.634,9.707,,46.913,,,0.479,-1290766.0
山推股份,000680,2025-02-18,9.37,9.29,9.45,9.22,206401,194701779.29,2.45,-0.96,-0.09,1.58,9.544,9.583,9.755,,9.469,9.572,9.667,,45.639,,,0.461,-1497167.0
山推股份,000680,2025-02-19,9.35,9.39,9.53,9.26,262305,249104700.63,2.91,1.08,0.1,2.01,9.438,9.558,9.718,,9.442,9.539,9.641,,47.35,,,0.447,-1234862.0
山推股份,000680,2025-02-20,9.39,9.3,9.39,9.18,192016,179200514.81,2.24,-0.96,-0.09,1.47,9.37,9.574,9.692,,9.395,9.495,9.608,,45.948,,,0.43,-1426878.0
山推股份,000680,2025-02-21,9.21,9.17,9.26,9.09,253924,234830586.45,1.83,-1.4,-0.13,1.94,9.306,9.505,9.651,,9.32,9.436,9.567,,43.925,,,0.415,-1680802.0
山推股份,000680,2025-02-24,9.17,9.43,9.49,9.11,404771,382600753.96,4.14,2.84,0.26,3.09,9.316,9.465,9.624,,9.357,9.435,9.554,,48.782,,,0.412,-1276031.0
山推股份,000680,2025-02-25,9.41,9.48,9.77,9.32,538451,521240664.37,4.77,0.53,0.05,4.12,9.354,9.449,9.6,,9.398,9.443,9.547,,49.684,,,0.415,-737580.0
山推股份,000680,2025-02-26,9.5,9.34,9.7,9.32,354167,338667126.36,4.01,-1.48,-0.14,2.71,9.344,9.391,9.559,,9.379,9.424,9.527,,47.178,-0.124,-0.111,0.412,-1091747.0
山推股份,000680,2025-02-27,9.35,9.32,9.48,9.17,370834,348513795.07,3.32,-0.21,-0.02,2.84,9.348,9.359,9.524,,9.359,9.405,9.507,,46.814,-0.125,-0.114,0.405,-1462581.0
山推股份,000680,2025-02-28,9.23,9.28,9.71,9.22,429374,411716862.72,5.26,-0.43,-0.04,3.28,9.37,9.338,9.504,,9.333,9.383,9.486,,46.05,-0.128,-0.116,0.411,-1891955.0
山推股份,000680,2025-03-03,9.26,9.67,9.86,9.24,611621,599251840.63,6.68,4.2,0.39,4.68,9.418,9.367,9.507,,9.445,9.435,9.503,,53.942,-0.097,-0.113,0.426,-1280334.0
山推股份,000680,2025-03-04,9.58,9.69,9.91,9.55,272021,268387052.85,3.72,0.21,0.02,2.08,9.46,9.407,9.495,,9.527,9.481,9.521,,54.311,-0.07,-0.104,0.421,-1008313.0
山推股份,000680,2025-03-05,10.01,10.67,10.67,9.96,630029,668652311.01,7.33,10.11,0.98,4.82,9.726,9.535,9.546,,9.908,9.697,9.63,,67.89,0.03,-0.077,0.461,-378284.0
山推股份,000680,2025-03-06,10.72,10.45,10.76,10.42,709828,753198135.39,3.19,-2.06,-0.22,5.43,9.952,9.65,9.612,,10.089,9.834,9.708,,63.339,0.09,-0.044,0.453,-1088112.0
山推股份,000680,2025-03-07,10.39,10.45,10.5,10.26,362261,379721623.25,2.3,0.0,0.0,2.77,10.186,9.778,9.641,,10.209,9.946,9.779,,63.339,0.136,-0.008,0.437,-1088112.0
山推股份,000680,2025-03-10,10.54,10.61,10.81,10.36,445902,477194708.91,4.31,1.53,0.16,3.41,10.374,9.896,9.68,,10.343,10.067,9.858,,65.301,0.184,0.031,0.438,-642210.0
山推股份,000680,2025-03-11,10.46,10.3,10.56,10.22,304214,317186077.59,3.2,-2.92,-0.31,2.33,10.496,9.978,9.713,,10.328,10.109,9.9,,58.742,0.194,0.063,0.435,-946424.0
山推股份,000680,2025-03-12,10.36,10.24,10.39,10.16,215613,222425910.93,2.23,-0.58,-0.06,1.65,10.41,10.068,9.729,,10.299,10.133,9.933,,57.537,0.195,0.09,0.42,-1162037.0
山推股份,000680,2025-03-13,10.24,10.0,10.26,9.92,229372,232668252.57,3.32,-2.34,-0.24,1.75,10.32,10.136,9.747,,10.199,10.109,9.939,,52.867,0.175,0.107,0.414,-1391409.0
山推股份,000680,2025-03-14,10.03,10.08,10.11,9.9,223703,226701892.21,2.1,0.8,0.08,1.71,10.246,10.216,9.777,,10.16,10.104,9.952,,54.201,0.163,0.118,0.4,-1167706.0
山推股份,000680,2025-03-17,10.13,9.98,10.15,9.88,168456,169658533.17,2.68,-0.99,-0.1,1.29,10.12,10.247,9.807,,10.1,10.081,9.955,,52.211,0.144,0.123,0.391,-1336162.0
山推股份,000680,2025-03-18,9.98,9.92,10.01,9.84,210708,210800822.9,1.7,-0.6,-0.06,1.61,10.044,10.27,9.838,,10.04,10.052,9.952,,51.001,0.123,0.123,0.375,-1546870.0
山推股份,000680,2025-03-19,9.89,10.0,10.03,9.84,221897,222665374.3,1.92,0.81,0.08,1.7,9.996,10.203,9.869,,10.027,10.042,9.956,,52.579,0.111,0.121,0.362,-1324973.0
山推股份,000680,2025-03-20,10.04,9.96,10.15,9.89,207661,209829530.36,2.6,-0.4,-0.04,1.59,9.988,10.154,9.902,,10.004,10.027,9.957,,51.683,0.098,0.116,0.354,-1532634.0
山推股份,000680,2025-03-21,9.93,9.73,10.06,9.73,217700,216647127.08,3.31,-2.31,-0.23,1.66,9.918,10.082,9.93,,9.913,9.973,9.935,,46.749,0.067,0.106,0.353,-1750334.0
山推股份,000680,2025-03-24,9.73,9.6,9.8,9.48,202947,197034623.56,3.29,-1.34,-0.13,1.55,9.842,9.981,9.938,,9.809,9.905,9.903,,44.182,0.033,0.092,0.35,-1953281.0
山推股份,000680,2025-03-25,9.6,9.43,9.64,9.39,172613,164987096.03,2.6,-1.77,-0.17,1.32,9.744,9.894,9.936,,9.682,9.819,9.858,,41.01,-0.008,0.072,0.343,-2125894.0
山推股份,000680,2025-03-26,9.39,9.42,9.52,9.36,140581,133764226.68,1.7,-0.11,-0.01,1.07,9.628,9.812,9.94,,9.595,9.746,9.816,,40.824,-0.041,0.049,0.33,-2266475.0
山推股份,000680,2025-03-27,9.42,9.39,9.44,9.29,113286,107302928.95,1.59,-0.32,-0.03,0.87,9.514,9.751,9.943,,9.527,9.682,9.776,,40.236,-0.069,0.025,0.317,-2379761.0
山推股份,000680,2025-03-28,9.39,9.4,9.49,9.31,154641,146847089.16,1.92,0.11,0.01,1.18,9.448,9.683,9.949,,9.484,9.63,9.74,,40.543,-0.089,0.002,0.307,-2225120.0
山推股份,000680,2025-03-31,9.38,8.97,9.38,8.9,291914,266852753.0,5.11,-4.57,-0.43,2.23,9.322,9.582,9.914,,9.313,9.51,9.667,,32.739,-0.138,-0.026,0.321,-2517034.0
山推股份,000680,2025-04-01,9.01,9.04,9.14,8.91,181983,166413188.7,2.56,0.78,0.07,1.39,9.244,9.494,9.882,,9.222,9.425,9.607,,34.935,-0.17,-0.055,0.315,-2335051.0
山推股份,000680,2025-04-02,9.02,8.85,9.06,8.83,269548,242966457.01,2.54,-2.1,-0.19,2.06,9.13,9.379,9.791,,9.098,9.32,9.535,,31.891,-0.207,-0.085,0.309,-2604599.0
山推股份,000680,2025-04-03,8.76,8.6,8.76,8.49,248138,216063938.11,3.05,-2.82,-0.25,1.9,8.972,9.243,9.698,9.692,8.932,9.189,9.446,9.692,28.387,-0.255,-0.119,0.312,-2852737.0
山推股份,000680,2025-04-07,7.98,7.73,8.04,7.73,218641,172684971.5,3.6,-10.12,-0.87,1.67,8.638,9.043,9.562,9.663,8.531,8.924,9.282,9.628,20.107,-0.358,-0.167,0.352,-3071378.0
山推股份,000680,2025-04-08,7.52,7.73,7.75,7.33,320145,245512539.44,5.43,0.0,0.0,2.44,8.39,8.856,9.418,9.63,8.264,8.707,9.135,9.565,20.107,-0.435,-0.22,0.357,-3071378.0
山推股份,000680,2025-04-09,7.59,7.9,7.99,7.27,279281,218165240.59,9.31,2.2,0.17,2.12,8.162,8.703,9.298,9.599,8.143,8.56,9.017,9.511,25.061,-0.477,-0.272,0.383,-2792097.0
山推股份,000680,2025-04-10,8.09,8.34,8.46,8.09,329988,276899423.27,4.68,5.57,0.44,2.51,8.06,8.595,9.203,9.578,8.209,8.52,8.953,9.472,36.103,-0.469,-0.311,0.396,-2462109.0
山推股份,000680,2025-04-11,8.32,8.65,8.8,8.24,512686,446508580.47,6.71,3.72,0.31,3.9,8.07,8.521,9.136,9.556,8.356,8.544,8.924,9.445,42.529,-0.433,-0.335,0.407,-1949423.0
山推股份,000680,2025-04-14,8.73,8.52,8.81,8.51,290427,252137823.94,3.47,-1.5,-0.13,2.21,8.228,8.433,9.058,9.534,8.41,8.539,8.885,9.415,40.681,-0.41,-0.35,0.4,-2239850.0
山推股份,000680,2025-04-15,8.65,8.57,8.7,8.45,195893,169968584.26,2.93,0.59,0.05,1.49,8.396,8.393,8.987,9.517,8.464,8.545,8.855,9.387,41.73,-0.383,-0.357,0.389,-2043957.0
山推股份,000680,2025-04-16,8.54,8.33,8.54,8.27,175284,148279979.0,3.15,-2.8,-0.24,1.33,8.482,8.322,8.908,9.5,8.419,8.506,8.805,9.353,38.236,-0.377,-0.361,0.383,-2219241.0
山推股份,000680,2025-04-17,8.34,8.54,8.59,8.32,164252,141093468.13,3.24,2.52,0.21,1.25,8.522,8.291,8.835,9.474,8.459,8.512,8.78,9.326,42.752,-0.351,-0.359,0.375,-2054989.0
山推股份,000680,2025-04-18,8.47,8.54,8.71,8.47,103023,89544587.07,2.81,0.0,0.0,0.78,8.5,8.285,8.764,9.453,8.486,8.517,8.757,9.3,42.752,-0.327,-0.353,0.365,-2054989.0
山推股份,000680,2025-04-21,8.56,8.94,8.98,8.48,245312,218699399.58,5.85,4.68,0.4,1.87,8.584,8.406,8.724,9.435,8.638,8.594,8.775,9.289,50.714,-0.272,-0.337,0.375,-1809677.0
山推股份,000680,2025-04-22,8.93,9.29,9.33,8.85,278358,257155730.51,5.37,3.91,0.35,2.12,8.728,8.562,8.709,9.424,8.855,8.721,8.824,9.289,56.424,-0.199,-0.309,0.382,-1531319.0
山推股份,000680,2025-04-23,9.39,9.32,9.64,9.28,267096,253562793.29,3.88,0.32,0.03,2.03,8.926,8.704,8.703,9.413,9.01,8.83,8.871,9.29,56.885,-0.136,-0.274,0.381,-1264223.0
山推股份,000680,2025-04-24,9.33,9.07,9.37,8.96,363124,332939899.21,4.4,-2.68,-0.25,2.76,9.032,8.777,8.686,9.395,9.03,8.873,8.89,9.282,51.952,-0.106,-0.241,0.383,-1627347.0
山推股份,000680,2025-04-25,9.07,9.1,9.14,8.98,139414,127844023.5,1.76,0.33,0.03,1.06,9.144,8.822,8.671,9.38,9.053,8.915,8.91,9.276,52.484,-0.078,-0.208,0.367,-1487933.0
山推股份,000680,2025-04-28,9.08,8.95,9.22,8.92,149662,137168118.2,3.3,-1.65,-0.15,1.14,9.146,8.865,8.649,9.368,9.019,8.921,8.914,9.266,49.528,-0.068,-0.18,0.362,-1637595.0
山推股份,000680,2025-04-29,8.95,8.97,9.05,8.89,134587,121709122.27,1.79,0.22,0.02,1.02,9.082,8.905,8.649,9.357,9.003,8.93,8.919,9.256,49.933,-0.057,-0.155,0.348,-1503008.0
山推股份,000680,2025-04-30,8.81,8.62,8.96,8.41,414576,361263616.26,6.13,-3.9,-0.35,3.15,8.942,8.934,8.628,9.335,8.875,8.874,8.891,9.235,43.375,-0.076,-0.14,0.363,-1917584.0
山推股份,000680,2025-05-06,8.71,8.7,8.75,8.55,231981,202936415.62,2.32,0.93,0.08,1.76,8.868,8.95,8.62,9.319,8.817,8.842,8.872,9.218,45.149,-0.084,-0.128,0.351,-1685603.0
山推股份,000680,2025-05-07,8.81,8.79,9.01,8.74,234077,209771734.35,3.1,1.03,0.09,1.78,8.806,8.975,8.63,9.314,8.808,8.833,8.865,9.204,47.154,-0.081,-0.119,0.348,-1451526.0
山推股份,000680,2025-05-08,8.83,9.01,9.04,8.73,190796,172009927.86,3.53,2.5,0.22,1.45,8.818,8.982,8.694,9.299,8.875,8.865,8.878,9.197,51.792,-0.061,-0.107,0.345,-1260730.0
山推股份,000680,2025-05-09,9.05,9.05,9.12,8.98,143028,130756134.24,1.55,0.44,0.04,1.09,8.834,8.958,8.76,9.286,8.933,8.898,8.895,9.192,52.607,-0.042,-0.094,0.331,-1117702.0
山推股份,000680,2025-05-12,9.16,9.14,9.2,9.0,149591,137447499.03,2.21,0.99,0.09,1.14,8.938,8.94,8.822,9.278,9.002,8.942,8.918,9.191,54.471,-0.018,-0.079,0.321,-968111.0
山推股份,000680,2025-05-13,9.21,9.12,9.22,9.07,121870,112349179.17,1.64,-0.22,-0.02,0.93,9.022,8.945,8.861,9.265,9.042,8.975,8.937,9.188,53.963,-0.002,-0.064,0.309,-1089981.0
山推股份,000680,2025-05-14,9.11,9.06,9.16,8.98,154713,141247697.31,1.97,-0.66,-0.06,1.18,9.076,8.941,8.881,9.255,9.048,8.99,8.949,9.184,52.385,0.007,-0.05,0.3,-1244694.0
山推股份,000680,2025-05-15,9.02,8.89,9.04,8.83,117539,105639813.11,2.32,-1.88,-0.17,0.89,9.052,8.935,8.9,9.245,8.995,8.972,8.943,9.175,48.093,-0.001,-0.04,0.295,-1362233.0
山推股份,000680,2025-05-16,8.86,8.91,8.99,8.85,69592,62724229.84,1.57,0.22,0.02,0.53,9.024,8.929,8.917,9.237,8.967,8.961,8.94,9.166,48.626,-0.005,-0.033,0.284,-1292641.0
山推股份,000680,2025-05-19,8.9,8.63,8.91,8.62,184987,162826885.0,3.25,-3.14,-0.28,1.41,8.922,8.93,8.932,9.226,8.855,8.901,8.911,9.148,42.105,-0.03,-0.032,0.284,-1477628.0
山推股份,000680,2025-05-20,8.65,8.87,8.95,8.59,181421,160841780.84,4.17,2.78,0.24,1.38,8.872,8.947,8.948,9.218,8.86,8.895,8.907,9.139,48.483,-0.03,-0.032,0.29,-1296207.0
山推股份,000680,2025-05-21,8.82,8.94,9.01,8.81,132782,119569688.05,2.25,0.79,0.07,1.01,8.848,8.962,8.968,9.212,8.886,8.903,8.91,9.133,50.206,-0.025,-0.03,0.283,-1163425.0
山推股份,000680,2025-05-22,8.91,8.91,9.06,8.87,140634,127174442.34,2.13,-0.34,-0.03,1.07,8.852,8.952,8.967,9.207,8.894,8.904,8.91,9.125,49.442,-0.022,-0.029,0.277,-1304059.0
山推股份,000680,2025-05-23,8.89,8.81,8.97,8.81,82293,73873967.3,1.8,-1.12,-0.1,0.63,8.832,8.928,8.943,9.197,8.866,8.887,8.9,9.115,46.884,-0.028,-0.029,0.268,-1386352.0
山推股份,000680,2025-05-26,8.76,8.72,8.85,8.69,95595,84649163.6,1.82,-1.02,-0.09,0.73,8.85,8.886,8.913,9.184,8.817,8.857,8.883,9.102,44.645,-0.04,-0.031,0.261,-1481947.0
山推股份,000680,2025-05-27,8.77,8.54,8.8,8.48,165814,143772672.0,3.67,-2.06,-0.18,1.26,8.784,8.828,8.887,9.171,8.725,8.799,8.851,9.084,40.481,-0.063,-0.037,0.265,-1647761.0
山推股份,000680,2025-05-28,8.55,8.55,8.6,8.46,112458,96919690.3,1.64,0.12,0.01,0.86,8.706,8.777,8.859,9.158,8.667,8.754,8.822,9.066,40.811,-0.079,-0.046,0.256,-1535303.0
山推股份,000680,2025-05-29,8.62,8.93,9.21,8.61,363115,329603404.85,7.02,4.44,0.38,2.76,8.71,8.781,8.858,9.152,8.754,8.786,8.832,9.062,51.765,-0.061,-0.049,0.285,-1172188.0
山推股份,000680,2025-05-30,8.91,9.04,9.11,8.81,297819,270115355.12,3.36,1.23,0.11,2.27,8.756,8.794,8.862,9.142,8.85,8.832,8.852,9.061,54.396,-0.037,-0.046,0.286,-874369.0
山推股份,000680,2025-06-03,8.98,8.82,9.02,8.73,208692,186056171.24,3.21,-2.43,-0.22,1.59,8.776,8.813,8.872,9.127,8.84,8.83,8.849,9.053,48.677,-0.036,-0.044,0.288,-1083061.0
山推股份,000680,2025-06-04,8.84,8.83,8.88,8.78,105865,94367250.0,1.13,0.11,0.01,0.81,8.834,8.809,8.878,9.096,8.836,8.83,8.847,9.046,48.94,-0.033,-0.042,0.274,-977196.0
山推股份,000680,2025-06-05,8.85,9.14,9.17,8.81,211174,192336077.66,4.08,3.51,0.31,1.61,8.952,8.829,8.896,9.075,8.938,8.886,8.875,9.049,56.394,-0.006,-0.035,0.28,-766022.0
山推股份,000680,2025-06-06,9.17,9.11,9.21,9.0,127980,117756277.18,2.3,-0.33,-0.03,0.97,8.988,8.849,8.901,9.052,8.995,8.927,8.897,9.051,55.548,0.013,-0.025,0.275,-894002.0
山推股份,000680,2025-06-09,9.11,8.95,9.12,8.91,202888,183443252.48,2.31,-1.76,-0.16,1.54,8.97,8.863,8.896,9.025,8.98,8.931,8.902,9.048,51.146,0.015,-0.017,0.271,-1096890.0
山推股份,000680,2025-06-10,8.96,8.89,9.11,8.82,185693,167841589.0,3.24,-0.67,-0.06,1.41,8.984,8.88,8.883,9.001,8.95,8.924,8.901,9.042,49.56,0.011,-0.012,0.272,-1282583.0
山推股份,000680,2025-06-11,8.89,9.01,9.21,8.88,183989,168568446.34,3.71,1.35,0.12,1.4,9.02,8.927,8.878,8.981,8.97,8.939,8.912,9.041,52.718,0.018,-0.006,0.276,-1098594.0
山推股份,000680,2025-06-12,9.02,9.05,9.12,8.94,97844,89406999.33,2.0,0.44,0.04,0.74,9.002,8.977,8.877,8.965,8.997,8.959,8.925,9.042,53.758,0.026,0.001,0.269,-1000750.0
山推股份,000680,2025-06-13,9.03,8.92,9.04,8.91,93975,84912464.65,1.44,-1.44,-0.13,0.71,8.964,8.976,8.879,8.945,8.971,8.952,8.924,9.038,49.917,0.022,0.005,0.26,-1094725.0
山推股份,000680,2025-06-16,8.91,8.86,8.94,8.79,96810,86622382.5,1.68,-0.67,-0.06,0.74,8.946,8.958,8.876,8.927,8.934,8.936,8.918,9.032,48.205,0.013,0.007,0.252,-1191535.0
山推股份,000680,2025-06-17,8.92,8.94,9.04,8.86,110731,100079933.0,2.03,0.9,0.08,0.84,8.956,8.97,8.892,8.91,8.936,8.936,8.92,9.029,50.636,0.013,0.008,0.247,-1080804.0
山推股份,000680,2025-06-18,8.9,9.04,9.15,8.88,124441,113810482.06,3.02,1.12,0.1,0.95,8.962,8.991,8.9,8.894,8.971,8.955,8.932,9.029,53.569,0.021,0.01,0.249,-956363.0
山推股份,000680,2025-06-19,8.99,8.85,9.08,8.82,125347,112968204.96,2.88,-2.1,-0.19,0.95,8.922,8.962,8.896,8.876,8.93,8.936,8.924,9.023,47.762,0.011,0.011,0.249,-1081710.0
山推股份,000680,2025-06-20,8.84,8.74,8.91,8.72,94639,84020545.5,2.15,-1.24,-0.11,0.72,8.886,8.925,8.887,8.859,8.867,8.9,8.906,9.014,44.739,-0.005,0.007,0.245,-1176349.0
山推股份,000680,2025-06-23,8.69,8.57,8.74,8.54,204488,177824942.43,2.29,-1.95,-0.17,1.56,8.828,8.887,8.875,8.842,8.768,8.84,8.874,8.999,40.474,-0.031,-0.0,0.242,-1380837.0
山推股份,000680,2025-06-24,8.66,8.89,8.99,8.59,250325,223310049.65,4.67,3.73,0.32,1.9,8.818,8.887,8.884,8.833,8.809,8.849,8.876,8.996,50.114,-0.026,-0.005,0.255,-1130512.0
山推股份,000680,2025-06-25,8.86,8.99,8.99,8.78,161947,145356137.1,2.36,1.12,0.1,1.23,8.808,8.885,8.906,8.826,8.869,8.875,8.887,8.996,52.692,-0.014,-0.007,0.252,-968565.0
山推股份,000680,2025-06-26,8.95,8.91,9.09,8.91,120417,109261010.23,2.0,-0.89,-0.08,0.92,8.82,8.871,8.924,8.818,8.883,8.881,8.889,8.993,50.446,-0.01,-0.008,0.246,-1088982.0
山推股份,000680,2025-06-27,8.91,9.01,9.14,8.91,153167,140134224.55,2.58,1.12,0.1,1.17,8.874,8.88,8.928,8.812,8.925,8.905,8.9,8.993,53.135,0.001,-0.006,0.245,-935815.0
山推股份,000680,2025-06-30,9.02,8.88,9.04,8.86,160087,144155003.05,2.0,-1.44,-0.13,1.22,8.936,8.882,8.92,8.81,8.91,8.9,8.899,8.99,49.383,-0.001,-0.005,0.241,-1095902.0
山推股份,000680,2025-07-01,8.89,8.97,8.98,8.82,149500,134744276.66,1.8,1.01,0.09,1.14,8.952,8.885,8.928,8.809,8.93,8.913,8.905,8.989,51.915,0.005,-0.003,0.235,-946402.0
山推股份,000680,2025-07-02,8.94,9.05,9.34,8.9,276112,254204009.29,4.91,0.89,0.08,2.1,8.964,8.886,8.939,8.812,8.97,8.938,8.919,8.991,54.111,0.015,0.001,0.249,-670290.0
山推股份,000680,2025-07-03,9.07,8.94,9.08,8.89,152399,137700430.85,2.1,-1.22,-0.11,1.16,8.97,8.895,8.929,8.818,8.96,8.938,8.921,8.989,50.683,0.015,0.003,0.245,-822689.0
山推股份,000680,2025-07-04,8.93,9.04,9.13,8.89,186948,170804112.59,2.68,1.12,0.1,1.42,8.976,8.925,8.925,8.84,8.987,8.957,8.932,8.991,53.563,0.022,0.007,0.245,-635741.0
山推股份,000680,2025-07-07,9.04,9.29,9.35,8.99,306664,285391084.01,3.98,2.77,0.25,2.33,9.058,8.997,8.942,8.866,9.088,9.017,8.966,9.001,59.874,0.048,0.015,0.253,-329077.0
山推股份,000680,2025-07-08,9.32,9.38,9.39,9.22,176046,165867351.99,1.83,0.97,0.09,1.34,9.14,9.046,8.967,8.89,9.185,9.083,9.006,9.013,61.882,0.074,0.027,0.247,-153031.0
山推股份,000680,2025-07-09,9.34,9.21,9.34,9.17,141811,132410698.6,1.81,-1.81,-0.17,1.08,9.172,9.068,8.977,8.905,9.193,9.106,9.025,9.02,56.164,0.081,0.038,0.244,-294842.0
山推股份,000680,2025-07-10,9.21,9.22,9.26,9.02,167316,154492390.06,2.61,0.11,0.01,1.27,9.228,9.099,8.985,8.914,9.202,9.127,9.044,9.026,56.419,0.086,0.048,0.244,-127526.0
山推股份,000680,2025-07-11,9.27,9.22,9.39,9.2,146967,137474019.44,2.06,0.0,0.0,1.12,9.264,9.12,9.0,8.926,9.208,9.144,9.061,9.033,56.419,0.089,0.056,0.24,-127526.0
山推股份,000680,2025-07-14,9.18,9.49,9.63,9.17,265758,253419745.21,4.99,2.93,0.27,2.02,9.304,9.181,9.032,8.941,9.302,9.207,9.102,9.048,63.137,0.111,0.067,0.256,138232.0
山推股份,000680,2025-07-15,9.51,9.36,9.64,9.28,173994,163860904.57,3.79,-1.37,-0.13,1.32,9.3,9.22,9.053,8.959,9.321,9.235,9.126,9.058,58.464,0.118,0.077,0.263,-35762.0
山推股份,000680,2025-07-16,9.36,9.36,9.42,9.28,115113,107884925.39,1.5,0.0,0.0,0.88,9.33,9.251,9.069,8.972,9.334,9.257,9.148,9.068,58.464,0.121,0.086,0.255,-35762.0
山推股份,000680,2025-07-17,9.35,9.37,9.5,9.28,139530,131192451.03,2.35,0.11,0.01,1.06,9.36,9.294,9.095,8.986,9.346,9.278,9.17,9.078,58.737,0.123,0.093,0.252,103768.0
山推股份,000680,2025-07-18,9.38,9.22,9.43,9.18,172500,160176720.42,2.67,-1.6,-0.15,1.31,9.36,9.312,9.119,8.991,9.304,9.267,9.174,9.082,53.109,0.112,0.097,0.252,-68732.0
山推股份,000680,2025-07-21,9.57,9.96,10.06,9.3,624458,608294102.91,8.24,8.03,0.74,4.75,9.454,9.379,9.188,9.002,9.523,9.393,9.249,9.111,68.926,0.16,0.11,0.294,555726.0
山推股份,000680,2025-07-22,10.04,10.51,10.85,9.77,931752,951337841.51,10.84,5.52,0.55,7.09,9.684,9.492,9.269,9.022,9.852,9.596,9.369,9.157,75.532,0.241,0.136,0.35,1487478.0
山推股份,000680,2025-07-23,10.65,9.95,10.66,9.92,665161,675169574.76,7.04,-5.33,-0.56,5.06,9.802,9.566,9.317,9.036,9.885,9.661,9.425,9.183,61.253,0.256,0.16,0.378,822317.0
山推股份,000680,2025-07-24,10.26,10.39,10.53,10.16,813137,843675332.96,3.72,4.42,0.44,6.18,10.006,9.683,9.391,9.058,10.053,9.793,9.516,9.223,66.597,0.3,0.188,0.392,1635454.0
山推股份,000680,2025-07-25,10.43,10.0,10.49,9.93,577567,586847464.91,5.39,-3.75,-0.39,4.39,10.162,9.761,9.441,9.075,10.035,9.831,9.563,9.248,58.85,0.3,0.21,0.404,1057887.0
山推股份,000680,2025-07-28,9.95,11.0,11.0,9.76,717601,745235715.98,12.4,10.0,1.0,5.46,10.37,9.912,9.547,9.109,10.357,10.043,9.699,9.305,68.854,0.377,0.244,0.464,1775488.0
山推股份,000680,2025-07-29,10.87,10.68,11.22,10.42,1076156,1150914290.04,7.27,-2.91,-0.32,8.19,10.404,10.044,9.632,9.144,10.465,10.159,9.793,9.351,63.531,0.407,0.276,0.488,699332.0
山推股份,000680,2025-07-30,10.47,10.17,10.62,10.12,639466,661725337.22,4.68,-4.78,-0.51,4.86,10.448,10.125,9.688,9.168,10.366,10.161,9.829,9.377,56.089,0.385,0.298,0.493,59866.0
山推股份,000680,2025-07-31,10.18,9.92,10.24,9.83,437879,439207958.18,4.03,-2.46,-0.25,3.33,10.354,10.18,9.737,9.187,10.218,10.117,9.837,9.395,52.823,0.344,0.307,0.487,-378013.0
山推股份,000680,2025-08-01,9.96,9.86,9.97,9.8,268797,265805025.49,1.71,-0.6,-0.06,2.04,10.326,10.244,9.778,9.201,10.098,10.071,9.84,9.41,52.04,0.302,0.306,0.465,-646810.0
山推股份,000680,2025-08-04,9.72,9.74,9.78,9.57,353247,343063607.71,2.13,-1.22,-0.12,2.69,10.074,10.222,9.801,9.213,9.979,10.01,9.83,9.421,50.429,0.257,0.296,0.452,-1000057.0
山推股份,000680,2025-08-05,9.74,9.84,9.85,9.67,261029,256278323.67,1.85,1.03,0.1,1.99,9.906,10.155,9.824,9.224,9.933,9.979,9.831,9.435,51.769,0.227,0.282,0.433,-739028.0
山推股份,000680,2025-08-06,9.78,9.93,10.03,9.77,284240,282709957.47,2.64,0.91,0.09,2.16,9.858,10.153,9.86,9.238,9.932,9.97,9.84,9.451,53.0,0.208,0.268,0.42,-454788.0
山推股份,000680,2025-08-07,9.96,10.08,10.37,9.8,424377,426953617.06,5.74,1.51,0.15,3.23,9.89,10.122,9.903,9.255,9.981,9.99,9.863,9.472,55.059,0.202,0.254,0.431,-30411.0
山推股份,000680,2025-08-08,10.07,10.04,10.17,9.94,443157,446973458.51,2.28,-0.4,-0.04,3.37,9.926,10.126,9.944,9.274,10.001,9.999,9.88,9.49,54.375,0.192,0.242,0.417,-473568.0
山推股份,000680,2025-08-11,10.15,10.09,10.19,10.0,291364,294036751.85,1.89,0.5,0.05,2.22,9.996,10.035,9.974,9.294,10.031,10.016,9.9,9.51,55.125,0.187,0.231,0.4,-182204.0
山推股份,000680,2025-08-12,10.06,10.09,10.11,9.99,249691,251521947.4,1.19,0.0,0.0,1.9,10.046,9.976,10.01,9.318,10.05,10.029,9.918,9.529,55.125,0.18,0.221,0.38,-182204.0
山推股份,000680,2025-08-13,10.08,10.01,10.11,9.99,258061,259558694.55,1.19,-0.79,-0.08,1.96,10.062,9.96,10.043,9.337,10.037,10.026,9.927,9.545,53.492,0.166,0.21,0.362,-440265.0
山推股份,000680,2025-08-14,10.01,9.78,10.03,9.77,298455,296036079.25,2.6,-2.3,-0.23,2.27,10.002,9.946,10.063,9.351,9.951,9.981,9.913,9.553,48.999,0.135,0.195,0.355,-738720.0
山推股份,000680,2025-08-15,9.78,9.92,9.98,9.78,206200,204866778.73,2.04,1.43,0.14,1.57,9.978,9.952,10.098,9.368,9.941,9.97,9.914,9.565,51.661,0.121,0.18,0.344,-532520.0
山推股份,000680,2025-08-18,9.93,9.89,9.98,9.87,255121,253396219.5,1.11,-0.3,-0.03,1.94,9.938,9.967,10.095,9.386,9.924,9.955,9.911,9.575,51.046,0.105,0.165,0.327,-787641.0
山推股份,000680,2025-08-19,9.87,9.78,9.94,9.77,286920,283116778.62,1.72,-1.11,-0.11,2.18,9.876,9.961,10.058,9.403,9.876,9.924,9.899,9.582,48.755,0.083,0.149,0.316,-1074561.0
山推股份,000680,2025-08-20,9.78,9.81,9.82,9.66,231350,225901150.62,1.64,0.31,0.03,1.76,9.836,9.949,10.051,9.425,9.854,9.903,9.89,9.59,49.421,0.068,0.133,0.305,-843211.0
山推股份,000680,2025-08-21,9.82,9.86,9.94,9.8,259111,256664428.35,1.43,0.51,0.05,1.97,9.852,9.927,10.025,9.446,9.856,9.895,9.887,9.598,50.576,0.059,0.118,0.293,-584100.0
山推股份,000680,2025-08-22,9.82,9.84,9.89,9.79,191355,188555765.91,1.01,-0.2,-0.02,1.46,9.836,9.907,10.017,9.462,9.851,9.885,9.883,9.606,50.083,0.049,0.104,0.279,-775455.0
山推股份,000680,2025-08-25,9.92,9.97,10.0,9.82,372190,370405781.14,1.83,1.32,0.13,2.83,9.852,9.895,9.965,9.477,9.89,9.901,9.891,9.618,53.268,0.052,0.094,0.272,-403265.0
山推股份,000680,2025-08-26,9.97,9.9,9.98,9.88,234933,233696378.97,1.0,-0.7,-0.07,1.79,9.876,9.876,9.926,9.495,9.894,9.9,9.892,9.627,51.368,0.047,0.084,0.26,-638198.0
山推股份,000680,2025-08-27,9.91,9.67,9.95,9.66,330418,325515824.71,2.93,-2.32,-0.23,2.51,9.848,9.842,9.901,9.509,9.819,9.859,9.871,9.629,45.61,0.025,0.072,0.262,-968616.0
山推股份,000680,2025-08-28,9.67,9.57,9.71,9.33,302930,289550396.88,3.93,-1.03,-0.1,2.3,9.79,9.821,9.884,9.516,9.736,9.806,9.842,9.627,43.336,-0.001,0.058,0.27,-1271546.0
山推股份,000680,2025-08-29,9.62,9.6,9.65,9.52,187158,179980692.99,1.36,0.31,0.03,1.42,9.742,9.789,9.871,9.524,9.691,9.769,9.819,9.626,44.234,-0.018,0.043,0.26,-1084388.0
山推股份,000680,2025-09-01,9.63,9.65,9.7,9.54,161428,155804352.85,1.67,0.52,0.05,1.23,9.678,9.765,9.866,9.536,9.677,9.747,9.803,9.627,45.777,-0.028,0.029,0.253,-922960.0
山推股份,000680,2025-09-02,9.66,9.66,9.71,9.57,183443,177278141.87,1.45,0.1,0.01,1.4,9.63,9.753,9.857,9.549,9.671,9.731,9.789,9.628,46.098,-0.034,0.016,0.245,-739517.0
山推股份,000680,2025-09-03,9.68,9.54,9.85,9.49,205407,199109747.27,3.73,-1.24,-0.12,1.56,9.604,9.726,9.838,9.558,9.628,9.696,9.766,9.625,42.82,-0.049,0.003,0.253,-944924.0
山推股份,000680,2025-09-04,9.5,9.29,9.56,9.25,186954,176362843.64,3.25,-2.62,-0.25,1.42,9.548,9.669,9.798,9.562,9.515,9.623,9.72,9.614,36.928,-0.079,-0.013,0.257,-1131878.0
山推股份,000680,2025-09-05,9.29,9.42,9.43,9.29,129124,121627775.81,1.51,1.4,0.13,0.98,9.512,9.627,9.767,9.57,9.483,9.586,9.692,9.608,41.44,-0.092,-0.029,0.249,-1002754.0
山推股份,000680,2025-09-08,9.43,9.54,9.56,9.38,147435,140252638.09,1.91,1.27,0.12,1.12,9.49,9.584,9.74,9.581,9.502,9.577,9.677,9.605,45.329,-0.091,-0.042,0.244,-855319.0
山推股份,000680,2025-09-09,9.5,9.89,9.94,9.5,485929,478487088.32,4.61,3.67,0.35,3.7,9.536,9.583,9.729,9.597,9.632,9.634,9.698,9.615,54.763,-0.062,-0.046,0.258,-369390.0
山推股份,000680,2025-09-10,9.84,9.72,9.85,9.66,210529,205366630.5,1.92,-1.72,-0.17,1.6,9.572,9.588,9.715,9.609,9.661,9.65,9.7,9.618,50.229,-0.051,-0.047,0.256,-579919.0
山推股份,000680,2025-09-11,9.68,9.68,9.75,9.6,198315,191728364.96,1.54,-0.41,-0.04,1.51,9.65,9.599,9.71,9.622,9.667,9.655,9.698,9.62,49.197,-0.046,-0.047,0.248,-778234.0
山推股份,000680,2025-09-12,9.69,9.66,9.71,9.64,146117,141697517.92,0.72,-0.21,-0.02,1.11,9.698,9.605,9.697,9.638,9.665,9.656,9.694,9.622,48.659,-0.043,-0.046,0.236,-924351.0
山推股份,000680,2025-09-15,9.68,9.45,9.7,9.42,235302,223995014.22,2.9,-2.17,-0.21,1.79,9.68,9.585,9.675,9.652,9.593,9.619,9.671,9.616,43.301,-0.057,-0.048,0.239,-1159653.0
山推股份,000680,2025-09-16,9.46,9.52,9.55,9.41,125061,118921079.43,1.48,0.74,0.07,0.95,9.606,9.571,9.662,9.663,9.569,9.601,9.657,9.613,45.457,-0.061,-0.051,0.232,-1034592.0
山推股份,000680,2025-09-17,9.48,9.56,9.64,9.41,182358,174213402.95,2.42,0.42,0.04,1.39,9.574,9.573,9.65,9.672,9.566,9.593,9.647,9.611,46.704,-0.061,-0.053,0.232,-852234.0
山推股份,000680,2025-09-18,9.54,9.42,9.58,9.38,183334,174423951.14,2.09,-1.46,-0.14,1.39,9.522,9.586,9.628,9.681,9.517,9.562,9.626,9.605,42.998,-0.071,-0.056,0.229,-1035568.0
山推股份,000680,2025-09-19,9.41,10.12,10.26,9.38,957504,953697390.52,9.34,7.43,0.7,7.28,9.614,9.656,9.641,9.699,9.718,9.663,9.673,9.622,60.062,-0.022,-0.05,0.276,-78064.0
山推股份,000680,2025-09-22,10.16,9.94,10.2,9.84,386711,385583632.76,3.56,-1.78,-0.18,2.94,9.712,9.696,9.64,9.717,9.792,9.714,9.698,9.632,55.464,0.002,-0.039,0.282,-464775.0
山推股份,000680,2025-09-23,9.94,9.81,10.0,9.6,301134,295179263.68,4.02,-1.31,-0.13,2.29,9.77,9.688,9.635,9.731,9.798,9.731,9.709,9.638,52.347,0.01,-0.029,0.29,-765909.0
山推股份,000680,2025-09-24,9.76,10.28,10.35,9.68,697437,713263568.68,6.83,4.79,0.47,5.3,9.914,9.744,9.666,9.752,9.959,9.831,9.763,9.659,60.902,0.054,-0.013,0.317,-68472.0
山推股份,000680,2025-09-25,10.27,10.04,10.4,9.99,530819,538373648.67,3.99,-2.33,-0.24,4.04,10.038,9.78,9.689,9.77,9.986,9.869,9.79,9.672,55.43,0.069,0.004,0.324,-599291.0
山推股份,000680,2025-09-26,10.01,9.89,10.24,9.87,347395,348611806.72,3.69,-1.49,-0.15,2.64,9.992,9.803,9.704,9.784,9.954,9.873,9.799,9.679,52.269,0.067,0.016,0.327,-946686.0
山推股份,000680,2025-09-29,9.88,10.15,10.35,9.81,410305,414877564.87,5.46,2.63,0.26,3.12,10.034,9.873,9.729,9.798,10.019,9.923,9.833,9.694,56.861,0.086,0.03,0.343,-536381.0
山推股份,000680,2025-09-30,10.16,10.35,10.48,10.06,417340,429727660.58,4.14,1.97,0.2,3.17,10.142,9.956,9.763,9.815,10.129,10.001,9.882,9.716,60.045,0.116,0.048,0.348,-119041.0
山推股份,000680,2025-10-09,10.36,10.23,10.43,10.06,317241,322326002.1,3.57,-1.16,-0.12,2.41,10.132,10.023,9.798,9.832,10.163,10.042,9.915,9.732,57.312,0.129,0.064,0.35,-436282.0
山推股份,000680,2025-10-10,10.25,10.3,10.5,10.2,347755,360232554.92,2.93,0.68,0.07,2.65,10.184,10.111,9.848,9.85,10.209,10.089,9.952,9.751,58.498,0.143,0.08,0.346,-88527.0
山推股份,000680,2025-10-13,10.0,10.65,10.72,9.91,592822,618276518.6,7.86,3.4,0.35,4.51,10.336,10.164,9.91,9.873,10.356,10.191,10.018,9.781,63.903,0.18,0.1,0.379,504295.0
山推股份,000680,2025-10-14,10.95,11.36,11.72,10.76,981269,1125332512.22,9.01,6.67,0.71,7.46,10.578,10.306,10.001,9.905,10.691,10.404,10.146,9.832,71.897,0.264,0.132,0.429,1485564.0
山推股份,000680,2025-10-15,11.36,12.1,12.2,11.22,969359,1149068292.78,8.63,6.51,0.74,7.37,10.928,10.535,10.112,9.95,11.16,10.712,10.332,9.907,77.492,0.385,0.183,0.468,2454923.0
山推股份,000680,2025-10-16,11.88,11.83,12.28,11.74,632099,756771477.11,4.46,-2.23,-0.27,4.81,11.248,10.69,10.217,9.991,11.384,10.915,10.475,9.97,71.87,0.455,0.237,0.473,1822824.0
山推股份,000680,2025-10-17,11.81,11.49,11.94,11.4,519477,599843795.85,4.56,-2.87,-0.34,3.95,11.486,10.835,10.308,10.027,11.419,11.02,10.571,10.02,65.432,0.477,0.285,0.478,1303347.0
山推股份,000680,2025-10-20,11.68,11.51,11.78,11.39,340975,394714095.92,3.39,0.17,0.02,2.59,11.658,10.997,10.4,10.065,11.449,11.109,10.661,10.068,65.627,0.49,0.326,0.472,1644322.0
山推股份,000680,2025-10-21,11.5,11.56,11.85,11.4,406890,473854140.14,3.91,0.43,0.05,3.09,11.698,11.138,10.506,10.092,11.486,11.191,10.746,10.117,66.141,0.499,0.361,0.47,2051212.0
山推股份,000680,2025-10-22,11.88,11.75,12.24,11.69,692585,825961660.44,4.76,1.64,0.19,5.27,11.628,11.278,10.617,10.112,11.574,11.293,10.842,10.171,68.095,0.515,0.392,0.485,2743797.0
山推股份,000680,2025-10-23,11.53,11.8,11.84,11.39,327206,378683567.66,3.83,0.43,0.05,2.49,11.622,11.435,10.729,10.143,11.649,11.385,10.933,10.224,68.609,0.526,0.419,0.483,3071003.0
山推股份,000680,2025-10-24,11.79,11.75,12.01,11.61,290756,342091721.43,3.39,-0.42,-0.05,2.21,11.674,11.58,10.846,10.166,11.683,11.451,11.011,10.274,67.44,0.525,0.44,0.477,2780247.0
山推股份,000680,2025-10-27,11.72,11.7,12.06,11.51,361683,424967927.56,4.68,-0.43,-0.05,2.75,11.712,11.685,10.925,10.194,11.689,11.496,11.077,10.321,66.225,0.514,0.455,0.482,2418564.0
山推股份,000680,2025-10-28,11.55,11.4,11.62,11.0,534181,606739215.97,5.3,-2.56,-0.3,4.06,11.68,11.689,10.998,10.201,11.592,11.479,11.107,10.356,59.321,0.476,0.459,0.497,1884383.0
山推股份,000680,2025-10-29,11.28,11.49,11.59,11.25,252954,289724247.47,2.98,0.79,0.09,1.92,11.628,11.628,11.082,10.214,11.558,11.481,11.144,10.394,60.646,0.447,0.457,0.486,2137337.0
山推股份,000680,2025-10-30,11.48,11.55,11.81,11.41,350379,406413331.02,3.48,0.52,0.06,2.67,11.578,11.6,11.145,10.237,11.556,11.494,11.183,10.432,61.546,0.425,0.45,0.48,2487716.0
山推股份,000680,2025-10-31,11.5,11.57,11.71,10.96,525185,598085504.41,6.49,0.17,0.02,3.99,11.542,11.608,11.222,10.265,11.56,11.507,11.219,10.469,61.859,0.404,0.441,0.499,3012901.0
山推股份,000680,2025-11-03,11.73,11.09,11.76,10.92,401748,449124424.08,7.26,-4.15,-0.48,3.06,11.42,11.566,11.282,10.285,11.404,11.432,11.207,10.489,51.107,0.345,0.422,0.524,2611153.0
山推股份,000680,2025-11-04,11.06,10.9,11.27,10.81,354007,390479134.6,4.15,-1.71,-0.19,2.69,11.32,11.5,11.319,10.305,11.236,11.335,11.178,10.503,47.582,0.279,0.393,0.519,2257146.0
山推股份,000680,2025-11-05,10.76,11.07,11.15,10.7,279757,308329123.71,4.13,1.56,0.17,2.13,11.236,11.432,11.355,10.325,11.18,11.287,11.168,10.521,50.849,0.238,0.362,0.514,2536903.0
山推股份,000680,2025-11-06,11.06,11.08,11.25,10.96,230840,256166116.03,2.62,0.09,0.01,1.76,11.142,11.36,11.398,10.344,11.147,11.249,11.159,10.54,51.042,0.204,0.331,0.498,2767743.0
山推股份,000680,2025-11-07,11.08,11.3,11.43,11.02,291103,327221697.6,3.7,1.99,0.22,2.21,11.088,11.315,11.448,10.365,11.198,11.258,11.173,10.565,55.215,0.193,0.303,0.492,3058846.0
山推股份,000680,2025-11-10,11.3,10.82,11.3,10.75,364355,396808811.87,4.87,-4.25,-0.48,2.77,11.034,11.227,11.456,10.378,11.072,11.179,11.139,10.573,46.002,0.143,0.271,0.496,2694491.0
山推股份,000680,2025-11-11,10.83,10.61,10.88,10.56,241229,257148116.11,2.96,-1.94,-0.21,1.83,10.976,11.148,11.419,10.386,10.918,11.075,11.089,10.574,42.65,0.086,0.234,0.483,2453262.0
山推股份,000680,2025-11-12,10.62,10.59,10.67,10.48,159463,168660079.6,1.79,-0.19,-0.02,1.21,10.88,11.058,11.343,10.395,10.809,10.987,11.041,10.575,42.333,0.039,0.195,0.462,2293799.0
山推股份,000680,2025-11-13,10.59,10.53,10.63,10.49,199260,209914366.66,1.32,-0.57,-0.06,1.52,10.77,10.956,11.278,10.403,10.716,10.904,10.993,10.573,41.342,-0.003,0.155,0.439,2094539.0
山推股份,000680,2025-11-14,10.5,10.4,10.52,10.38,161494,168594472.89,1.33,-1.23,-0.13,1.23,10.59,10.839,11.224,10.414,10.611,10.812,10.936,10.568,39.201,-0.047,0.115,0.419,1933045.0
山推股份,000680,2025-11-17,10.39,10.23,10.39,10.16,177912,182101459.74,2.21,-1.63,-0.17,1.35,10.472,10.753,11.16,10.419,10.484,10.706,10.869,10.556,36.536,-0.094,0.073,0.406,1755133.0
山推股份,000680,2025-11-18,10.27,10.19,10.32,10.11,159455,162957688.85,2.05,-0.39,-0.04,1.21,10.388,10.682,11.091,10.424,10.386,10.613,10.804,10.544,35.917,-0.133,0.032,0.392,1595678.0
山推股份,000680,2025-11-19,10.18,10.23,10.27,10.16,123807,126571991.37,1.08,0.39,0.04,0.94,10.316,10.598,11.015,10.431,10.334,10.543,10.75,10.534,37.065,-0.159,-0.006,0.372,1719485.0
山推股份,000680,2025-11-20,10.22,10.22,10.32,10.15,102021,104390512.58,1.66,-0.1,-0.01,0.78,10.254,10.512,10.936,10.438,10.296,10.484,10.699,10.524,36.887,-0.178,-0.041,0.357,1617464.0
山推股份,000680,2025-11-21,10.15,9.99,10.22,9.98,155379,156618144.82,2.35,-2.25,-0.23,1.18,10.172,10.381,10.848,10.44,10.194,10.394,10.632,10.506,32.968,-0.21,-0.074,0.349,1462085.0
山推股份,000680,2025-11-24,10.07,10.24,10.28,10.04,178793,181910403.95,2.4,2.5,0.25,1.36,10.174,10.323,10.775,10.447,10.209,10.366,10.594,10.498,40.382,-0.212,-0.102,0.345,1640878.0
山推股份,000680,2025-11-25,10.24,10.25,10.31,10.16,129501,132683902.74,1.46,0.1,0.01,0.99,10.186,10.287,10.718,10.452,10.223,10.345,10.561,10.489,40.665,-0.21,-0.124,0.331,1770379.0
山推股份,000680,2025-11-26,10.35,10.56,10.86,10.34,381866,407186523.18,5.07,3.02,0.31,2.9,10.252,10.284,10.671,10.463,10.335,10.384,10.561,10.492,48.774,-0.182,-0.135,0.351,2152245.0
山推股份,000680,2025-11-27,10.51,10.33,10.55,10.27,209555,217144069.6,2.65,-2.18,-0.23,1.59,10.274,10.264,10.61,10.474,10.333,10.374,10.539,10.486,43.972,-0.176,-0.143,0.347,1942690.0
山推股份,000680,2025-11-28,10.29,10.36,10.39,10.25,106965,110476807.6,1.36,0.29,0.03,0.81,10.348,10.26,10.55,10.487,10.342,10.372,10.522,10.482,44.737,-0.167,-0.148,0.332,2049655.0
山推股份,000680,2025-12-01,10.35,10.46,10.48,10.26,156485,161855964.43,2.12,0.97,0.1,1.19,10.392,10.283,10.518,10.501,10.382,10.388,10.516,10.482,47.316,-0.15,-0.149,0.324,2206140.0
山推股份,000680,2025-12-02,10.38,10.38,10.5,10.35,95408,99325879.0,1.43,-0.76,-0.08,0.73,10.418,10.302,10.492,10.513,10.381,10.386,10.503,10.478,45.487,-0.142,-0.147,0.311,2110732.0
山推股份,000680,2025-12-03,10.38,10.53,10.62,10.36,193777,203787333.33,2.5,1.45,0.15,1.47,10.412,10.332,10.465,10.528,10.431,10.412,10.506,10.48,49.435,-0.121,-0.142,0.308,2304509.0
山推股份,000680,2025-12-04,10.56,10.65,10.77,10.4,177707,188415734.84,3.51,1.14,0.12,1.35,10.476,10.375,10.444,10.546,10.504,10.456,10.52,10.486,52.404,-0.095,-0.133,0.312,2482216.0
山推股份,000680,2025-12-05,10.59,10.86,10.94,10.57,236242,255812987.1,3.47,1.97,0.21,1.8,10.576,10.462,10.422,10.572,10.623,10.529,10.552,10.498,57.147,-0.056,-0.117,0.316,2718458.0
山推股份,000680,2025-12-08,10.86,10.75,10.92,10.62,206077,221126303.77,2.76,-1.01,-0.11,1.57,10.634,10.513,10.418,10.595,10.665,10.569,10.571,10.506,54.105,-0.033,-0.1,0.315,2512381.0
山推股份,000680,2025-12-09,10.71,10.71,10.96,10.67,178423,192946892.0,2.7,-0.37,-0.04,1.36,10.7,10.559,10.423,10.614,10.68,10.595,10.584,10.513,53.001,-0.019,-0.084,0.313,2333958.0
山推股份,000680,2025-12-10,10.71,11.16,11.17,10.63,422574,467032223.34,5.04,4.2,0.45,3.21,10.826,10.619,10.452,10.635,10.84,10.698,10.639,10.534,62.32,0.029,-0.061,0.33,2756532.0
山推股份,000680,2025-12-11,11.12,10.79,11.21,10.73,241803,263770182.41,4.3,-3.32,-0.37,1.84,10.854,10.665,10.465,10.653,10.823,10.714,10.653,10.542,53.012,0.036,-0.042,0.34,2514729.0
山推股份,000680,2025-12-12,10.8,11.04,11.2,10.73,247977,273744908.57,4.36,2.32,0.25,1.89,10.89,10.733,10.497,10.676,10.896,10.774,10.69,10.559,57.618,0.062,-0.021,0.35,2762706.0
山推股份,000680,2025-12-15,10.98,10.9,11.07,10.89,130090,142791270.0,1.63,-1.27,-0.14,0.99,10.92,10.777,10.53,10.696,10.897,10.797,10.71,10.57,54.402,0.07,-0.003,0.337,2632616.0
山推股份,000680,2025-12-16,10.87,10.73,10.9,10.51,192010,205076456.39,3.58,-1.56,-0.17,1.46,10.924,10.812,10.557,10.718,10.841,10.785,10.712,10.575,50.701,0.062,0.01,0.341,2440606.0
山推股份,000680,2025-12-17,10.74,11.26,11.3,10.74,443135,493784945.45,5.22,4.94,0.53,3.37,10.944,10.885,10.609,10.747,10.981,10.871,10.764,10.598,59.868,0.097,0.027,0.358,2883741.0
山推股份,000680,2025-12-18,11.18,11.12,11.54,11.12,200304,226175519.89,3.73,-1.24,-0.14,1.52,11.01,10.932,10.654,10.773,11.027,10.916,10.798,10.615,56.86,0.112,0.044,0.362,2683437.0
山推股份,000680,2025-12-19,11.12,11.42,11.51,11.12,234296,266621388.42,3.51,2.7,0.3,1.78,11.086,10.988,10.725,10.806,11.158,11.008,10.857,10.641,61.342,0.147,0.065,0.364,2917733.0
山推股份,000680,2025-12-22,11.4,11.25,11.41,11.17,25408,28566983.25,2.1,-1.49,-0.17,0.19,11.156,11.038,10.776,10.825,11.189,11.052,10.895,10.661,57.685,0.159,0.084,0.356,2892325.0
西藏矿业,000762,2025-01-02,21.48,20.51,21.55,20.23,123937,259490274.0,6.15,-4.38,-0.94,2.38,,,,,,,,,,,,,123937.0
西藏矿业,000762,2025-01-03,20.46,19.93,20.78,19.88,101867,207633024.3,4.39,-2.83,-0.58,1.96,,,,,,,,,,,,,22070.0
西藏矿业,000762,2025-01-06,20.13,20.28,20.76,19.98,101920,207816053.31,3.91,1.76,0.35,1.96,,,,,,,,,,,,,123990.0
西藏矿业,000762,2025-01-07,20.17,20.6,20.61,20.12,74194,152087698.0,2.42,1.58,0.32,1.42,,,,,,,,,,,,,198184.0
西藏矿业,000762,2025-01-08,20.5,20.21,20.61,19.78,81706,164762089.0,4.03,-1.89,-0.39,1.57,20.306,,,,20.306,,,,,,,,116478.0
西藏矿业,000762,2025-01-09,20.0,20.27,20.37,19.98,58157,118003140.56,1.93,0.3,0.06,1.12,20.258,,,,20.294,,,,,,,,174635.0
西藏矿业,000762,2025-01-10,20.23,19.8,20.39,19.8,58332,117122742.6,2.91,-2.32,-0.47,1.12,20.232,,,,20.129,,,,,,,,116303.0
西藏矿业,000762,2025-01-13,19.66,20.25,20.47,19.56,98813,199799378.0,4.6,2.27,0.45,1.9,20.226,,,,20.17,,,,,,,,215116.0
西藏矿业,000762,2025-01-14,20.23,20.71,20.78,20.09,101518,208628671.9,3.41,2.27,0.46,1.95,20.248,,,,20.35,,,,,,,,316634.0
西藏矿业,000762,2025-01-15,20.61,20.77,20.95,20.5,89125,185392712.88,2.17,0.29,0.06,1.71,20.36,20.333,,,20.49,20.333,,,,,,,405759.0
西藏矿业,000762,2025-01-16,20.77,20.84,21.15,20.63,77125,161615521.5,2.5,0.34,0.07,1.48,20.474,20.366,,,20.607,20.425,,,,,,,482884.0
西藏矿业,000762,2025-01-17,20.85,20.98,21.3,20.77,69560,146262826.0,2.54,0.67,0.14,1.34,20.71,20.471,,,20.731,20.526,,,,,,,552444.0
西藏矿业,000762,2025-01-20,20.97,21.0,21.23,20.9,68434,144098199.75,1.57,0.1,0.02,1.31,20.86,20.543,,,20.821,20.612,,,,,,,620878.0
西藏矿业,000762,2025-01-21,21.05,20.7,21.1,20.61,53197,110649312.0,2.33,-1.43,-0.3,1.02,20.858,20.553,,,20.78,20.628,,,,,,,567681.0
西藏矿业,000762,2025-01-22,20.61,20.42,20.63,20.3,52639,107948151.8,1.59,-1.35,-0.28,1.01,20.788,20.574,,,20.66,20.59,,,48.861,,,0.596,515042.0
西藏矿业,000762,2025-01-23,20.6,20.29,20.9,20.28,65701,135776300.99,3.04,-0.64,-0.13,1.26,20.678,20.576,,,20.537,20.536,,,47.188,,,0.598,449341.0
西藏矿业,000762,2025-01-24,20.22,20.43,20.44,20.15,56430,115102342.06,1.43,0.69,0.14,1.08,20.568,20.639,,,20.501,20.517,,,49.205,,,0.576,505771.0
西藏矿业,000762,2025-01-27,20.43,20.19,20.74,20.16,50766,103796129.69,2.84,-1.17,-0.24,0.97,20.406,20.633,,,20.397,20.457,,,45.965,,,0.576,455005.0
西藏矿业,000762,2025-02-05,20.26,20.35,20.48,20.2,57379,117048238.16,1.39,0.79,0.16,1.1,20.336,20.597,,,20.382,20.438,,,48.404,,,0.556,512384.0
西藏矿业,000762,2025-02-06,20.28,20.92,20.93,20.18,90764,187811708.77,3.69,2.8,0.57,1.74,20.436,20.612,20.473,,20.561,20.525,20.473,,56.021,,,0.57,603148.0
西藏矿业,000762,2025-02-07,20.92,21.04,21.28,20.84,111605,235810441.8,2.1,0.57,0.12,2.14,20.586,20.632,20.499,,20.721,20.619,20.527,,57.445,,,0.561,714753.0
西藏矿业,000762,2025-02-10,21.08,21.15,21.2,20.81,92699,195179038.21,1.85,0.52,0.11,1.78,20.73,20.649,20.56,,20.864,20.715,20.586,,58.763,,,0.548,807452.0
西藏矿业,000762,2025-02-11,21.1,20.92,21.3,20.77,72987,152786536.0,2.51,-1.09,-0.23,1.4,20.876,20.641,20.592,,20.883,20.753,20.618,,54.931,,,0.547,734465.0
西藏矿业,000762,2025-02-12,20.85,21.33,21.7,20.65,168267,357070387.82,5.02,1.96,0.41,3.23,21.072,20.704,20.629,,21.032,20.858,20.686,,59.946,,,0.583,902732.0
西藏矿业,000762,2025-02-13,21.18,21.34,21.95,21.18,153931,332427331.53,3.61,0.05,0.01,2.96,21.156,20.796,20.685,,21.134,20.945,20.748,,60.062,,,0.596,1056663.0
西藏矿业,000762,2025-02-14,21.41,21.37,21.95,21.25,116237,250632957.7,3.28,0.14,0.03,2.23,21.222,20.904,20.74,,21.213,21.023,20.807,,60.435,,,0.604,1172900.0
西藏矿业,000762,2025-02-17,21.35,21.05,21.35,20.88,99629,210254927.51,2.2,-1.5,-0.32,1.91,21.202,20.966,20.803,,21.159,21.028,20.83,,54.587,,,0.596,1073271.0
西藏矿业,000762,2025-02-18,21.1,20.77,21.29,20.7,100687,212346002.32,2.8,-1.33,-0.28,1.93,21.172,21.024,20.828,,21.029,20.981,20.825,,50.025,,,0.595,972584.0
西藏矿业,000762,2025-02-19,20.72,20.95,20.95,20.66,80407,167745739.7,1.4,0.87,0.18,1.54,21.096,21.084,20.841,,21.003,20.975,20.836,,52.758,,,0.573,1052991.0
西藏矿业,000762,2025-02-20,20.9,20.92,21.05,20.73,77129,161364394.45,1.53,-0.14,-0.03,1.48,21.012,21.084,20.848,,20.975,20.965,20.844,,52.246,,,0.555,975862.0
西藏矿业,000762,2025-02-21,20.9,20.94,21.05,20.81,108047,226600517.1,1.15,0.1,0.02,2.07,20.926,21.074,20.853,,20.963,20.961,20.854,,52.577,,,0.533,1083909.0
西藏矿业,000762,2025-02-24,20.95,21.01,21.19,20.81,117719,248184658.25,1.81,0.33,0.07,2.26,20.918,21.06,20.855,,20.979,20.97,20.868,,53.784,,,0.522,1201628.0
西藏矿业,000762,2025-02-25,21.01,21.48,21.97,20.86,242067,523483551.5,5.28,2.24,0.47,4.65,21.06,21.116,20.879,,21.146,21.062,20.927,,60.968,,,0.564,1443695.0
西藏矿业,000762,2025-02-26,21.25,21.55,21.57,21.16,134542,288818271.93,1.91,0.33,0.07,2.58,21.18,21.138,20.921,,21.281,21.151,20.986,,61.918,0.213,0.168,0.553,1578237.0
西藏矿业,000762,2025-02-27,21.55,21.71,21.89,21.3,175890,380774282.24,2.74,0.74,0.16,3.38,21.338,21.175,20.986,,21.424,21.253,21.055,,64.07,0.248,0.184,0.556,1754127.0
西藏矿业,000762,2025-02-28,21.58,21.71,22.0,21.49,208581,455556136.23,2.35,0.0,0.0,4.01,21.492,21.209,21.057,,21.519,21.336,21.117,,64.07,0.273,0.202,0.552,1754127.0
西藏矿业,000762,2025-03-03,21.95,21.88,22.5,21.74,259110,577097337.23,3.5,0.78,0.17,4.98,21.666,21.292,21.129,,21.639,21.435,21.19,,66.408,0.302,0.222,0.569,2013237.0
西藏矿业,000762,2025-03-04,21.45,21.65,21.75,21.21,156209,335905383.3,2.47,-1.05,-0.23,3.0,21.7,21.38,21.202,,21.643,21.474,21.234,,60.656,0.304,0.238,0.576,1857028.0
西藏矿业,000762,2025-03-05,21.58,21.43,21.61,21.21,97104,207991321.55,1.85,-1.02,-0.22,1.86,21.676,21.428,21.256,,21.572,21.466,21.253,,55.687,0.284,0.247,0.567,1759924.0
西藏矿业,000762,2025-03-06,21.5,21.65,21.74,21.35,133105,287156236.53,1.82,1.03,0.22,2.56,21.664,21.501,21.292,,21.598,21.499,21.29,,59.279,0.283,0.255,0.554,1893029.0
西藏矿业,000762,2025-03-07,21.65,21.9,22.3,21.55,211228,464772292.57,3.46,1.15,0.25,4.06,21.702,21.597,21.335,,21.699,21.572,21.348,,62.955,0.299,0.263,0.568,2104257.0
西藏矿业,000762,2025-03-10,21.9,22.02,22.18,21.73,148405,326572940.21,2.05,0.55,0.12,2.85,21.73,21.698,21.379,,21.806,21.654,21.412,,64.606,0.317,0.274,0.56,2252662.0
西藏矿业,000762,2025-03-11,21.76,22.32,22.32,21.7,162412,359012555.5,2.82,1.36,0.3,3.12,21.864,21.782,21.449,,21.977,21.775,21.499,,68.399,0.352,0.29,0.564,2415074.0
西藏矿业,000762,2025-03-12,22.55,22.12,22.6,22.09,158986,353874022.0,2.28,-0.9,-0.2,3.05,22.002,21.839,21.488,,22.025,21.838,21.558,,63.513,0.359,0.304,0.56,2256088.0
西藏矿业,000762,2025-03-13,22.12,22.18,22.45,21.87,160885,356225839.94,2.62,0.27,0.06,3.09,22.108,21.886,21.53,,22.077,21.9,21.617,,64.336,0.366,0.316,0.562,2416973.0
西藏矿业,000762,2025-03-14,22.34,22.48,22.54,22.1,207004,464101314.29,1.98,1.35,0.3,3.97,22.224,21.963,21.586,,22.211,22.005,21.699,,68.198,0.391,0.331,0.553,2623977.0
西藏矿业,000762,2025-03-17,22.49,22.31,22.54,22.26,121325,272045342.46,1.25,-0.76,-0.17,2.33,22.282,22.006,21.649,,22.244,22.061,21.758,,63.97,0.392,0.343,0.533,2502652.0
西藏矿业,000762,2025-03-18,22.31,22.2,22.38,22.16,103393,230561166.14,0.99,-0.49,-0.11,1.99,22.258,22.061,21.72,,22.229,22.086,21.8,,61.321,0.38,0.35,0.511,2399259.0
西藏矿业,000762,2025-03-19,22.2,22.0,22.2,21.85,96123,211719965.0,1.58,-0.9,-0.2,1.85,22.234,22.118,21.773,,22.153,22.07,21.819,,56.721,0.35,0.35,0.499,2303136.0
西藏矿业,000762,2025-03-20,21.94,21.87,22.08,21.85,77035,169462372.24,1.05,-0.59,-0.13,1.48,22.172,22.14,21.82,,22.059,22.034,21.824,,53.892,0.312,0.343,0.48,2226101.0
西藏矿业,000762,2025-03-21,21.77,21.31,21.85,21.23,122660,264508176.59,2.83,-2.56,-0.56,2.36,21.938,22.081,21.839,,21.809,21.902,21.775,,43.764,0.235,0.321,0.492,2103441.0
西藏矿业,000762,2025-03-24,21.29,21.51,21.52,21.03,102477,218292799.71,2.3,0.94,0.2,1.97,21.778,22.03,21.864,,21.709,21.831,21.75,,47.555,0.187,0.294,0.492,2205918.0
西藏矿业,000762,2025-03-25,21.53,21.52,21.69,21.33,72114,155353755.52,1.67,0.05,0.01,1.38,21.642,21.95,21.866,,21.646,21.774,21.728,,47.744,0.148,0.265,0.482,2278032.0
西藏矿业,000762,2025-03-26,21.61,21.57,21.74,21.48,67457,146210486.88,1.21,0.23,0.05,1.3,21.556,21.895,21.867,,21.621,21.737,21.713,,48.742,0.12,0.236,0.466,2345489.0
西藏矿业,000762,2025-03-27,21.45,21.5,21.59,21.21,54271,116522183.54,1.76,-0.32,-0.07,1.04,21.482,21.827,21.856,,21.581,21.694,21.692,,47.378,0.091,0.207,0.46,2291218.0
西藏矿业,000762,2025-03-28,21.45,21.27,21.48,21.23,56152,120047062.7,1.16,-1.07,-0.23,1.08,21.474,21.706,21.834,,21.477,21.617,21.652,,43.108,0.049,0.176,0.447,2235066.0
西藏矿业,000762,2025-03-31,21.18,21.09,21.37,20.9,73439,155414737.82,2.21,-0.85,-0.18,1.41,21.39,21.584,21.795,,21.348,21.521,21.599,,40.065,0.002,0.141,0.448,2161627.0
西藏矿业,000762,2025-04-01,21.12,21.02,21.19,20.98,55279,116805348.6,1.0,-0.33,-0.07,1.06,21.29,21.466,21.763,,21.239,21.43,21.544,,38.914,-0.042,0.104,0.431,2106348.0
西藏矿业,000762,2025-04-02,20.81,20.5,20.81,20.17,104374,214057823.03,3.04,-2.47,-0.52,2.0,21.076,21.316,21.717,,20.992,21.261,21.444,,31.644,-0.116,0.06,0.461,2001974.0
西藏矿业,000762,2025-04-03,20.2,20.25,20.5,20.15,70501,143626127.8,1.71,-1.22,-0.25,1.35,20.826,21.154,21.647,21.137,20.745,21.077,21.33,21.137,28.853,-0.194,0.009,0.453,1931473.0
西藏矿业,000762,2025-04-07,19.35,18.22,19.35,18.22,134413,249914534.23,5.58,-10.02,-2.03,2.58,20.216,20.845,21.463,21.099,19.903,20.558,21.034,21.042,16.29,-0.414,-0.075,0.566,1797060.0
西藏矿业,000762,2025-04-08,18.06,18.0,18.43,17.62,144026,259338258.02,4.45,-1.21,-0.22,2.77,19.598,20.494,21.262,21.067,19.269,20.093,20.745,20.942,15.502,-0.599,-0.18,0.583,1653034.0
西藏矿业,000762,2025-04-09,17.82,18.18,18.28,16.84,145435,257431760.49,8.0,1.0,0.18,2.79,19.03,20.16,21.055,21.032,18.906,19.745,20.501,20.851,18.956,-0.723,-0.289,0.644,1798469.0
西藏矿业,000762,2025-04-10,18.58,18.52,18.79,18.35,104554,194638452.76,2.42,1.87,0.34,2.01,18.634,19.855,20.875,20.997,18.777,19.522,20.312,20.775,25.176,-0.785,-0.388,0.642,1903023.0
西藏矿业,000762,2025-04-11,18.33,18.54,18.7,18.31,74371,138609259.0,2.11,0.11,0.02,1.43,18.292,19.559,20.693,20.969,18.698,19.344,20.143,20.702,25.538,-0.823,-0.475,0.624,1977394.0
西藏矿业,000762,2025-04-14,18.7,18.8,18.89,18.69,64227,121042358.9,1.08,1.4,0.26,1.23,18.408,19.312,20.509,20.945,18.732,19.245,20.016,20.639,30.263,-0.822,-0.544,0.604,2041621.0
西藏矿业,000762,2025-04-15,18.86,18.68,18.88,18.61,43000,80696294.25,1.44,-0.64,-0.12,0.83,18.544,19.071,20.328,20.926,18.715,19.142,19.888,20.575,29.337,-0.822,-0.6,0.581,1998621.0
西藏矿业,000762,2025-04-16,18.73,18.6,18.75,18.4,52244,97308193.0,1.87,-0.43,-0.08,1.0,18.628,18.829,20.148,20.899,18.676,19.044,19.766,20.51,28.707,-0.819,-0.644,0.564,1946377.0
西藏矿业,000762,2025-04-17,18.43,18.42,18.65,18.4,44999,83597650.64,1.34,-0.97,-0.18,0.86,18.608,18.621,19.969,20.861,18.591,18.93,19.637,20.442,27.287,-0.822,-0.679,0.542,1901378.0
西藏矿业,000762,2025-04-18,18.35,18.3,18.44,18.18,51703,94886317.0,1.41,-0.65,-0.12,0.99,18.56,18.426,19.79,20.819,18.494,18.816,19.51,20.372,26.351,-0.824,-0.708,0.522,1849675.0
西藏矿业,000762,2025-04-21,18.45,18.58,18.58,18.29,44303,82102955.6,1.58,1.53,0.28,0.85,18.516,18.462,19.654,20.782,18.523,18.773,19.422,20.313,32.195,-0.794,-0.725,0.505,1893978.0
西藏矿业,000762,2025-04-22,18.58,19.23,19.93,18.44,155196,298769898.0,8.02,3.5,0.65,2.98,18.626,18.585,19.54,20.753,18.758,18.856,19.403,20.277,43.418,-0.71,-0.722,0.575,2049174.0
西藏矿业,000762,2025-04-23,19.35,19.07,19.39,18.94,102191,195745073.01,2.34,-0.83,-0.16,1.96,18.72,18.674,19.417,20.72,18.862,18.895,19.372,20.238,41.593,-0.648,-0.708,0.566,1946983.0
西藏矿业,000762,2025-04-24,19.22,19.19,19.58,19.11,117576,227836869.0,2.46,0.63,0.12,2.26,18.874,18.741,19.298,20.695,18.972,18.948,19.354,20.203,43.511,-0.583,-0.683,0.562,2064559.0
西藏矿业,000762,2025-04-25,18.56,18.68,18.94,18.46,99216,186392729.52,2.5,-2.66,-0.51,1.91,18.95,18.755,19.157,20.666,18.874,18.9,19.29,20.153,37.826,-0.566,-0.659,0.574,1965343.0
西藏矿业,000762,2025-04-28,18.65,18.61,19.03,18.3,75181,139852373.0,3.91,-0.37,-0.07,1.44,18.956,18.736,19.024,20.638,18.786,18.847,19.225,20.103,37.11,-0.552,-0.638,0.585,1890162.0
西藏矿业,000762,2025-04-29,18.45,18.51,18.68,18.45,50001,93040545.12,1.24,-0.54,-0.1,0.96,18.812,18.719,18.895,20.606,18.694,18.786,19.157,20.051,36.059,-0.543,-0.619,0.56,1840161.0
西藏矿业,000762,2025-04-30,18.47,18.49,18.64,18.47,41753,77635623.35,0.92,-0.11,-0.02,0.8,18.696,18.708,18.769,20.578,18.626,18.732,19.094,19.999,35.84,-0.531,-0.601,0.532,1798408.0
西藏矿业,000762,2025-05-06,18.47,18.76,18.76,18.47,69894,131066456.19,1.57,1.46,0.27,1.34,18.61,18.742,18.682,20.551,18.671,18.737,19.062,19.959,41.037,-0.494,-0.58,0.515,1868302.0
西藏矿业,000762,2025-05-07,18.99,18.82,19.07,18.7,75508,142593792.56,1.97,0.32,0.06,1.45,18.638,18.794,18.61,20.516,18.72,18.752,19.039,19.921,42.159,-0.454,-0.555,0.505,1943810.0
西藏矿业,000762,2025-05-08,18.7,19.0,19.08,18.67,76264,144890835.0,2.18,0.96,0.18,1.46,18.716,18.836,18.649,20.482,18.814,18.797,19.035,19.891,45.507,-0.404,-0.525,0.498,2020074.0
西藏矿业,000762,2025-05-09,19.06,18.9,19.09,18.77,46566,88178287.08,1.68,-0.53,-0.1,0.89,18.794,18.803,18.694,20.445,18.842,18.816,19.022,19.859,43.984,-0.368,-0.493,0.485,1973508.0
西藏矿业,000762,2025-05-12,19.05,19.12,19.12,18.91,58555,111869580.0,1.11,1.16,0.22,1.12,18.92,18.808,18.741,20.415,18.935,18.871,19.032,19.835,48.1,-0.318,-0.458,0.466,2032063.0
西藏矿业,000762,2025-05-13,19.24,19.08,19.27,19.02,54057,103644931.0,1.31,-0.21,-0.04,1.04,18.984,18.797,18.769,20.377,18.983,18.909,19.036,19.81,47.418,-0.278,-0.422,0.451,1978006.0
西藏矿业,000762,2025-05-14,19.09,19.17,19.21,18.97,61729,118268216.28,1.26,0.47,0.09,1.19,19.054,18.846,18.801,20.341,19.046,18.957,19.049,19.789,49.165,-0.237,-0.385,0.436,2039735.0
西藏矿业,000762,2025-05-15,19.1,18.89,19.17,18.85,48391,92153296.59,1.67,-1.46,-0.28,0.93,19.032,18.874,18.805,20.3,18.994,18.944,19.034,19.759,44.24,-0.224,-0.353,0.427,1991344.0
西藏矿业,000762,2025-05-16,18.84,18.75,19.04,18.75,46942,88821206.75,1.54,-0.74,-0.14,0.9,19.002,18.898,18.809,20.262,18.912,18.909,19.007,19.726,41.976,-0.223,-0.327,0.418,1944402.0
西藏矿业,000762,2025-05-19,18.75,18.71,18.77,18.51,42293,78998565.46,1.39,-0.21,-0.04,0.81,18.92,18.92,18.814,20.227,18.845,18.873,18.978,19.693,41.325,-0.222,-0.306,0.406,1902109.0
西藏矿业,000762,2025-05-20,18.71,18.78,18.88,18.64,35355,66434227.71,1.28,0.37,0.07,0.68,18.86,18.922,18.832,20.191,18.823,18.856,18.96,19.663,42.991,-0.214,-0.287,0.394,1937464.0
西藏矿业,000762,2025-05-21,18.79,18.96,19.04,18.75,65287,123947580.6,1.54,0.96,0.18,1.25,18.818,18.936,18.865,20.158,18.869,18.875,18.96,19.64,47.146,-0.19,-0.268,0.387,2002751.0
西藏矿业,000762,2025-05-22,18.95,18.87,19.06,18.81,52303,99294515.17,1.32,-0.47,-0.09,1.0,18.814,18.923,18.88,20.124,18.869,18.874,18.951,19.615,45.365,-0.177,-0.25,0.377,1950448.0
西藏矿业,000762,2025-05-23,18.85,18.68,19.21,18.67,71058,135179093.58,2.86,-1.01,-0.19,1.36,18.8,18.901,18.852,20.085,18.806,18.839,18.925,19.584,41.779,-0.18,-0.236,0.389,1879390.0
西藏矿业,000762,2025-05-26,18.57,18.63,18.67,18.39,45259,84153453.0,1.5,-0.27,-0.05,0.87,18.784,18.852,18.83,20.038,18.747,18.801,18.897,19.553,40.863,-0.184,-0.225,0.382,1834131.0
西藏矿业,000762,2025-05-27,18.7,18.6,18.78,18.47,40640,75760771.99,1.66,-0.16,-0.03,0.78,18.748,18.804,18.8,19.988,18.698,18.764,18.869,19.522,40.292,-0.187,-0.218,0.377,1793491.0
西藏矿业,000762,2025-05-28,18.59,18.33,18.65,18.31,39630,73146364.44,1.83,-1.45,-0.27,0.76,18.622,18.72,18.783,19.932,18.576,18.685,18.818,19.482,35.489,-0.209,-0.216,0.374,1753861.0
西藏矿业,000762,2025-05-29,18.34,18.48,18.53,18.26,36653,67783535.02,1.47,0.82,0.15,0.7,18.544,18.679,18.776,19.878,18.544,18.648,18.785,19.45,39.784,-0.212,-0.215,0.367,1790514.0
西藏矿业,000762,2025-05-30,18.46,18.21,18.47,18.18,46111,84444167.86,1.57,-1.46,-0.27,0.89,18.45,18.625,18.761,19.817,18.432,18.568,18.731,19.409,35.237,-0.234,-0.219,0.362,1744403.0
西藏矿业,000762,2025-06-03,18.16,18.06,18.2,17.94,55990,101449408.0,1.43,-0.82,-0.15,1.08,18.336,18.56,18.74,19.757,18.308,18.476,18.667,19.365,32.981,-0.26,-0.227,0.355,1688413.0
西藏矿业,000762,2025-06-04,18.11,18.43,18.55,18.06,81332,149931306.66,2.71,2.05,0.37,1.56,18.302,18.525,18.723,19.707,18.349,18.468,18.644,19.334,42.72,-0.248,-0.231,0.365,1769745.0
西藏矿业,000762,2025-06-05,18.42,18.37,18.51,18.29,48565,89533013.44,1.19,-0.33,-0.06,0.93,18.31,18.466,18.701,19.653,18.356,18.45,18.618,19.302,41.663,-0.24,-0.233,0.355,1721180.0
西藏矿业,000762,2025-06-06,18.35,18.47,18.57,18.32,47915,88775435.95,1.36,0.54,0.1,0.92,18.308,18.426,18.675,19.595,18.394,18.454,18.604,19.275,44.144,-0.224,-0.231,0.347,1769095.0
西藏矿业,000762,2025-06-09,18.5,18.68,18.71,18.42,66375,123976492.01,1.57,1.14,0.21,1.27,18.402,18.426,18.664,19.54,18.489,18.495,18.611,19.256,49.046,-0.192,-0.223,0.343,1835470.0
西藏矿业,000762,2025-06-10,18.69,18.52,18.84,18.4,81588,152156173.08,2.36,-0.86,-0.16,1.57,18.494,18.415,18.634,19.476,18.5,18.499,18.603,19.232,45.751,-0.177,-0.214,0.35,1753882.0
西藏矿业,000762,2025-06-11,18.43,18.82,18.94,18.43,81094,153197067.28,2.75,1.62,0.3,1.56,18.572,18.437,18.62,19.421,18.606,18.558,18.623,19.218,52.23,-0.139,-0.199,0.361,1834976.0
西藏矿业,000762,2025-06-12,18.79,18.76,18.85,18.65,50183,94263222.32,1.06,-0.32,-0.06,0.96,18.65,18.48,18.6,19.364,18.658,18.594,18.636,19.203,50.92,-0.113,-0.182,0.35,1784793.0
西藏矿业,000762,2025-06-13,18.76,18.47,18.81,18.43,57358,106745673.0,2.03,-1.55,-0.29,1.1,18.65,18.479,18.579,19.298,18.595,18.572,18.62,19.179,45.041,-0.115,-0.168,0.352,1727435.0
西藏矿业,000762,2025-06-16,18.36,18.36,18.49,18.32,42619,78571868.5,0.92,-0.6,-0.11,0.82,18.586,18.494,18.56,19.232,18.517,18.533,18.596,19.152,43.012,-0.123,-0.159,0.339,1684816.0
西藏矿业,000762,2025-06-17,18.37,18.57,18.71,18.37,57485,107004352.72,1.85,1.14,0.21,1.1,18.596,18.545,18.553,19.171,18.534,18.54,18.593,19.133,47.842,-0.112,-0.15,0.34,1742301.0
西藏矿业,000762,2025-06-18,18.48,18.41,18.57,18.25,50360,92693577.4,1.72,-0.86,-0.16,0.97,18.514,18.543,18.534,19.111,18.493,18.516,18.576,19.109,44.732,-0.114,-0.143,0.338,1691941.0
西藏矿业,000762,2025-06-19,18.34,18.42,18.87,18.29,96588,179275644.0,3.15,0.05,0.01,1.85,18.446,18.548,18.507,19.054,18.469,18.499,18.561,19.087,44.972,-0.114,-0.137,0.356,1788529.0
西藏矿业,000762,2025-06-20,18.32,18.55,18.76,18.31,72568,134640050.57,2.44,0.71,0.13,1.39,18.462,18.556,18.491,19.008,18.496,18.508,18.56,19.069,48.136,-0.102,-0.13,0.362,1861097.0
西藏矿业,000762,2025-06-23,18.52,18.83,18.95,18.39,119742,225143392.72,3.02,1.51,0.28,2.3,18.556,18.571,18.499,18.963,18.607,18.567,18.586,19.061,54.239,-0.069,-0.118,0.376,1980839.0
西藏矿业,000762,2025-06-24,18.82,19.19,19.25,18.71,169726,322314028.53,2.87,1.91,0.36,3.26,18.68,18.638,18.527,18.924,18.801,18.68,18.643,19.066,60.649,-0.014,-0.097,0.388,2150565.0
西藏矿业,000762,2025-06-25,19.19,19.18,19.45,18.96,119820,229186544.74,2.55,-0.05,-0.01,2.3,18.834,18.674,18.556,18.885,18.928,18.771,18.694,19.069,60.396,0.028,-0.072,0.395,2030745.0
西藏矿业,000762,2025-06-26,19.13,19.07,19.5,19.05,129306,249306765.35,2.35,-0.57,-0.11,2.48,18.964,18.705,18.593,18.844,18.975,18.825,18.73,19.069,57.551,0.053,-0.047,0.399,1901439.0
西藏矿业,000762,2025-06-27,19.24,19.2,19.55,19.16,127414,246190341.47,2.05,0.68,0.13,2.45,19.094,18.778,18.629,18.81,19.05,18.893,18.775,19.074,59.952,0.081,-0.021,0.405,2028853.0
西藏矿业,000762,2025-06-30,19.29,19.18,19.3,19.07,84964,162605863.0,1.2,-0.1,-0.02,1.63,19.164,18.86,18.677,18.778,19.093,18.946,18.813,19.077,59.396,0.101,0.003,0.393,1943889.0
西藏矿业,000762,2025-07-01,19.15,19.14,19.15,18.87,89303,169634720.0,1.46,-0.21,-0.04,1.71,19.154,18.917,18.731,18.746,19.109,18.981,18.845,19.079,58.231,0.113,0.025,0.387,1854586.0
西藏矿业,000762,2025-07-02,19.2,20.38,21.05,19.08,390763,790411525.68,10.29,6.48,1.24,7.5,19.394,19.114,18.829,18.744,19.533,19.235,18.991,19.122,74.755,0.219,0.064,0.5,2245349.0
西藏矿业,000762,2025-07-03,20.18,20.18,20.38,19.83,249622,500512720.82,2.7,-0.98,-0.2,4.79,19.616,19.29,18.919,18.743,19.748,19.407,19.104,19.156,69.948,0.284,0.108,0.503,1995727.0
西藏矿业,000762,2025-07-04,19.93,19.66,20.13,19.59,148393,293370150.0,2.68,-2.58,-0.52,2.85,19.708,19.401,18.979,18.767,19.719,19.453,19.157,19.173,59.277,0.29,0.144,0.51,1847334.0
西藏矿业,000762,2025-07-07,19.65,19.65,19.69,19.48,68655,134468825.0,1.07,-0.05,-0.01,1.32,19.802,19.483,19.027,18.795,19.696,19.489,19.204,19.189,59.09,0.291,0.174,0.488,1778679.0
西藏矿业,000762,2025-07-08,19.66,20.08,20.17,19.65,176773,352783232.0,2.65,2.19,0.43,3.39,19.99,19.572,19.105,18.826,19.824,19.596,19.287,19.218,64.297,0.323,0.204,0.49,1955452.0
西藏矿业,000762,2025-07-09,20.08,19.85,20.24,19.82,110737,221419613.17,2.09,-1.15,-0.23,2.13,19.884,19.639,19.157,18.849,19.833,19.642,19.341,19.239,59.905,0.325,0.228,0.485,1844715.0
西藏矿业,000762,2025-07-10,19.82,20.0,20.24,19.82,99975,200345462.56,2.12,0.76,0.15,1.92,19.848,19.732,19.219,18.873,19.888,19.707,19.404,19.264,61.741,0.336,0.25,0.481,1944690.0
西藏矿业,000762,2025-07-11,20.14,20.28,20.6,20.0,205348,417289450.61,3.0,1.4,0.28,3.94,19.972,19.84,19.309,18.898,20.019,19.812,19.487,19.297,64.965,0.362,0.272,0.489,2150038.0
西藏矿业,000762,2025-07-14,20.5,20.37,21.21,20.36,248304,515425078.28,4.19,0.44,0.09,4.77,20.116,19.959,19.41,18.926,20.136,19.913,19.571,19.332,65.958,0.386,0.295,0.521,2398342.0
西藏矿业,000762,2025-07-15,20.36,19.93,20.62,19.79,165952,333162570.96,4.07,-2.16,-0.44,3.19,20.086,20.038,19.478,18.948,20.067,19.916,19.605,19.352,57.393,0.366,0.309,0.543,2232390.0
西藏矿业,000762,2025-07-16,19.88,19.77,19.95,19.65,84208,166597378.0,1.51,-0.8,-0.16,1.62,20.07,19.977,19.546,18.97,19.968,19.89,19.621,19.365,54.615,0.332,0.314,0.525,2148182.0
西藏矿业,000762,2025-07-17,19.77,20.05,20.15,19.69,105280,210115458.74,2.33,1.42,0.28,2.02,20.08,19.964,19.627,19.0,19.995,19.919,19.662,19.388,58.409,0.325,0.316,0.521,2253462.0
西藏矿业,000762,2025-07-18,20.3,20.83,21.0,20.2,262505,543956200.28,3.99,3.89,0.78,5.04,20.19,20.081,19.741,19.037,20.274,20.084,19.773,19.435,66.747,0.378,0.328,0.551,2515967.0
西藏矿业,000762,2025-07-21,22.0,22.02,22.34,21.55,502313,1105087412.75,3.79,5.71,1.19,9.65,20.52,20.318,19.9,19.084,20.856,20.436,19.987,19.52,74.986,0.51,0.365,0.62,3018280.0
西藏矿业,000762,2025-07-22,23.0,23.3,23.53,22.01,622837,1420662413.67,6.9,5.81,1.28,11.96,21.194,20.64,20.106,19.154,21.671,20.957,20.303,19.644,80.564,0.709,0.434,0.684,3641117.0
西藏矿业,000762,2025-07-23,23.0,21.85,23.0,21.82,433239,963896410.81,5.06,-6.22,-1.45,8.32,21.61,20.84,20.24,19.198,21.73,21.119,20.45,19.716,63.334,0.742,0.495,0.741,3207878.0
西藏矿业,000762,2025-07-24,21.79,24.04,24.04,21.66,591704,1376409624.39,10.89,10.02,2.19,11.36,22.408,21.244,20.488,19.288,22.5,21.65,20.792,19.858,72.797,0.934,0.583,0.858,3799582.0
西藏矿业,000762,2025-07-25,24.4,23.38,24.52,23.19,723940,1726146075.76,5.53,-2.75,-0.66,13.9,22.918,21.554,20.697,19.367,22.793,21.965,21.038,19.973,67.17,1.021,0.67,0.892,3075642.0
西藏矿业,000762,2025-07-28,23.01,22.71,23.18,22.5,335804,766462882.25,2.91,-2.87,-0.67,6.45,23.056,21.788,20.874,19.437,22.766,22.1,21.198,20.063,61.937,1.024,0.741,0.891,2739838.0
西藏矿业,000762,2025-07-29,22.62,22.73,22.92,22.46,246915,559753611.02,2.03,0.09,0.02,4.74,22.942,22.068,21.053,19.508,22.754,22.215,21.344,20.151,62.032,1.016,0.796,0.86,2986753.0
西藏矿业,000762,2025-07-30,22.75,22.28,22.87,22.07,217694,490195326.67,3.52,-1.98,-0.45,4.18,23.028,22.319,21.148,19.567,22.596,22.227,21.433,20.22,58.491,0.963,0.829,0.856,2769059.0
西藏矿业,000762,2025-07-31,22.04,21.77,22.19,21.63,179272,391995662.87,2.51,-2.29,-0.51,3.44,22.574,22.491,21.228,19.616,22.321,22.144,21.465,20.271,54.682,0.869,0.837,0.841,2589787.0
西藏矿业,000762,2025-08-01,21.85,21.57,21.92,21.56,115787,251391806.39,1.65,-0.92,-0.2,2.22,22.212,22.565,21.323,19.659,22.07,22.039,21.475,20.314,53.218,0.77,0.824,0.807,2474000.0
西藏矿业,000762,2025-08-04,21.5,21.69,21.75,21.46,106094,229451522.65,1.34,0.56,0.12,2.04,22.008,22.532,21.425,19.705,21.944,21.976,21.495,20.359,54.013,0.693,0.798,0.77,2580094.0
西藏矿业,000762,2025-08-05,21.69,21.79,21.9,21.6,111866,243312439.61,1.38,0.46,0.1,2.15,21.82,22.381,21.51,19.75,21.892,21.942,21.523,20.406,54.705,0.633,0.765,0.736,2691960.0
西藏矿业,000762,2025-08-06,21.75,21.7,21.78,21.51,114834,248657336.51,1.24,-0.41,-0.09,2.2,21.704,22.366,21.603,19.793,21.828,21.898,21.54,20.448,53.919,0.571,0.726,0.704,2577126.0
西藏矿业,000762,2025-08-07,21.85,22.18,22.18,21.31,256303,559308768.69,4.01,2.21,0.48,4.92,21.786,22.18,21.712,19.843,21.946,21.949,21.601,20.505,57.43,0.555,0.692,0.716,2833429.0
西藏矿业,000762,2025-08-08,22.01,22.43,22.62,21.89,229779,512397029.04,3.29,1.13,0.25,4.41,21.958,22.085,21.82,19.902,22.107,22.037,21.68,20.568,59.174,0.556,0.665,0.717,3063208.0
西藏矿业,000762,2025-08-11,23.85,23.42,23.9,23.07,459731,1081530639.53,3.7,4.41,0.99,8.83,22.304,22.156,21.972,19.98,22.545,22.288,21.846,20.662,65.248,0.629,0.657,0.77,3522939.0
西藏矿业,000762,2025-08-12,23.22,22.94,23.29,22.65,264297,605635925.47,2.73,-2.05,-0.48,5.07,22.534,22.177,22.123,20.051,22.676,22.407,21.95,20.736,60.545,0.641,0.654,0.77,3258642.0
西藏矿业,000762,2025-08-13,22.73,22.78,23.0,22.64,188652,429009458.89,1.57,-0.7,-0.16,3.62,22.75,22.227,22.273,20.117,22.711,22.475,22.029,20.803,59.018,0.63,0.649,0.741,3069990.0
西藏矿业,000762,2025-08-14,22.78,22.17,22.84,22.13,189206,424611745.59,3.12,-2.68,-0.61,3.63,22.748,22.267,22.379,20.171,22.531,22.419,22.042,20.848,53.48,0.566,0.633,0.739,2880784.0
西藏矿业,000762,2025-08-15,22.1,22.44,22.58,22.07,141360,316957895.94,2.3,1.22,0.27,2.71,22.75,22.354,22.46,20.23,22.5,22.423,22.08,20.9,55.471,0.531,0.612,0.723,3022144.0
西藏矿业,000762,2025-08-18,22.75,22.66,22.95,22.56,188716,428498687.38,1.74,0.98,0.22,3.62,22.598,22.451,22.492,20.297,22.554,22.466,22.136,20.958,57.084,0.515,0.593,0.707,3210860.0
西藏矿业,000762,2025-08-19,22.58,22.6,22.7,22.3,142686,321528519.6,1.77,-0.26,-0.06,2.74,22.53,22.532,22.457,20.363,22.569,22.49,22.18,21.012,56.483,0.491,0.572,0.685,3068174.0
西藏矿业,000762,2025-08-20,22.4,22.53,22.85,22.19,162576,365122074.39,2.92,-0.31,-0.07,3.12,22.48,22.615,22.491,20.428,22.556,22.498,22.213,21.062,55.746,0.462,0.55,0.684,2905598.0
西藏矿业,000762,2025-08-21,22.6,22.32,22.97,22.2,197079,444534026.32,3.42,-0.93,-0.21,3.78,22.51,22.629,22.405,20.495,22.477,22.465,22.223,21.103,53.491,0.417,0.524,0.69,2708519.0
西藏矿业,000762,2025-08-22,22.16,22.26,22.46,22.16,155688,346767672.94,1.34,-0.27,-0.06,2.99,22.474,22.612,22.348,20.558,22.405,22.428,22.227,21.141,52.833,0.372,0.493,0.662,2552831.0
西藏矿业,000762,2025-08-25,22.43,22.64,22.92,22.43,263130,597686929.84,2.2,1.71,0.38,5.05,22.47,22.534,22.345,20.632,22.483,22.467,22.266,21.19,56.482,0.363,0.467,0.662,2815961.0
西藏矿业,000762,2025-08-26,22.55,22.41,22.58,22.24,135438,303831537.09,1.5,-1.02,-0.23,2.6,22.432,22.481,22.329,20.704,22.459,22.456,22.28,21.23,53.771,0.333,0.44,0.643,2680523.0
西藏矿业,000762,2025-08-27,22.43,21.61,22.49,21.6,242189,534519576.52,3.97,-3.57,-0.8,4.65,22.248,22.364,22.296,20.757,22.176,22.302,22.216,21.242,45.575,0.242,0.401,0.661,2438334.0
西藏矿业,000762,2025-08-28,21.5,21.58,21.79,21.0,155540,333361416.86,3.66,-0.14,-0.03,2.99,22.1,22.305,22.286,20.811,21.977,22.171,22.155,21.254,45.297,0.166,0.354,0.67,2282794.0
西藏矿业,000762,2025-08-29,21.55,21.95,22.14,21.48,177465,389176796.7,3.06,1.71,0.37,3.41,22.038,22.256,22.305,20.869,21.968,22.131,22.136,21.276,49.407,0.134,0.31,0.669,2460259.0
西藏矿业,000762,2025-09-01,21.93,22.19,22.21,21.75,148884,327588005.15,2.1,1.09,0.24,2.86,21.948,22.209,22.33,20.927,22.042,22.142,22.141,21.306,51.931,0.126,0.273,0.654,2609143.0
西藏矿业,000762,2025-09-02,22.28,21.73,22.29,21.62,125823,275235555.58,3.02,-2.07,-0.46,2.42,21.812,22.122,22.327,20.981,21.938,22.067,22.102,21.32,47.084,0.082,0.235,0.655,2483320.0
西藏矿业,000762,2025-09-03,21.84,21.19,22.12,21.12,125932,271825755.55,4.6,-2.49,-0.54,2.42,21.728,21.988,22.302,21.02,21.689,21.907,22.015,21.316,42.114,0.004,0.189,0.68,2357388.0
西藏矿业,000762,2025-09-04,21.2,21.28,21.99,20.91,181427,389491056.87,5.1,0.42,0.09,3.48,21.668,21.884,22.257,21.062,21.552,21.793,21.945,21.315,43.19,-0.051,0.141,0.709,2538815.0
西藏矿业,000762,2025-09-05,21.2,22.35,22.41,21.16,291124,642186177.45,5.87,5.03,1.07,5.59,21.748,21.893,22.253,21.127,21.818,21.895,21.984,21.349,54.113,-0.007,0.111,0.747,2829939.0
西藏矿业,000762,2025-09-08,22.31,22.87,22.95,22.15,340752,772101990.72,3.58,2.33,0.52,6.54,21.884,21.916,22.225,21.202,22.169,22.072,22.068,21.399,58.309,0.068,0.103,0.751,3170691.0
西藏矿业,000762,2025-09-09,22.71,23.0,23.53,22.67,367382,850825982.88,3.76,0.57,0.13,7.05,22.138,21.975,22.228,21.276,22.446,22.241,22.157,21.451,59.31,0.137,0.11,0.759,3538073.0
西藏矿业,000762,2025-09-10,22.5,22.69,22.98,22.48,199053,451782637.72,2.17,-1.35,-0.31,3.82,22.438,22.083,22.224,21.347,22.527,22.322,22.208,21.492,55.864,0.165,0.121,0.742,3339020.0
西藏矿业,000762,2025-09-11,22.7,22.49,22.76,22.35,185814,417593350.15,1.81,-0.88,-0.2,3.57,22.68,22.174,22.24,21.415,22.515,22.353,22.234,21.524,53.696,0.168,0.13,0.718,3153206.0
西藏矿业,000762,2025-09-12,22.61,23.15,23.74,22.4,318092,735796359.72,5.96,2.93,0.66,6.11,22.84,22.294,22.275,21.492,22.727,22.498,22.322,21.578,59.308,0.222,0.149,0.762,3471298.0
西藏矿业,000762,2025-09-15,23.19,23.09,23.7,22.98,203660,473107985.5,3.11,-0.26,-0.06,3.91,22.884,22.384,22.296,21.563,22.848,22.605,22.395,21.627,58.612,0.257,0.17,0.759,3267638.0
西藏矿业,000762,2025-09-16,23.29,22.82,23.29,22.46,160570,365148544.95,3.59,-1.17,-0.27,3.08,22.848,22.493,22.307,21.623,22.838,22.644,22.435,21.666,55.461,0.26,0.188,0.764,3107068.0
西藏矿业,000762,2025-09-17,22.79,22.85,23.0,22.5,120404,273380978.14,2.19,0.13,0.03,2.31,22.88,22.659,22.324,21.684,22.842,22.682,22.475,21.705,55.745,0.261,0.203,0.746,3227472.0
西藏矿业,000762,2025-09-18,22.73,21.91,22.73,21.7,213892,475395962.06,4.51,-4.11,-0.94,4.11,22.764,22.722,22.303,21.732,22.532,22.541,22.421,21.712,45.853,0.184,0.199,0.774,3013580.0
西藏矿业,000762,2025-09-19,21.91,22.44,22.8,21.9,201853,452810137.49,4.11,2.42,0.53,3.88,22.622,22.731,22.312,21.786,22.501,22.523,22.423,21.736,51.12,0.164,0.192,0.783,3215433.0
西藏矿业,000762,2025-09-22,22.56,21.95,22.68,21.8,132619,291935094.01,3.92,-2.18,-0.49,2.55,22.394,22.639,22.278,21.832,22.317,22.419,22.378,21.743,46.607,0.108,0.175,0.79,3082814.0
西藏矿业,000762,2025-09-23,21.95,21.43,22.05,21.05,157364,337337989.2,4.56,-2.37,-0.52,3.02,22.116,22.482,22.229,21.87,22.022,22.239,22.288,21.733,42.335,0.021,0.144,0.805,2925450.0
西藏矿业,000762,2025-09-24,21.3,22.37,22.48,21.23,200088,442635053.64,5.83,4.39,0.94,3.84,22.02,22.45,22.266,21.903,22.138,22.263,22.295,21.753,51.066,0.027,0.121,0.837,3125538.0
西藏矿业,000762,2025-09-25,22.4,22.58,23.12,22.34,193125,439226694.09,3.49,0.94,0.21,3.71,22.154,22.459,22.316,21.943,22.285,22.321,22.322,21.781,52.786,0.049,0.107,0.833,3318663.0
西藏矿业,000762,2025-09-26,23.07,22.72,23.8,22.72,276672,641237295.05,4.78,0.62,0.14,5.31,22.21,22.416,22.355,21.994,22.43,22.393,22.36,21.811,53.948,0.077,0.101,0.861,3595335.0
西藏矿业,000762,2025-09-29,22.84,23.4,23.49,22.84,325329,756395167.73,2.86,2.99,0.68,6.25,22.5,22.447,22.416,22.057,22.753,22.576,22.459,21.863,59.201,0.151,0.111,0.854,3920664.0
西藏矿业,000762,2025-09-30,23.45,24.43,25.0,23.23,522438,1273826257.59,7.56,4.4,1.03,10.03,23.1,22.608,22.55,22.129,23.312,22.913,22.647,21.948,65.601,0.291,0.147,0.92,4443102.0
西藏矿业,000762,2025-10-09,25.0,25.7,25.98,24.81,529960,1351773634.29,4.79,5.2,1.27,10.18,23.766,22.893,22.776,22.227,24.108,23.42,22.938,22.071,71.532,0.498,0.217,0.965,4973062.0
西藏矿业,000762,2025-10-10,25.6,24.99,25.78,24.83,389075,977418076.37,3.7,-2.76,-0.71,7.47,24.248,23.201,22.962,22.31,24.402,23.705,23.133,22.166,64.805,0.598,0.293,0.964,4583987.0
西藏矿业,000762,2025-10-13,24.02,25.05,25.12,24.02,287120,707818187.62,4.4,0.24,0.06,5.51,24.714,23.462,23.096,22.389,24.618,23.95,23.316,22.261,65.104,0.674,0.369,0.973,4871107.0
西藏矿业,000762,2025-10-14,25.68,24.34,25.69,24.21,287973,715960551.99,5.91,-2.83,-0.71,5.53,24.902,23.701,23.17,22.456,24.525,24.021,23.413,22.329,58.751,0.669,0.429,1.01,4583134.0
西藏矿业,000762,2025-10-15,24.7,24.29,24.77,24.04,182778,445760642.69,3.0,-0.21,-0.05,3.51,24.874,23.987,23.234,22.528,24.447,24.07,23.497,22.393,58.32,0.654,0.474,0.99,4400356.0
西藏矿业,000762,2025-10-16,24.25,24.04,24.83,23.9,179211,435433436.31,3.83,-1.03,-0.25,3.44,24.542,24.154,23.302,22.599,24.311,24.064,23.549,22.447,56.1,0.615,0.502,0.985,4221145.0
西藏矿业,000762,2025-10-17,24.24,23.78,25.22,23.5,227987,552844629.25,7.15,-1.08,-0.26,4.38,24.3,24.274,23.367,22.662,24.134,24.013,23.571,22.491,53.807,0.556,0.513,1.038,3993158.0
西藏矿业,000762,2025-10-20,24.1,23.53,24.18,23.37,167039,395658422.87,3.41,-1.05,-0.25,3.21,23.996,24.355,23.386,22.707,23.933,23.925,23.567,22.525,51.622,0.484,0.507,1.022,3826119.0
西藏矿业,000762,2025-10-21,23.7,23.51,24.12,23.34,157442,372222419.39,3.31,-0.08,-0.02,3.02,23.83,24.366,23.406,22.731,23.792,23.849,23.561,22.557,51.442,0.42,0.49,1.004,3668677.0
西藏矿业,000762,2025-10-22,23.38,23.01,23.38,22.76,143007,329102265.73,2.64,-2.13,-0.5,2.75,23.574,24.224,23.416,22.727,23.531,23.697,23.509,22.572,47.028,0.326,0.457,0.986,3525670.0
西藏矿业,000762,2025-10-23,23.09,24.32,24.57,22.84,346295,819974066.9,7.52,5.69,1.31,6.65,23.63,24.086,23.49,22.768,23.794,23.81,23.586,22.63,57.353,0.352,0.436,1.039,3871965.0
西藏矿业,000762,2025-10-24,24.42,24.19,24.89,24.02,256849,627640760.33,3.58,-0.53,-0.13,4.93,23.712,24.006,23.604,22.77,23.926,23.879,23.644,22.681,56.183,0.359,0.421,1.027,3615116.0
西藏矿业,000762,2025-10-27,24.3,24.5,24.89,24.26,211193,518132932.82,2.6,1.28,0.31,4.06,23.906,23.951,23.706,22.789,24.117,23.992,23.725,22.74,58.365,0.385,0.414,1.004,3826309.0
西藏矿业,000762,2025-10-28,24.71,24.55,25.09,24.27,235968,581901503.24,3.35,0.2,0.05,4.53,24.114,23.972,23.836,22.82,24.262,24.094,23.804,22.8,58.722,0.405,0.412,0.991,4062277.0
西藏矿业,000762,2025-10-29,24.33,24.82,25.22,24.33,230612,569430559.31,3.63,1.1,0.27,4.43,24.476,24.025,24.006,22.854,24.448,24.226,23.901,22.866,60.682,0.437,0.417,0.983,4292889.0
西藏矿业,000762,2025-10-30,24.82,26.6,26.9,24.51,721490,1874263312.34,9.63,7.17,1.78,13.85,24.932,24.281,24.218,22.926,25.165,24.657,24.158,22.988,70.597,0.599,0.453,1.084,5014379.0
西藏矿业,000762,2025-10-31,26.35,26.31,27.26,26.11,560518,1500139572.93,4.32,-1.09,-0.29,10.76,25.356,24.534,24.404,23.002,25.547,24.958,24.363,23.097,67.606,0.697,0.502,1.089,4453861.0
西藏矿业,000762,2025-11-03,26.46,26.21,26.53,25.68,303331,790599096.34,3.23,-0.38,-0.1,5.82,25.698,24.802,24.578,23.079,25.768,25.185,24.539,23.199,66.559,0.757,0.553,1.072,4150530.0
西藏矿业,000762,2025-11-04,26.2,25.85,27.37,25.68,325253,857020607.53,6.45,-1.37,-0.36,6.25,25.958,25.036,24.701,23.149,25.795,25.306,24.663,23.286,62.788,0.767,0.596,1.116,3825277.0
西藏矿业,000762,2025-11-05,25.42,26.7,27.27,25.3,363571,956092719.85,7.62,3.29,0.85,6.98,26.334,25.405,24.815,23.231,26.097,25.56,24.857,23.398,67.474,0.834,0.643,1.177,4188848.0
西藏矿业,000762,2025-11-06,26.9,28.5,29.0,26.73,605978,1703330661.85,8.5,6.74,1.8,11.64,26.714,25.823,24.955,23.344,26.898,26.094,25.204,23.565,74.73,1.02,0.719,1.257,4794826.0
西藏矿业,000762,2025-11-07,28.7,28.62,28.77,28.0,463612,1316627481.7,2.7,0.42,0.12,8.9,27.176,26.266,25.136,23.451,27.472,26.554,25.53,23.731,75.129,1.164,0.808,1.222,5258438.0
西藏矿业,000762,2025-11-10,29.01,28.75,30.66,28.58,639336,1883547836.52,7.27,0.45,0.13,12.28,27.684,26.691,25.321,23.557,27.898,26.953,25.836,23.896,75.578,1.274,0.901,1.283,5897774.0
西藏矿业,000762,2025-11-11,29.13,28.59,29.69,28.5,346158,1005130244.86,4.14,-0.56,-0.16,6.65,28.232,27.095,25.534,23.643,28.129,27.251,26.099,24.05,73.811,1.333,0.988,1.277,5551616.0
西藏矿业,000762,2025-11-12,28.5,28.18,29.03,27.53,321140,904943827.23,5.25,-1.43,-0.41,6.17,28.528,27.431,25.728,23.73,28.146,27.42,26.297,24.185,69.338,1.331,1.056,1.293,5230476.0
西藏矿业,000762,2025-11-13,28.4,29.87,30.7,28.04,556233,1656057666.21,9.44,6.0,1.69,10.68,28.802,27.758,26.019,23.848,28.721,27.865,26.637,24.371,75.838,1.449,1.135,1.39,5786709.0
西藏矿业,000762,2025-11-14,29.25,28.77,29.86,28.75,336903,980411068.77,3.72,-3.68,-1.1,6.47,28.832,28.004,26.269,23.958,28.737,28.03,26.84,24.516,66.026,1.438,1.196,1.371,5449806.0
西藏矿业,000762,2025-11-17,29.32,30.38,30.78,29.32,524308,1585622318.02,5.07,5.6,1.61,10.07,29.158,28.421,26.611,24.091,29.285,28.457,27.177,24.708,71.781,1.541,1.265,1.417,5974114.0
西藏矿业,000762,2025-11-18,30.87,29.73,31.68,29.41,493711,1495814103.05,7.47,-2.14,-0.65,9.48,29.386,28.809,26.922,24.208,29.433,28.688,27.42,24.873,66.857,1.552,1.322,1.478,5480403.0
西藏矿业,000762,2025-11-19,30.01,30.82,31.5,29.56,665293,2037650363.49,6.53,3.67,1.09,12.77,29.914,29.221,27.313,24.345,29.895,29.076,27.744,25.068,70.51,1.63,1.384,1.511,6145696.0
西藏矿业,000762,2025-11-20,31.0,30.79,32.59,30.52,641696,2027040431.28,6.72,-0.1,-0.03,12.32,30.098,29.45,27.636,24.483,30.194,29.388,28.034,25.255,70.281,1.67,1.441,1.551,5504000.0
西藏矿业,000762,2025-11-21,29.0,27.71,29.48,27.71,389049,1091621918.58,5.75,-10.0,-3.08,7.47,29.886,29.359,27.812,24.573,29.366,29.083,28.003,25.336,51.676,1.437,1.44,1.66,5114951.0
西藏矿业,000762,2025-11-24,26.88,25.7,26.88,25.09,536541,1380798916.23,6.46,-7.25,-2.01,10.3,28.95,29.054,27.872,24.63,28.144,28.468,27.784,25.348,43.57,1.078,1.368,1.728,4578410.0
西藏矿业,000762,2025-11-25,26.1,26.85,27.17,25.75,359165,947158642.64,5.53,4.47,1.15,6.9,28.374,28.88,27.988,24.7,27.713,28.173,27.695,25.397,48.543,0.875,1.269,1.71,4937575.0
西藏矿业,000762,2025-11-26,27.3,26.88,27.83,26.76,297064,807570713.96,3.99,0.11,0.03,5.7,27.586,28.75,28.09,24.775,27.435,27.938,27.617,25.446,48.67,0.709,1.157,1.664,5234639.0
西藏矿业,000762,2025-11-27,26.7,26.82,27.36,26.55,198937,536531569.43,3.01,-0.22,-0.06,3.82,26.792,28.445,28.101,24.862,27.23,27.735,27.542,25.491,48.413,0.567,1.039,1.603,5035702.0
西藏矿业,000762,2025-11-28,26.82,27.66,28.1,26.8,286921,791289440.57,4.85,3.13,0.84,5.51,26.782,28.334,28.169,24.963,27.373,27.721,27.553,25.562,52.224,0.515,0.934,1.582,5322623.0
西藏矿业,000762,2025-12-01,27.98,27.17,28.14,27.03,253162,694911030.16,4.01,-1.77,-0.49,4.86,27.076,28.013,28.217,25.05,27.306,27.621,27.516,25.614,49.908,0.43,0.833,1.548,5069461.0
西藏矿业,000762,2025-12-02,26.9,26.43,26.9,26.3,153965,407738922.02,2.21,-2.72,-0.74,2.96,26.992,27.683,28.246,25.121,27.014,27.405,27.413,25.641,46.55,0.299,0.727,1.5,4915496.0
西藏矿业,000762,2025-12-03,26.49,25.64,26.78,25.47,227383,587144903.33,4.96,-2.99,-0.79,4.37,26.744,27.165,28.193,25.186,26.556,27.084,27.244,25.641,43.207,0.13,0.607,1.486,4688113.0
西藏矿业,000762,2025-12-04,25.67,25.38,26.06,25.3,178740,457414406.41,2.96,-1.01,-0.26,3.43,26.456,26.624,28.037,25.256,26.164,26.774,27.067,25.633,42.135,-0.024,0.481,1.434,4509373.0
西藏矿业,000762,2025-12-05,25.32,25.55,25.74,25.06,172491,439186424.97,2.68,0.67,0.17,3.31,26.034,26.408,27.883,25.327,25.959,26.551,26.922,25.63,43.129,-0.131,0.359,1.38,4681864.0
西藏矿业,000762,2025-12-08,25.56,26.13,26.38,25.5,244632,632999557.0,3.44,2.27,0.58,4.7,25.826,26.451,27.752,25.39,26.016,26.475,26.847,25.646,46.505,-0.168,0.253,1.345,4926496.0
西藏矿业,000762,2025-12-09,25.93,25.41,25.93,25.28,181590,463246253.06,2.49,-2.76,-0.72,3.49,25.622,26.307,27.593,25.432,25.814,26.281,26.71,25.639,43.086,-0.252,0.152,1.309,4744906.0
西藏矿业,000762,2025-12-10,25.42,25.55,25.76,24.9,197825,500893210.76,3.38,0.55,0.14,3.8,25.604,26.174,27.462,25.475,25.726,26.148,26.599,25.636,43.949,-0.303,0.061,1.277,4942731.0
西藏矿业,000762,2025-12-11,25.83,25.45,26.28,25.45,223414,577006259.69,3.25,-0.39,-0.1,4.29,25.618,26.037,27.241,25.521,25.634,26.021,26.49,25.63,43.442,-0.348,-0.021,1.245,4719317.0
西藏矿业,000762,2025-12-12,25.9,24.96,26.09,24.86,229098,579109809.9,4.83,-1.93,-0.49,4.4,25.5,25.767,27.05,25.562,25.409,25.828,26.344,25.608,40.951,-0.419,-0.1,1.244,4490219.0
西藏矿业,000762,2025-12-15,24.79,24.74,25.06,24.38,169261,417989494.76,2.72,-0.88,-0.22,3.25,25.222,25.524,26.768,25.588,25.186,25.63,26.191,25.579,39.846,-0.487,-0.178,1.204,4320958.0
西藏矿业,000762,2025-12-16,24.74,24.44,24.84,23.97,151751,369111676.8,3.52,-1.21,-0.3,2.91,25.028,25.325,26.504,25.611,24.937,25.414,26.025,25.542,38.327,-0.558,-0.254,1.18,4169207.0
西藏矿业,000762,2025-12-17,25.01,25.98,26.08,24.73,339766,866486928.97,5.52,6.3,1.54,6.52,25.114,25.359,26.262,25.664,25.285,25.517,26.02,25.556,49.06,-0.485,-0.3,1.213,4508973.0
西藏矿业,000762,2025-12-18,25.8,25.42,26.18,25.37,195879,503865588.34,3.12,-2.16,-0.56,3.76,25.108,25.363,25.993,25.706,25.33,25.499,25.963,25.552,45.93,-0.467,-0.333,1.184,4313094.0
西藏矿业,000762,2025-12-19,25.63,26.28,26.48,25.05,294710,762662782.79,5.63,3.38,0.86,5.66,25.372,25.436,25.922,25.779,25.647,25.641,25.993,25.576,51.09,-0.379,-0.342,1.202,4607804.0
西藏矿业,000762,2025-12-22,26.51,26.69,26.7,26.36,38943,103371440.3,1.29,1.56,0.41,0.75,25.762,25.492,25.971,25.85,25.994,25.832,26.06,25.612,53.375,-0.273,-0.329,1.146,4646747.0
天音控股,000829,2025-01-02,12.9,12.95,13.39,12.67,602291,784817669.33,5.47,-1.67,-0.22,5.88,,,,,,,,,,,,,602291.0
天音控股,000829,2025-01-03,12.7,11.65,12.75,11.65,542741,650416899.91,8.49,-10.04,-1.3,5.3,,,,,,,,,,,,,59550.0
天音控股,000829,2025-01-06,11.19,10.62,11.34,10.48,713583,770019653.97,7.38,-8.84,-1.03,6.97,,,,,,,,,,,,,-654033.0
天音控股,000829,2025-01-07,10.67,10.75,10.8,10.27,453476,477257809.66,4.99,1.22,0.13,4.43,,,,,,,,,,,,,-200557.0
天音控股,000829,2025-01-08,10.59,10.5,10.72,10.14,378476,395243075.64,5.4,-2.33,-0.25,3.7,11.294,,,,11.294,,,,,,,,-579033.0
天音控股,000829,2025-01-09,10.39,10.46,10.65,10.37,264410,278598932.96,2.67,-0.38,-0.04,2.58,10.796,,,,11.016,,,,,,,,-843443.0
天音控股,000829,2025-01-10,10.48,9.97,10.55,9.97,264271,271058925.38,5.54,-4.68,-0.49,2.58,10.46,,,,10.667,,,,,,,,-1107714.0
天音控股,000829,2025-01-13,9.76,10.06,10.09,9.61,254080,252234799.98,4.81,0.9,0.09,2.48,10.348,,,,10.465,,,,,,,,-853634.0
天音控股,000829,2025-01-14,10.2,10.47,10.49,9.97,309466,320111377.0,5.17,4.08,0.41,3.02,10.292,,,,10.467,,,,,,,,-544168.0
天音控股,000829,2025-01-15,10.45,10.18,10.52,10.15,299772,309241953.67,3.53,-2.77,-0.29,2.93,10.228,10.761,,,10.371,10.761,,,,,,,-843940.0
天音控股,000829,2025-01-16,10.29,10.21,10.48,10.11,457386,470843961.0,3.63,0.29,0.03,4.47,10.178,10.487,,,10.317,10.661,,,,,,,-386554.0
天音控股,000829,2025-01-17,10.18,10.43,10.67,10.01,495010,512555340.85,6.46,2.15,0.22,4.83,10.27,10.365,,,10.355,10.619,,,,,,,108456.0
天音控股,000829,2025-01-20,10.56,10.42,10.62,10.24,412570,430491573.0,3.64,-0.1,-0.01,4.03,10.342,10.345,,,10.377,10.583,,,,,,,-304114.0
天音控股,000829,2025-01-21,10.41,10.38,10.67,10.24,318361,331363842.5,4.13,-0.38,-0.04,3.11,10.324,10.308,,,10.378,10.546,,,,,,,-622475.0
天音控股,000829,2025-01-22,10.29,10.22,10.38,10.17,191923,197063187.5,2.02,-1.54,-0.16,1.87,10.332,10.28,,,10.325,10.487,,,19.599,,,0.564,-814398.0
天音控股,000829,2025-01-23,10.34,10.12,10.58,10.12,286697,297474102.44,4.5,-0.98,-0.1,2.8,10.314,10.246,,,10.257,10.42,,,19.14,,,0.556,-1101095.0
天音控股,000829,2025-01-24,10.07,10.27,10.31,10.04,209761,214987024.0,2.67,1.48,0.15,2.05,10.282,10.276,,,10.261,10.393,,,22.088,,,0.536,-891334.0
天音控股,000829,2025-01-27,10.34,10.03,10.41,10.0,216275,219590325.0,3.99,-2.34,-0.24,2.11,10.204,10.273,,,10.184,10.327,,,20.782,,,0.527,-1107609.0
天音控股,000829,2025-02-05,10.12,10.3,10.43,10.08,251645,259316079.55,3.49,2.69,0.27,2.46,10.188,10.256,,,10.223,10.322,,,26.076,,,0.518,-855964.0
天音控股,000829,2025-02-06,10.31,10.61,10.62,10.2,325003,341096588.52,4.08,3.01,0.31,3.17,10.266,10.299,10.53,,10.352,10.374,10.53,,31.718,,,0.511,-530961.0
天音控股,000829,2025-02-07,10.6,10.94,11.25,10.54,500237,548708707.1,6.69,3.11,0.33,4.88,10.43,10.372,10.43,,10.548,10.477,10.569,,37.212,,,0.525,-30724.0
天音控股,000829,2025-02-10,11.23,11.64,11.79,11.14,620687,717361971.92,5.94,6.4,0.7,6.06,10.704,10.493,10.429,,10.912,10.689,10.671,,46.96,,,0.548,589963.0
天音控股,000829,2025-02-11,11.69,11.55,11.84,11.34,416497,481240515.9,4.3,-0.77,-0.09,4.07,11.008,10.606,10.476,,11.125,10.845,10.755,,45.972,,,0.545,173466.0
天音控股,000829,2025-02-12,11.56,11.67,11.77,11.41,312293,362322540.56,3.12,1.04,0.12,3.05,11.282,10.735,10.522,,11.306,10.995,10.842,,47.556,,,0.532,485759.0
天音控股,000829,2025-02-13,11.65,11.45,11.7,11.39,299253,344782073.0,2.66,-1.89,-0.22,2.92,11.45,10.858,10.569,,11.354,11.078,10.9,,44.953,,,0.516,186506.0
天音控股,000829,2025-02-14,11.45,11.33,11.45,11.12,268904,304188878.0,2.88,-1.05,-0.12,2.63,11.528,10.979,10.612,,11.346,11.124,10.941,,43.553,,,0.502,-82398.0
天音控股,000829,2025-02-17,11.37,11.34,11.57,11.25,265139,302808598.27,2.82,0.09,0.01,2.59,11.468,11.086,10.681,,11.344,11.163,10.979,,43.71,,,0.489,182741.0
天音控股,000829,2025-02-18,11.33,10.87,11.33,10.85,253442,280899990.0,4.23,-4.14,-0.47,2.47,11.332,11.17,10.722,,11.186,11.11,10.968,,38.305,,,0.489,-70701.0
天音控股,000829,2025-02-19,10.92,11.07,11.08,10.82,174773,192081022.86,2.39,1.84,0.2,1.71,11.212,11.247,10.752,,11.147,11.103,10.978,,41.613,,,0.473,104072.0
天音控股,000829,2025-02-20,11.07,11.2,11.24,10.99,249078,277728001.2,2.26,1.17,0.13,2.43,11.162,11.306,10.802,,11.165,11.12,10.999,,43.726,,,0.457,353150.0
天音控股,000829,2025-02-21,11.23,11.18,11.24,10.96,246178,273902901.61,2.5,-0.18,-0.02,2.4,11.132,11.33,10.851,,11.17,11.131,11.016,,43.466,,,0.444,106972.0
天音控股,000829,2025-02-24,11.13,11.3,11.57,10.92,329320,370069365.29,5.81,1.07,0.12,3.22,11.124,11.296,10.894,,11.213,11.162,11.043,,45.562,,,0.459,436292.0
天音控股,000829,2025-02-25,11.23,11.25,11.52,11.05,326632,370660231.77,4.16,-0.44,-0.05,3.19,11.2,11.266,10.936,,11.226,11.178,11.063,,44.816,,,0.46,109660.0
天音控股,000829,2025-02-26,11.46,12.38,12.38,11.26,842679,1005425817.14,9.96,10.04,1.13,8.23,11.462,11.337,11.036,,11.61,11.396,11.189,,60.535,0.253,0.15,0.508,952339.0
天音控股,000829,2025-02-27,12.22,11.97,12.62,11.79,858641,1039144197.7,6.7,-3.31,-0.41,8.38,11.616,11.389,11.124,,11.73,11.501,11.263,,54.472,0.289,0.178,0.531,93698.0
天音控股,000829,2025-02-28,11.91,11.33,11.98,11.07,536295,622495858.9,7.6,-5.35,-0.64,5.24,11.646,11.389,11.184,,11.597,11.47,11.269,,46.623,0.263,0.195,0.558,-442597.0
天音控股,000829,2025-03-03,11.33,11.29,11.65,11.1,495011,563458636.21,4.85,-0.35,-0.04,4.83,11.644,11.384,11.235,,11.495,11.437,11.271,,46.175,0.236,0.203,0.557,-937608.0
天音控股,000829,2025-03-04,11.17,11.6,11.69,11.11,425975,487865299.0,5.14,2.75,0.31,4.16,11.714,11.457,11.314,,11.53,11.467,11.303,,50.17,0.237,0.21,0.559,-511633.0
天音控股,000829,2025-03-05,12.66,12.76,12.76,12.66,350777,447465240.93,0.86,10.0,1.16,3.43,11.79,11.626,11.436,,11.94,11.702,11.441,,61.643,0.328,0.234,0.602,-160856.0
天音控股,000829,2025-03-06,13.67,13.43,13.87,12.64,1644375,2179995994.78,9.64,5.25,0.67,16.06,12.082,11.849,11.578,,12.437,12.016,11.631,,66.448,0.449,0.277,0.647,1483519.0
天音控股,000829,2025-03-07,13.05,12.48,13.44,12.29,1043918,1334192067.11,8.56,-7.07,-0.95,10.19,12.312,11.979,11.654,,12.451,12.1,11.712,,55.778,0.463,0.314,0.683,439601.0
天音控股,000829,2025-03-10,12.49,12.29,12.59,12.1,499762,612693826.44,3.93,-1.52,-0.19,4.88,12.512,12.078,11.687,,12.397,12.135,11.767,,53.914,0.453,0.342,0.669,-60161.0
天音控股,000829,2025-03-11,12.13,12.27,12.34,12.04,398673,487698924.56,2.44,-0.16,-0.02,3.89,12.646,12.18,11.723,,12.355,12.159,11.815,,53.71,0.439,0.361,0.643,-458834.0
天音控股,000829,2025-03-12,12.46,12.08,12.52,12.07,583429,716826905.18,3.67,-1.55,-0.19,5.7,12.51,12.15,11.744,,12.263,12.145,11.84,,51.713,0.407,0.37,0.629,-1042263.0
天音控股,000829,2025-03-13,12.08,12.15,12.29,11.81,550938,664298048.37,3.97,0.58,0.07,5.38,12.254,12.168,11.779,,12.226,12.146,11.869,,52.415,0.384,0.373,0.618,-491325.0
天音控股,000829,2025-03-14,12.24,12.44,12.47,12.2,627123,776316880.81,2.22,2.39,0.29,6.12,12.246,12.279,11.834,,12.297,12.199,11.924,,55.314,0.384,0.375,0.597,135798.0
天音控股,000829,2025-03-17,12.44,12.29,12.55,12.23,464432,573349743.35,2.57,-1.21,-0.15,4.53,12.246,12.379,11.881,,12.295,12.216,11.959,,53.498,0.368,0.374,0.577,-328634.0
天音控股,000829,2025-03-18,12.25,12.17,12.34,12.04,348016,424007951.66,2.44,-0.98,-0.12,3.4,12.226,12.436,11.946,,12.253,12.208,11.979,,52.027,0.341,0.367,0.557,-676650.0
天音控股,000829,2025-03-19,12.11,12.23,12.29,12.05,261135,318436279.71,1.97,0.49,0.06,2.55,12.256,12.383,12.004,,12.245,12.212,12.003,,52.727,0.322,0.358,0.535,-415515.0
天音控股,000829,2025-03-20,12.27,11.91,12.28,11.84,316806,382395032.76,3.6,-2.62,-0.32,3.09,12.208,12.231,12.04,,12.134,12.157,11.994,,48.65,0.277,0.342,0.528,-732321.0
天音控股,000829,2025-03-21,11.76,11.24,11.79,11.24,445142,509119273.57,4.62,-5.63,-0.67,4.35,11.968,12.107,12.043,,11.836,11.99,11.922,,41.427,0.185,0.31,0.538,-1177463.0
天音控股,000829,2025-03-24,11.19,10.98,11.29,10.74,303575,334598664.79,4.89,-2.31,-0.26,2.96,11.706,11.976,12.027,,11.55,11.806,11.832,,39.007,0.091,0.267,0.539,-1481038.0
天音控股,000829,2025-03-25,10.94,10.81,11.03,10.66,294346,318250376.1,3.37,-1.55,-0.17,2.87,11.434,11.83,12.005,,11.304,11.625,11.735,,37.466,0.002,0.214,0.527,-1775384.0
天音控股,000829,2025-03-26,10.76,10.85,10.91,10.72,143886,156130611.43,1.76,0.37,0.04,1.4,11.158,11.707,11.928,,11.152,11.484,11.651,,38.086,-0.065,0.158,0.503,-1631498.0
天音控股,000829,2025-03-27,10.85,10.86,10.94,10.66,140402,151989869.16,2.58,0.09,0.01,1.37,10.948,11.578,11.873,,11.055,11.371,11.575,,38.251,-0.115,0.103,0.487,-1491096.0
天音控股,000829,2025-03-28,10.99,10.77,11.03,10.74,147626,160599101.1,2.67,-0.83,-0.09,1.44,10.854,11.411,11.845,,10.96,11.262,11.499,,37.289,-0.16,0.051,0.473,-1638722.0
天音控股,000829,2025-03-31,10.61,10.71,10.73,10.52,126767,134843329.15,1.95,-0.56,-0.06,1.24,10.8,11.253,11.816,,10.877,11.161,11.424,,36.628,-0.199,0.001,0.457,-1765489.0
天音控股,000829,2025-04-01,10.76,10.72,10.86,10.68,108756,117241398.72,1.68,0.09,0.01,1.06,10.782,11.108,11.772,,10.824,11.081,11.357,,36.829,-0.226,-0.045,0.437,-1656733.0
天音控股,000829,2025-04-02,10.72,10.85,10.94,10.65,157267,170842501.06,2.71,1.21,0.13,1.54,10.782,10.97,11.676,,10.833,11.039,11.308,,39.516,-0.234,-0.083,0.427,-1499466.0
天音控股,000829,2025-04-03,10.66,10.67,10.87,10.63,143594,154342695.0,2.21,-1.66,-0.18,1.4,10.744,10.846,11.538,11.215,10.779,10.972,11.248,11.215,37.159,-0.253,-0.117,0.413,-1643060.0
天音控股,000829,2025-04-07,9.76,9.6,10.09,9.6,183181,177652179.0,4.59,-10.03,-1.07,1.79,10.51,10.682,11.394,11.16,10.386,10.722,11.091,11.162,26.892,-0.349,-0.163,0.46,-1826241.0
天音控股,000829,2025-04-08,9.35,9.04,9.65,8.79,398443,364765324.95,8.96,-5.83,-0.56,3.89,10.176,10.488,11.232,11.116,9.937,10.417,10.895,11.093,23.268,-0.466,-0.224,0.489,-2224684.0
天音控股,000829,2025-04-09,8.79,9.19,9.24,8.21,340636,301070898.45,11.39,1.66,0.15,3.33,9.87,10.326,11.078,11.092,9.688,10.194,10.733,11.03,26.139,-0.54,-0.287,0.527,-1884048.0
天音控股,000829,2025-04-10,9.36,9.42,9.64,9.34,232304,220820368.13,3.26,2.5,0.23,2.27,9.584,10.183,10.945,11.07,9.599,10.053,10.608,10.978,30.437,-0.573,-0.344,0.522,-1651744.0
天音控股,000829,2025-04-11,9.34,9.51,9.59,9.29,169537,161164438.27,3.18,0.96,0.09,1.66,9.352,10.048,10.813,11.053,9.569,9.954,10.503,10.929,32.102,-0.586,-0.392,0.506,-1482207.0
天音控股,000829,2025-04-14,9.74,9.78,9.95,9.74,191918,188695329.92,2.21,2.84,0.27,1.87,9.388,9.949,10.68,11.042,9.639,9.923,10.434,10.892,36.975,-0.567,-0.427,0.501,-1290289.0
天音控股,000829,2025-04-15,9.8,9.77,9.85,9.69,113309,110770576.0,1.64,-0.1,-0.01,1.11,9.534,9.855,10.554,11.039,9.683,9.895,10.371,10.855,36.87,-0.547,-0.451,0.477,-1403598.0
天音控股,000829,2025-04-16,9.77,9.56,9.78,9.41,142818,136865017.2,3.79,-2.15,-0.21,1.39,9.608,9.739,10.423,11.03,9.642,9.834,10.294,10.813,34.634,-0.542,-0.469,0.469,-1546416.0
天音控股,000829,2025-04-17,9.49,9.56,9.71,9.44,101045,97515497.65,2.82,0.0,0.0,0.99,9.636,9.61,10.29,11.015,9.615,9.784,10.224,10.771,34.634,-0.532,-0.482,0.455,-1546416.0
天音控股,000829,2025-04-18,9.57,9.61,9.7,9.42,107091,102254019.51,2.93,0.52,0.05,1.05,9.656,9.504,10.175,11.006,9.613,9.752,10.166,10.733,35.71,-0.514,-0.488,0.443,-1439325.0
天音控股,000829,2025-04-21,9.59,9.83,9.87,9.51,138154,135094299.0,3.75,2.29,0.22,1.35,9.666,9.527,10.104,10.999,9.685,9.767,10.134,10.704,40.364,-0.476,-0.486,0.437,-1301171.0
天音控股,000829,2025-04-22,9.81,9.81,9.86,9.68,120049,117748354.58,1.83,-0.2,-0.02,1.17,9.674,9.604,10.046,10.989,9.727,9.774,10.103,10.674,40.08,-0.443,-0.477,0.418,-1421220.0
天音控股,000829,2025-04-23,9.84,9.87,10.04,9.78,143429,141924190.16,2.65,0.61,0.06,1.4,9.736,9.672,9.999,10.98,9.775,9.792,10.081,10.648,41.412,-0.407,-0.463,0.407,-1277791.0
天音控股,000829,2025-04-24,9.83,9.57,9.86,9.55,136693,132446370.0,3.14,-3.04,-0.3,1.33,9.738,9.687,9.935,10.966,9.706,9.751,10.032,10.613,36.985,-0.398,-0.45,0.401,-1414484.0
天音控股,000829,2025-04-25,9.58,9.62,9.73,9.58,95902,92687567.76,1.57,0.52,0.05,0.94,9.74,9.698,9.873,10.956,9.678,9.728,9.993,10.58,38.171,-0.383,-0.437,0.384,-1318582.0
天音控股,000829,2025-04-28,9.61,9.42,9.66,9.39,111757,106466939.0,2.81,-2.08,-0.2,1.09,9.658,9.662,9.806,10.945,9.592,9.672,9.938,10.542,35.308,-0.382,-0.426,0.375,-1430339.0
天音控股,000829,2025-04-29,9.43,9.54,9.64,9.4,100131,95899239.0,2.55,1.27,0.12,0.98,9.604,9.639,9.747,10.933,9.574,9.648,9.9,10.509,38.299,-0.368,-0.414,0.366,-1330208.0
天音控股,000829,2025-04-30,9.64,9.65,9.75,9.56,121326,117726167.3,1.99,1.15,0.11,1.18,9.56,9.648,9.694,10.926,9.6,9.648,9.876,10.481,40.992,-0.344,-0.4,0.355,-1208882.0
天音控股,000829,2025-05-06,9.76,10.06,10.07,9.73,204518,204274363.88,3.52,4.25,0.41,2.0,9.658,9.698,9.654,10.922,9.753,9.723,9.894,10.467,49.789,-0.288,-0.378,0.359,-1004364.0
天音控股,000829,2025-05-07,10.19,10.13,10.4,10.04,233735,238812333.96,3.58,0.7,0.07,2.28,9.76,9.75,9.627,10.914,9.879,9.797,9.916,10.456,51.129,-0.236,-0.349,0.359,-770629.0
天音控股,000829,2025-05-08,10.12,10.29,10.36,10.06,208476,213495835.52,2.96,1.58,0.16,2.04,9.934,9.796,9.662,10.903,10.016,9.887,9.952,10.451,54.14,-0.179,-0.315,0.355,-562153.0
天音控股,000829,2025-05-09,10.24,10.06,10.26,10.01,134769,136179140.46,2.43,-2.24,-0.23,1.32,10.038,9.821,9.713,10.877,10.031,9.918,9.962,10.438,49.425,-0.151,-0.282,0.35,-696922.0
天音控股,000829,2025-05-12,10.17,10.22,10.24,10.14,120211,122651744.0,0.99,1.59,0.16,1.17,10.152,9.856,9.764,10.855,10.094,9.973,9.987,10.431,52.523,-0.115,-0.249,0.338,-576711.0
天音控股,000829,2025-05-13,10.34,10.13,10.35,10.13,134700,137936918.34,2.15,-0.88,-0.09,1.32,10.166,9.912,9.8,10.829,10.106,10.002,10.0,10.421,50.644,-0.092,-0.217,0.329,-711411.0
天音控股,000829,2025-05-14,10.13,10.15,10.23,10.05,98744,100127622.02,1.78,0.2,0.02,0.96,10.17,9.965,9.832,10.808,10.121,10.029,10.015,10.412,51.063,-0.072,-0.188,0.319,-612667.0
天音控股,000829,2025-05-15,10.15,9.94,10.15,9.91,108480,108594004.74,2.36,-2.07,-0.21,1.06,10.1,10.017,9.84,10.784,10.06,10.012,10.008,10.397,46.59,-0.072,-0.165,0.313,-721147.0
天音控股,000829,2025-05-16,9.91,9.94,10.02,9.9,74291,74110222.02,1.21,0.0,0.0,0.73,10.076,10.057,9.848,10.761,10.02,9.999,10.001,10.382,46.59,-0.071,-0.146,0.299,-721147.0
天音控股,000829,2025-05-19,9.97,10.11,10.13,9.83,119475,119844771.86,3.02,1.71,0.17,1.17,10.054,10.103,9.876,10.748,10.05,10.019,10.012,10.373,50.649,-0.056,-0.128,0.299,-601672.0
天音控股,000829,2025-05-20,10.17,10.45,10.48,10.01,254333,262161842.4,4.65,3.36,0.34,2.48,10.118,10.142,9.92,10.738,10.183,10.098,10.053,10.375,57.589,-0.016,-0.106,0.311,-347339.0
天音控股,000829,2025-05-21,10.38,10.17,10.42,10.15,149660,153174522.44,2.58,-2.68,-0.28,1.46,10.122,10.146,9.948,10.721,10.179,10.111,10.064,10.369,51.203,-0.007,-0.086,0.311,-496999.0
天音控股,000829,2025-05-22,10.19,10.06,10.27,10.05,137648,139741393.0,2.16,-1.08,-0.11,1.34,10.146,10.123,9.96,10.702,10.139,10.102,10.064,10.358,48.908,-0.009,-0.071,0.304,-634647.0
天音控股,000829,2025-05-23,10.06,9.83,10.09,9.81,142274,141766303.29,2.78,-2.29,-0.23,1.39,10.124,10.1,9.96,10.678,10.036,10.052,10.042,10.341,44.425,-0.029,-0.062,0.302,-776921.0
天音控股,000829,2025-05-26,9.79,9.96,10.06,9.76,115941,115213872.98,3.05,1.32,0.13,1.13,10.094,10.074,9.965,10.656,10.011,10.035,10.034,10.329,47.362,-0.034,-0.057,0.302,-660980.0
天音控股,000829,2025-05-27,9.96,9.9,9.98,9.82,87486,86588010.86,1.61,-0.6,-0.06,0.85,9.984,10.051,9.982,10.615,9.974,10.011,10.021,10.315,46.15,-0.042,-0.054,0.292,-748466.0
天音控股,000829,2025-05-28,9.93,9.8,10.01,9.74,94076,92571243.2,2.73,-1.01,-0.1,0.92,9.91,10.016,9.99,10.579,9.916,9.972,10.0,10.298,44.123,-0.055,-0.054,0.291,-842542.0
天音控股,000829,2025-05-29,9.98,10.1,10.27,9.9,270133,273359922.59,3.78,3.06,0.3,2.64,9.918,10.032,10.025,10.558,9.977,9.996,10.01,10.291,51.066,-0.042,-0.051,0.303,-572409.0
天音控股,000829,2025-05-30,10.07,9.8,10.09,9.77,175376,173293281.28,3.17,-2.97,-0.3,1.71,9.912,10.018,10.038,10.533,9.918,9.96,9.99,10.275,45.039,-0.054,-0.052,0.305,-747785.0
天音控股,000829,2025-06-03,9.74,9.77,9.92,9.73,108991,107086816.0,1.94,-0.31,-0.03,1.06,9.874,9.984,10.044,10.503,9.869,9.926,9.969,10.259,44.474,-0.066,-0.055,0.297,-856776.0
天音控股,000829,2025-06-04,9.81,9.93,9.99,9.76,115597,114294249.47,2.35,1.64,0.16,1.13,9.88,9.932,10.037,10.456,9.889,9.926,9.965,10.248,48.208,-0.062,-0.056,0.292,-741179.0
天音控股,000829,2025-06-05,9.93,9.98,10.02,9.85,92655,92243562.0,1.71,0.5,0.05,0.9,9.916,9.913,10.03,10.398,9.919,9.936,9.966,10.239,49.354,-0.054,-0.056,0.283,-648524.0
天音控股,000829,2025-06-06,10.03,9.94,10.03,9.88,96086,95491695.0,1.5,-0.4,-0.04,0.94,9.884,9.901,10.012,10.356,9.926,9.937,9.964,10.229,48.43,-0.05,-0.055,0.274,-744610.0
天音控股,000829,2025-06-09,9.95,10.09,10.32,9.91,196981,199583957.06,4.12,1.51,0.15,1.92,9.942,9.927,10.014,10.319,9.981,9.965,9.976,10.225,52.053,-0.034,-0.051,0.284,-547629.0
天音控股,000829,2025-06-10,10.02,9.9,10.1,9.76,165983,164724962.01,3.37,-1.88,-0.19,1.62,9.968,9.921,9.998,10.28,9.954,9.953,9.969,10.214,47.501,-0.037,-0.048,0.288,-713612.0
天音控股,000829,2025-06-11,9.91,9.94,10.07,9.88,136933,136842864.0,1.92,0.4,0.04,1.34,9.97,9.925,9.988,10.244,9.949,9.951,9.966,10.205,48.522,-0.036,-0.045,0.281,-576679.0
天音控股,000829,2025-06-12,9.92,9.9,9.99,9.86,109324,108519639.83,1.31,-0.4,-0.04,1.07,9.954,9.935,9.976,10.207,9.933,9.941,9.96,10.195,47.527,-0.037,-0.044,0.27,-686003.0
天音控股,000829,2025-06-13,9.86,9.58,9.87,9.55,187581,181378773.06,3.23,-3.23,-0.32,1.83,9.882,9.883,9.958,10.159,9.815,9.876,9.924,10.175,40.391,-0.063,-0.048,0.276,-873584.0
天音控股,000829,2025-06-16,9.52,9.73,9.78,9.48,109934,106757067.87,3.13,1.57,0.15,1.07,9.81,9.876,9.947,10.116,9.787,9.849,9.905,10.16,44.591,-0.071,-0.052,0.277,-763650.0
天音控股,000829,2025-06-17,9.73,9.75,9.79,9.68,73448,71602464.69,1.13,0.21,0.02,0.72,9.78,9.874,9.929,10.076,9.775,9.831,9.89,10.147,45.146,-0.075,-0.057,0.265,-690202.0
天音控股,000829,2025-06-18,9.74,9.7,9.76,9.64,78375,75984760.0,1.23,-0.51,-0.05,0.77,9.732,9.851,9.892,10.034,9.75,9.807,9.872,10.132,43.96,-0.081,-0.062,0.255,-768577.0
天音控股,000829,2025-06-19,9.65,9.52,9.83,9.49,126531,121911580.0,3.51,-1.86,-0.18,1.24,9.656,9.805,9.859,9.994,9.673,9.755,9.839,10.112,39.899,-0.1,-0.069,0.261,-895108.0
天音控股,000829,2025-06-20,9.52,9.43,9.61,9.43,82507,78299204.11,1.89,-0.95,-0.09,0.81,9.626,9.754,9.828,9.964,9.592,9.696,9.8,10.09,38.008,-0.12,-0.08,0.255,-977615.0
天音控股,000829,2025-06-23,9.36,9.6,9.65,9.33,92832,88580784.0,3.39,1.8,0.17,0.91,9.6,9.705,9.816,9.941,9.595,9.679,9.781,10.074,43.459,-0.121,-0.088,0.26,-884783.0
天音控股,000829,2025-06-24,9.68,9.88,9.93,9.65,154419,151720457.0,2.92,2.92,0.28,1.51,9.626,9.703,9.812,9.925,9.69,9.715,9.79,10.067,51.087,-0.098,-0.09,0.265,-730364.0
天音控股,000829,2025-06-25,9.88,9.97,10.12,9.88,191775,191765931.04,2.43,0.91,0.09,1.87,9.68,9.706,9.816,9.911,9.783,9.761,9.807,10.064,53.269,-0.072,-0.086,0.263,-538589.0
天音控股,000829,2025-06-26,9.97,10.11,10.16,9.9,243078,244178343.41,2.61,1.4,0.14,2.37,9.798,9.727,9.831,9.898,9.892,9.825,9.836,10.066,56.519,-0.039,-0.077,0.263,-295511.0
天音控股,000829,2025-06-27,10.51,10.12,10.62,10.08,483290,495867948.34,5.34,0.1,0.01,4.72,9.936,9.781,9.832,9.887,9.968,9.879,9.863,10.067,56.75,-0.012,-0.064,0.283,187779.0
天音控股,000829,2025-06-30,10.42,10.21,10.45,10.15,271216,277839070.5,2.96,0.89,0.09,2.65,10.058,9.829,9.853,9.879,10.049,9.939,9.896,10.072,58.872,0.016,-0.048,0.286,458995.0
天音控股,000829,2025-07-01,10.23,10.82,11.19,10.06,800606,850550067.08,11.07,5.97,0.61,7.82,10.246,9.936,9.905,9.881,10.306,10.099,9.984,10.097,69.714,0.087,-0.021,0.346,1259601.0
天音控股,000829,2025-07-02,10.58,10.37,10.58,10.31,412711,429694004.72,2.5,-4.16,-0.45,4.03,10.326,10.003,9.927,9.873,10.327,10.148,10.021,10.106,57.642,0.105,0.004,0.358,846890.0
天音控股,000829,2025-07-03,10.36,10.34,10.5,10.33,211811,220144360.81,1.64,-0.29,-0.03,2.07,10.372,10.085,9.945,9.867,10.331,10.183,10.051,10.113,56.934,0.116,0.027,0.345,635079.0
天音控股,000829,2025-07-04,10.34,10.16,10.38,10.15,201714,206271359.84,2.22,-1.74,-0.18,1.97,10.38,10.158,9.956,9.876,10.274,10.179,10.062,10.115,52.749,0.109,0.043,0.336,433365.0
天音控股,000829,2025-07-07,10.2,10.16,10.23,10.13,111739,113712202.2,0.98,0.0,0.0,1.09,10.37,10.214,9.96,9.895,10.236,10.175,10.071,10.116,52.749,0.102,0.055,0.32,433365.0
天音控股,000829,2025-07-08,10.19,10.26,10.31,10.18,127400,130716254.03,1.28,0.98,0.1,1.24,10.258,10.252,9.978,9.913,10.244,10.191,10.089,10.121,54.885,0.103,0.064,0.307,560765.0
天音控股,000829,2025-07-09,10.27,10.17,10.3,10.16,137592,140675780.5,1.36,-0.88,-0.09,1.34,10.218,10.272,9.989,9.925,10.219,10.187,10.097,10.123,52.581,0.096,0.071,0.295,423173.0
天音控股,000829,2025-07-10,10.17,10.22,10.23,10.14,104809,106801173.4,0.88,0.49,0.05,1.02,10.194,10.283,10.005,9.937,10.22,10.193,10.108,10.126,53.743,0.093,0.075,0.281,527982.0
天音控股,000829,2025-07-11,10.19,10.33,10.35,10.14,203424,208627029.55,2.05,1.08,0.11,1.99,10.228,10.304,10.042,9.946,10.256,10.218,10.13,10.132,56.281,0.099,0.08,0.276,731406.0
天音控股,000829,2025-07-14,10.33,10.21,10.35,10.19,105663,108229557.44,1.55,-1.16,-0.12,1.03,10.238,10.304,10.067,9.954,10.241,10.217,10.137,10.135,52.873,0.093,0.083,0.267,625743.0
天音控股,000829,2025-07-15,10.1,9.94,10.15,9.83,260652,258553002.43,3.13,-2.64,-0.27,2.55,10.174,10.216,10.076,9.96,10.141,10.166,10.118,10.129,46.106,0.065,0.079,0.276,365091.0
天音控股,000829,2025-07-16,9.91,9.98,10.08,9.91,112678,112737084.55,1.71,0.4,0.04,1.1,10.136,10.177,10.09,9.967,10.087,10.132,10.105,10.124,47.185,0.046,0.072,0.268,477769.0
天音控股,000829,2025-07-17,9.98,10.1,10.13,9.97,112554,113335566.12,1.6,1.2,0.12,1.1,10.112,10.153,10.119,9.975,10.091,10.126,10.105,10.123,50.392,0.04,0.066,0.26,590323.0
天音控股,000829,2025-07-18,10.11,10.02,10.14,9.98,112325,112809784.2,1.58,-0.79,-0.08,1.1,10.05,10.139,10.149,9.979,10.068,10.107,10.097,10.12,48.287,0.028,0.058,0.253,477998.0
天音控股,000829,2025-07-21,10.02,10.06,10.08,9.98,100261,100699126.5,1.0,0.4,0.04,0.98,10.02,10.129,10.172,9.983,10.065,10.099,10.093,10.118,49.424,0.022,0.051,0.242,578259.0
天音控股,000829,2025-07-22,10.05,9.99,10.08,9.96,124665,124552360.01,1.19,-0.7,-0.07,1.22,10.03,10.102,10.177,9.985,10.04,10.079,10.083,10.113,47.457,0.012,0.043,0.233,453594.0
天音控股,000829,2025-07-23,9.99,9.94,10.07,9.92,147656,147579297.01,1.5,-0.5,-0.05,1.44,10.022,10.079,10.176,9.991,10.007,10.054,10.07,10.108,46.047,-0.001,0.034,0.227,305938.0
天音控股,000829,2025-07-24,9.94,10.33,10.43,9.94,395214,405898690.85,4.93,3.92,0.39,3.86,10.068,10.09,10.187,10.003,10.114,10.104,10.095,10.115,56.823,0.02,0.032,0.246,701152.0
天音控股,000829,2025-07-25,10.34,10.35,10.39,10.24,191323,197394771.92,1.45,0.19,0.02,1.87,10.134,10.092,10.198,10.018,10.193,10.149,10.119,10.123,57.294,0.039,0.033,0.239,892475.0
天音控股,000829,2025-07-28,10.4,10.27,10.42,10.26,121451,125176498.39,1.55,-0.77,-0.08,1.19,10.176,10.098,10.201,10.03,10.219,10.171,10.133,10.128,54.722,0.046,0.036,0.234,771024.0
天音控股,000829,2025-07-29,10.27,10.27,10.35,10.14,147009,150125356.22,2.04,0.0,0.0,1.44,10.232,10.131,10.174,10.041,10.236,10.189,10.146,10.132,54.722,0.051,0.039,0.232,771024.0
天音控股,000829,2025-07-30,10.24,10.27,10.32,10.14,139269,142444336.43,1.75,0.0,0.0,1.36,10.298,10.16,10.169,10.044,10.247,10.204,10.158,10.137,54.722,0.055,0.042,0.228,771024.0
天音控股,000829,2025-07-31,10.2,10.19,10.37,10.13,190995,195603516.0,2.34,-0.78,-0.08,1.86,10.27,10.169,10.161,10.045,10.228,10.201,10.161,10.139,51.817,0.05,0.044,0.229,580029.0
天音控股,000829,2025-08-01,10.16,10.15,10.25,10.06,120638,122367423.93,1.86,-0.39,-0.04,1.18,10.23,10.182,10.161,10.043,10.202,10.192,10.16,10.139,50.377,0.043,0.044,0.226,459391.0
天音控股,000829,2025-08-04,10.1,10.17,10.18,10.01,101657,102581175.05,1.67,0.2,0.02,0.99,10.21,10.193,10.161,10.045,10.191,10.188,10.161,10.14,51.109,0.039,0.043,0.222,561048.0
天音控股,000829,2025-08-05,10.18,10.29,10.32,10.17,164480,168754289.27,1.47,1.18,0.12,1.61,10.214,10.223,10.163,10.046,10.224,10.206,10.173,10.145,55.361,0.045,0.043,0.217,725528.0
天音控股,000829,2025-08-06,10.23,10.3,10.32,10.15,155723,159753387.0,1.65,0.1,0.01,1.52,10.22,10.259,10.169,10.049,10.25,10.223,10.185,10.15,55.707,0.049,0.044,0.214,881251.0
天音控股,000829,2025-08-07,10.27,10.32,10.54,10.27,193540,201009251.0,2.62,0.19,0.02,1.89,10.246,10.258,10.174,10.052,10.273,10.241,10.198,10.155,56.434,0.054,0.046,0.218,1074791.0
天音控股,000829,2025-08-08,10.32,10.15,10.34,10.13,143528,146130596.37,2.03,-1.65,-0.17,1.4,10.246,10.238,10.165,10.055,10.232,10.224,10.194,10.155,49.064,0.043,0.046,0.217,931263.0
天音控股,000829,2025-08-11,10.13,10.32,10.43,10.13,175734,180994911.37,2.96,1.67,0.17,1.72,10.276,10.243,10.171,10.061,10.261,10.242,10.206,10.161,55.344,0.048,0.046,0.223,1106997.0
天音控股,000829,2025-08-12,10.41,10.36,10.41,10.28,146115,151236626.24,1.26,0.39,0.04,1.43,10.29,10.252,10.192,10.066,10.294,10.263,10.22,10.167,56.697,0.055,0.048,0.216,1253112.0
天音控股,000829,2025-08-13,10.42,10.37,10.46,10.33,163359,169893880.43,1.25,0.1,0.01,1.6,10.304,10.262,10.211,10.064,10.319,10.283,10.235,10.174,57.047,0.06,0.05,0.21,1416471.0
天音控股,000829,2025-08-14,10.36,10.16,10.36,10.11,171189,175120078.0,2.41,-2.03,-0.21,1.67,10.272,10.259,10.214,10.064,10.266,10.26,10.227,10.173,48.224,0.047,0.05,0.214,1245282.0
天音控股,000829,2025-08-15,10.14,10.24,10.26,10.11,129308,132216327.18,1.48,0.79,0.08,1.26,10.29,10.268,10.225,10.067,10.258,10.257,10.229,10.176,51.313,0.042,0.048,0.209,1374590.0
天音控股,000829,2025-08-18,10.25,10.49,10.63,10.25,373717,391771821.68,3.71,2.44,0.25,3.65,10.324,10.3,10.247,10.078,10.335,10.299,10.254,10.186,59.455,0.058,0.05,0.222,1748307.0
天音控股,000829,2025-08-19,10.51,10.52,10.6,10.44,199494,209987527.7,1.53,0.29,0.03,1.95,10.356,10.323,10.273,10.087,10.397,10.339,10.279,10.197,60.313,0.072,0.054,0.218,1947801.0
天音控股,000829,2025-08-20,10.49,10.64,10.64,10.45,235487,248846521.56,1.81,1.14,0.12,2.3,10.41,10.357,10.308,10.1,10.478,10.394,10.313,10.211,63.627,0.092,0.062,0.216,2183288.0
天音控股,000829,2025-08-21,10.74,10.58,10.77,10.5,225318,238846393.0,2.54,-0.56,-0.06,2.2,10.494,10.383,10.321,10.113,10.512,10.428,10.339,10.223,60.889,0.102,0.07,0.22,1957970.0
天音控股,000829,2025-08-22,10.58,10.63,10.63,10.49,196901,207873330.25,1.32,0.47,0.05,1.92,10.572,10.431,10.335,10.122,10.551,10.465,10.366,10.237,62.343,0.112,0.078,0.214,2154871.0
天音控股,000829,2025-08-25,10.63,10.62,10.68,10.52,259780,275583752.35,1.51,-0.09,-0.01,2.54,10.598,10.461,10.352,10.135,10.574,10.493,10.391,10.249,61.848,0.118,0.086,0.21,1895091.0
天音控股,000829,2025-08-26,10.58,10.75,10.83,10.51,298257,319507323.4,3.01,1.22,0.13,2.91,10.644,10.5,10.376,10.152,10.633,10.54,10.425,10.266,65.667,0.132,0.095,0.218,2193348.0
天音控股,000829,2025-08-27,10.9,10.45,10.93,10.43,295592,316932291.27,4.65,-2.79,-0.3,2.89,10.606,10.508,10.385,10.16,10.572,10.523,10.427,10.272,52.585,0.117,0.1,0.238,1897756.0
天音控股,000829,2025-08-28,10.4,10.6,10.6,10.16,252313,262841751.16,4.21,1.44,0.15,2.46,10.61,10.552,10.406,10.171,10.581,10.537,10.444,10.283,57.179,0.117,0.103,0.253,2150069.0
天音控股,000829,2025-08-29,10.59,10.45,10.6,10.42,176611,185303002.97,1.7,-1.42,-0.15,1.72,10.574,10.573,10.42,10.179,10.537,10.521,10.444,10.288,51.777,0.103,0.103,0.247,1973458.0
天音控股,000829,2025-09-01,10.47,10.33,10.53,10.26,223608,231386505.3,2.58,-1.15,-0.12,2.18,10.516,10.557,10.429,10.183,10.468,10.487,10.433,10.289,47.88,0.081,0.099,0.249,1749850.0
天音控股,000829,2025-09-02,10.27,9.96,10.33,9.84,336930,337345331.04,4.74,-3.58,-0.37,3.29,10.358,10.501,10.412,10.184,10.299,10.391,10.388,10.279,38.307,0.034,0.086,0.266,1412920.0
天音控股,000829,2025-09-03,9.96,9.68,10.03,9.61,215076,210828806.64,4.22,-2.81,-0.28,2.1,10.204,10.405,10.381,10.18,10.093,10.262,10.321,10.259,32.939,-0.026,0.063,0.277,1197844.0
天音控股,000829,2025-09-04,9.67,9.7,9.86,9.55,213323,207847019.36,3.2,0.21,0.02,2.08,10.024,10.317,10.35,10.176,9.962,10.159,10.262,10.241,33.654,-0.071,0.036,0.28,1411167.0
天音控股,000829,2025-09-05,9.76,9.9,9.92,9.67,165819,162230722.2,2.58,2.06,0.2,1.62,9.914,10.244,10.338,10.182,9.941,10.112,10.227,10.23,40.488,-0.09,0.011,0.277,1576986.0
天音控股,000829,2025-09-08,9.88,9.84,9.9,9.74,163107,160231986.89,1.62,-0.61,-0.06,1.59,9.816,10.166,10.314,10.184,9.907,10.063,10.19,10.217,39.184,-0.108,-0.013,0.269,1413879.0
天音控股,000829,2025-09-09,9.83,9.63,9.84,9.6,175884,170321864.0,2.44,-2.13,-0.21,1.72,9.75,10.054,10.277,10.182,9.815,9.984,10.137,10.198,34.942,-0.138,-0.038,0.267,1237995.0
天音控股,000829,2025-09-10,9.6,9.62,9.68,9.56,127510,122634572.11,1.25,-0.1,-0.01,1.25,9.738,9.971,10.24,10.18,9.75,9.918,10.088,10.179,34.749,-0.161,-0.062,0.256,1110485.0
天音控股,000829,2025-09-11,9.59,9.72,9.73,9.44,162449,156221631.2,3.01,1.04,0.1,1.59,9.742,9.883,10.218,10.184,9.74,9.882,10.053,10.164,38.411,-0.168,-0.084,0.259,1272934.0
天音控股,000829,2025-09-12,9.72,9.68,9.81,9.63,154645,150151203.34,1.85,-0.41,-0.04,1.51,9.698,9.806,10.19,10.188,9.72,9.845,10.017,10.148,37.505,-0.176,-0.102,0.253,1118289.0
天音控股,000829,2025-09-15,9.68,9.6,9.68,9.57,104154,100088045.0,1.14,-0.83,-0.08,1.02,9.65,9.733,10.145,10.188,9.68,9.801,9.978,10.13,35.69,-0.186,-0.119,0.243,1014135.0
天音控股,000829,2025-09-16,9.61,9.76,9.89,9.59,192967,188367448.24,3.13,1.67,0.16,1.88,9.676,9.713,10.107,10.186,9.707,9.793,9.957,10.118,41.759,-0.179,-0.131,0.247,1207102.0
天音控股,000829,2025-09-17,9.86,9.89,10.06,9.74,269813,267329121.51,3.28,1.33,0.13,2.63,9.73,9.734,10.07,10.184,9.768,9.811,9.95,10.11,46.201,-0.161,-0.137,0.252,1476915.0
天音控股,000829,2025-09-18,9.86,9.71,9.93,9.65,217359,212880337.37,2.83,-1.82,-0.18,2.12,9.728,9.735,10.026,10.178,9.749,9.792,9.928,10.097,41.483,-0.16,-0.142,0.254,1259556.0
天音控股,000829,2025-09-19,9.71,9.63,9.75,9.6,124969,120699675.42,1.54,-0.82,-0.08,1.22,9.718,9.708,9.976,10.17,9.709,9.763,9.899,10.082,39.55,-0.163,-0.146,0.247,1134587.0
天音控股,000829,2025-09-22,9.63,9.78,9.97,9.63,163523,160158317.1,3.53,1.56,0.15,1.6,9.754,9.702,9.934,10.162,9.733,9.766,9.888,10.072,44.749,-0.152,-0.147,0.253,1298110.0
天音控股,000829,2025-09-23,9.77,9.55,9.9,9.46,208433,199752976.0,4.5,-2.35,-0.23,2.04,9.712,9.694,9.874,10.141,9.672,9.727,9.856,10.055,39.184,-0.16,-0.15,0.267,1089677.0
天音控股,000829,2025-09-24,9.48,9.66,9.67,9.43,126776,121404586.2,2.51,1.15,0.11,1.24,9.666,9.698,9.835,10.129,9.668,9.715,9.837,10.042,42.845,-0.156,-0.151,0.265,1216453.0
天音控股,000829,2025-09-25,9.66,9.81,9.86,9.57,185801,180493218.21,3.0,1.55,0.15,1.81,9.686,9.707,9.795,10.121,9.715,9.732,9.834,10.034,47.487,-0.139,-0.149,0.267,1402254.0
天音控股,000829,2025-09-26,9.76,9.62,10.07,9.59,235881,229606662.62,4.89,-1.94,-0.19,2.3,9.684,9.701,9.754,10.112,9.683,9.712,9.814,10.021,42.751,-0.139,-0.147,0.282,1166373.0
天音控股,000829,2025-09-29,9.56,9.64,9.8,9.4,223442,215089205.7,4.16,0.21,0.02,2.18,9.656,9.705,9.719,10.103,9.669,9.699,9.797,10.008,43.391,-0.136,-0.144,0.29,1389815.0
天音控股,000829,2025-09-30,9.6,9.6,9.74,9.59,137971,133121528.2,1.56,-0.41,-0.04,1.35,9.666,9.689,9.701,10.092,9.646,9.681,9.779,9.995,42.37,-0.135,-0.142,0.28,1251844.0
天音控股,000829,2025-10-09,9.66,9.76,9.88,9.65,210329,205655756.24,2.4,1.67,0.16,2.05,9.686,9.676,9.705,10.085,9.684,9.695,9.777,9.987,47.671,-0.12,-0.138,0.28,1462173.0
天音控股,000829,2025-10-10,9.72,9.8,9.86,9.64,174951,170663544.93,2.25,0.41,0.04,1.71,9.684,9.685,9.71,10.078,9.723,9.714,9.779,9.981,48.935,-0.104,-0.131,0.276,1637124.0
天音控股,000829,2025-10-13,9.59,9.78,9.9,9.51,195385,190140094.88,3.98,-0.2,-0.02,1.91,9.716,9.7,9.704,10.069,9.742,9.726,9.779,9.974,48.307,-0.091,-0.123,0.284,1441739.0
天音控股,000829,2025-10-14,9.83,9.64,9.87,9.62,189014,184256619.16,2.56,-1.43,-0.14,1.85,9.716,9.686,9.694,10.059,9.708,9.71,9.766,9.963,44.042,-0.092,-0.117,0.282,1252725.0
天音控股,000829,2025-10-15,9.64,9.87,9.93,9.64,229044,225060184.15,3.01,2.39,0.23,2.24,9.77,9.718,9.706,10.058,9.762,9.739,9.776,9.96,51.601,-0.073,-0.108,0.282,1481769.0
天音控股,000829,2025-10-16,9.87,9.7,9.87,9.69,140002,136492005.0,1.82,-1.72,-0.17,1.37,9.758,9.722,9.71,10.054,9.741,9.732,9.769,9.952,46.592,-0.071,-0.101,0.275,1341767.0
天音控股,000829,2025-10-17,9.7,9.52,9.76,9.49,166321,159239691.76,2.78,-1.86,-0.18,1.62,9.702,9.693,9.7,10.044,9.668,9.694,9.745,9.938,41.948,-0.082,-0.097,0.275,1175446.0
天音控股,000829,2025-10-20,9.55,9.77,9.95,9.53,229346,223708900.18,4.41,2.63,0.25,2.24,9.7,9.708,9.705,10.04,9.702,9.708,9.747,9.932,49.479,-0.071,-0.092,0.286,1404792.0
天音控股,000829,2025-10-21,9.77,9.79,9.9,9.72,182846,179287243.99,1.84,0.2,0.02,1.79,9.73,9.723,9.714,10.035,9.731,9.723,9.751,9.927,50.038,-0.059,-0.085,0.278,1587638.0
天音控股,000829,2025-10-22,9.75,10.31,10.5,9.7,294434,295513736.6,8.17,5.31,0.52,2.87,9.818,9.794,9.742,10.04,9.924,9.829,9.805,9.94,61.847,-0.008,-0.07,0.315,1882072.0
天音控股,000829,2025-10-23,10.43,10.43,11.09,10.36,896401,957541156.69,7.08,1.16,0.12,8.75,9.964,9.861,9.769,10.049,10.093,9.939,9.864,9.956,63.964,0.042,-0.048,0.349,2778473.0
天音控股,000829,2025-10-24,10.2,10.13,10.35,10.11,500177,509700858.55,2.3,-2.88,-0.3,4.88,10.086,9.894,9.79,10.045,10.105,9.973,9.889,9.962,55.651,0.056,-0.027,0.347,2278296.0
天音控股,000829,2025-10-27,10.12,10.05,10.18,9.97,275717,277913598.25,2.07,-0.79,-0.08,2.69,10.142,9.921,9.811,10.04,10.087,9.987,9.905,9.965,53.649,0.06,-0.009,0.337,2002579.0
天音控股,000829,2025-10-28,10.01,9.97,10.07,9.94,201484,201304774.53,1.29,-0.8,-0.08,1.97,10.178,9.954,9.82,10.035,10.048,9.984,9.911,9.965,51.648,0.057,0.004,0.322,1801095.0
天音控股,000829,2025-10-29,9.95,10.02,10.09,9.86,199606,198936178.72,2.31,0.5,0.05,1.95,10.12,9.969,9.844,10.031,10.039,9.991,9.921,9.967,52.832,0.057,0.015,0.315,2000701.0
天音控股,000829,2025-10-30,9.98,9.9,10.08,9.9,179505,178853496.47,1.8,-1.2,-0.12,1.75,10.014,9.989,9.856,10.025,9.992,9.974,9.919,9.964,49.687,0.048,0.021,0.306,1821196.0
天音控股,000829,2025-10-31,9.89,10.09,10.13,9.89,221914,222881550.47,2.42,1.92,0.19,2.17,10.006,10.046,9.87,10.023,10.025,9.995,9.936,9.969,54.323,0.054,0.028,0.301,2043110.0
天音控股,000829,2025-11-03,10.03,10.25,10.25,9.98,231565,234276149.27,2.68,1.59,0.16,2.26,10.046,10.094,9.901,10.025,10.1,10.042,9.966,9.978,57.846,0.072,0.037,0.299,2274675.0
天音控股,000829,2025-11-04,10.2,10.26,10.35,10.14,229331,235255821.04,2.05,0.1,0.01,2.24,10.104,10.141,9.932,10.026,10.153,10.081,9.994,9.987,58.064,0.086,0.046,0.293,2504006.0
天音控股,000829,2025-11-05,10.12,10.21,10.29,10.11,148072,151430984.64,1.75,-0.49,-0.05,1.45,10.142,10.131,9.963,10.025,10.172,10.105,10.014,9.994,56.493,0.092,0.055,0.284,2355934.0
天音控股,000829,2025-11-06,10.2,10.23,10.27,10.11,147937,150620203.55,1.57,0.2,0.02,1.44,10.208,10.111,9.986,10.024,10.191,10.127,10.035,10.002,56.994,0.097,0.064,0.276,2503871.0
天音控股,000829,2025-11-07,10.2,10.18,10.32,10.17,125778,128913516.72,1.47,-0.49,-0.05,1.23,10.226,10.116,10.005,10.022,10.188,10.137,10.049,10.008,55.28,0.095,0.07,0.267,2378093.0
天音控股,000829,2025-11-10,10.18,10.36,10.43,10.16,219461,226436259.34,2.65,1.77,0.18,2.14,10.248,10.147,10.034,10.025,10.245,10.178,10.078,10.019,59.951,0.108,0.078,0.267,2597554.0
天音控股,000829,2025-11-11,10.35,10.54,10.6,10.27,285501,298319709.87,3.19,1.74,0.18,2.79,10.304,10.204,10.079,10.029,10.343,10.243,10.122,10.037,64.0,0.131,0.088,0.271,2883055.0
天音控股,000829,2025-11-12,10.55,10.36,10.59,10.3,165838,172635125.0,2.75,-1.71,-0.18,1.62,10.334,10.238,10.104,10.029,10.349,10.265,10.145,10.047,57.715,0.133,0.097,0.273,2717217.0
天音控股,000829,2025-11-13,10.36,10.32,10.39,10.25,138316,142755759.32,1.35,-0.39,-0.04,1.35,10.352,10.28,10.135,10.028,10.339,10.275,10.162,10.056,56.39,0.13,0.104,0.263,2578901.0
天音控股,000829,2025-11-14,10.26,10.31,10.41,10.25,123179,127411059.22,1.55,-0.1,-0.01,1.2,10.378,10.302,10.174,10.03,10.33,10.281,10.176,10.064,56.044,0.125,0.108,0.256,2455722.0
天音控股,000829,2025-11-17,10.3,10.31,10.35,10.18,163970,168343327.15,1.65,0.0,0.0,1.6,10.368,10.308,10.201,10.032,10.323,10.286,10.188,10.072,56.044,0.12,0.11,0.25,2455722.0
天音控股,000829,2025-11-18,10.32,10.18,10.33,10.12,144470,147185121.24,2.04,-1.26,-0.13,1.41,10.296,10.3,10.221,10.026,10.275,10.267,10.188,10.076,51.293,0.104,0.109,0.247,2311252.0
天音控股,000829,2025-11-19,10.17,10.09,10.23,10.02,114711,115672190.08,2.06,-0.88,-0.09,1.12,10.242,10.288,10.21,10.019,10.214,10.235,10.178,10.076,48.243,0.083,0.104,0.244,2196541.0
天音控股,000829,2025-11-20,10.1,10.15,10.23,10.01,115893,117315781.83,2.18,0.59,0.06,1.13,10.208,10.28,10.196,10.011,10.192,10.219,10.176,10.079,50.362,0.071,0.097,0.243,2312434.0
天音控股,000829,2025-11-21,10.08,10.09,10.32,9.98,231752,235143007.69,3.35,-0.59,-0.06,2.26,10.164,10.271,10.194,10.003,10.158,10.196,10.168,10.079,48.236,0.056,0.089,0.249,2080682.0
天音控股,000829,2025-11-24,10.1,10.44,10.52,10.09,257986,266912821.27,4.26,3.47,0.35,2.52,10.19,10.279,10.213,10.0,10.252,10.24,10.193,10.091,59.087,0.071,0.085,0.262,2338668.0
天音控股,000829,2025-11-25,10.44,10.48,10.58,10.39,223590,235139867.73,1.82,0.38,0.04,2.18,10.25,10.273,10.239,9.997,10.328,10.284,10.221,10.104,60.116,0.085,0.085,0.257,2562258.0
天音控股,000829,2025-11-26,10.49,10.35,10.53,10.32,152116,158199138.0,2.0,-1.24,-0.13,1.49,10.302,10.272,10.255,9.991,10.335,10.296,10.233,10.112,55.252,0.085,0.085,0.254,2410142.0
天音控股,000829,2025-11-27,10.35,10.47,10.6,10.29,211918,221479264.32,3.0,1.16,0.12,2.07,10.366,10.287,10.284,9.991,10.38,10.328,10.256,10.124,58.583,0.094,0.087,0.258,2622060.0
天音控股,000829,2025-11-28,10.47,10.33,10.48,10.25,162516,167711736.26,2.2,-1.34,-0.14,1.59,10.414,10.289,10.296,9.987,10.364,10.328,10.263,10.13,53.573,0.088,0.087,0.256,2459544.0
天音控股,000829,2025-12-01,10.3,11.36,11.36,10.26,823949,914423432.46,10.65,9.97,1.03,8.05,10.598,10.394,10.351,10.002,10.696,10.516,10.367,10.171,72.326,0.165,0.103,0.316,3283493.0
天音控股,000829,2025-12-02,11.65,11.49,11.98,11.1,1375566,1576763455.28,7.75,1.14,0.13,13.43,10.8,10.525,10.413,10.021,10.96,10.693,10.474,10.214,73.767,0.234,0.129,0.356,4659059.0
天音控股,000829,2025-12-03,11.49,11.21,11.53,11.14,639151,718991669.76,3.39,-2.44,-0.28,6.24,10.972,10.637,10.463,10.042,11.044,10.787,10.544,10.247,65.821,0.263,0.156,0.359,4019908.0
天音控股,000829,2025-12-04,11.15,10.88,11.18,10.83,443972,484986614.51,3.12,-2.94,-0.33,4.34,11.054,10.71,10.495,10.062,10.989,10.804,10.576,10.267,57.904,0.256,0.176,0.36,3575936.0
天音控股,000829,2025-12-05,10.86,10.89,10.98,10.76,392561,427201321.78,2.02,0.09,0.01,3.83,11.166,10.79,10.531,10.082,10.956,10.819,10.606,10.288,58.069,0.248,0.19,0.35,3968497.0
天音控股,000829,2025-12-08,10.94,10.9,11.12,10.86,422762,463288440.65,2.39,0.09,0.01,4.13,11.074,10.836,10.558,10.098,10.937,10.834,10.634,10.308,58.244,0.241,0.2,0.344,4391259.0
天音控股,000829,2025-12-09,10.8,10.77,10.95,10.7,300577,325851392.03,2.29,-1.19,-0.13,2.93,10.93,10.865,10.569,10.114,10.882,10.822,10.647,10.323,55.015,0.221,0.205,0.337,4090682.0
天音控股,000829,2025-12-10,10.72,10.78,10.86,10.64,253866,273011084.17,2.04,0.09,0.01,2.48,10.844,10.908,10.59,10.133,10.848,10.815,10.66,10.338,55.221,0.205,0.205,0.329,4344548.0
天音控股,000829,2025-12-11,10.78,10.47,10.79,10.46,275620,291028595.6,3.06,-2.88,-0.31,2.69,10.762,10.908,10.598,10.147,10.722,10.752,10.642,10.342,47.908,0.164,0.197,0.329,4068928.0
天音控股,000829,2025-12-12,10.42,10.78,11.1,10.33,543138,588903783.0,7.35,2.96,0.31,5.3,10.74,10.953,10.621,10.165,10.741,10.757,10.655,10.357,54.41,0.156,0.188,0.36,4612066.0
天音控股,000829,2025-12-15,10.67,11.0,11.19,10.67,419843,461040231.87,4.82,2.04,0.22,4.1,10.76,10.917,10.656,10.187,10.827,10.801,10.688,10.378,58.38,0.165,0.184,0.372,5031909.0
天音控股,000829,2025-12-16,10.98,10.91,11.14,10.77,291225,318510299.07,3.36,-0.82,-0.09,2.84,10.788,10.859,10.692,10.209,10.855,10.821,10.709,10.395,56.223,0.163,0.179,0.372,4740684.0
天音控股,000829,2025-12-17,10.83,10.95,11.09,10.79,274628,300420800.66,2.75,0.37,0.04,2.68,10.822,10.833,10.735,10.229,10.887,10.844,10.732,10.413,56.984,0.162,0.176,0.367,5015312.0
天音控股,000829,2025-12-18,10.85,10.94,11.14,10.83,274812,303054311.61,2.83,-0.09,-0.01,2.68,10.916,10.839,10.775,10.246,10.904,10.862,10.752,10.431,56.718,0.16,0.173,0.363,4740500.0
天音控股,000829,2025-12-19,10.92,11.09,11.14,10.85,292312,322974987.05,2.65,1.37,0.15,2.85,10.978,10.859,10.825,10.269,10.966,10.903,10.784,10.452,59.746,0.167,0.172,0.357,5032812.0
天音控股,000829,2025-12-22,11.04,10.93,11.08,10.91,40210,44146299.0,1.53,-1.44,-0.16,0.39,10.964,10.862,10.849,10.291,10.954,10.908,10.798,10.468,55.302,0.159,0.169,0.345,4992602.0
融捷股份,002192,2025-01-02,31.88,31.12,32.3,30.94,48435,154124065.08,4.29,-1.92,-0.61,1.87,,,,,,,,,,,,,48435.0
融捷股份,002192,2025-01-03,31.14,31.03,31.93,30.83,56684,178362180.0,3.53,-0.29,-0.09,2.19,,,,,,,,,,,,,-8249.0
融捷股份,002192,2025-01-06,31.43,31.56,32.01,31.13,51614,163660765.49,2.84,1.71,0.53,1.99,,,,,,,,,,,,,43365.0
融捷股份,002192,2025-01-07,31.25,31.88,32.08,30.94,48817,154995276.75,3.61,1.01,0.32,1.88,,,,,,,,,,,,,92182.0
融捷股份,002192,2025-01-08,31.64,31.1,31.88,30.57,48287,151243089.67,4.11,-2.45,-0.78,1.86,31.338,,,,31.338,,,,,,,,43895.0
融捷股份,002192,2025-01-09,30.81,30.9,31.23,30.73,42019,130860687.0,1.61,-0.64,-0.2,1.62,31.294,,,,31.192,,,,,,,,1876.0
融捷股份,002192,2025-01-10,30.93,29.7,31.01,29.7,56759,172653406.66,4.24,-3.88,-1.2,2.19,31.028,,,,30.695,,,,,,,,-54883.0
融捷股份,002192,2025-01-13,29.38,30.29,30.9,29.3,66081,200869710.36,5.39,1.99,0.59,2.55,30.774,,,,30.56,,,,,,,,11198.0
融捷股份,002192,2025-01-14,30.39,30.92,31.02,30.11,70378,216853972.0,3.0,2.08,0.63,2.72,30.582,,,,30.68,,,,,,,,81576.0
融捷股份,002192,2025-01-15,30.91,32.13,33.1,30.51,117215,377993022.0,8.38,3.91,1.21,4.52,30.788,31.063,,,31.163,31.063,,,,,,,198791.0
融捷股份,002192,2025-01-16,31.89,31.86,32.56,31.53,78298,252014942.48,3.21,-0.84,-0.27,3.02,30.98,31.137,,,31.395,31.208,,,,,,,120493.0
融捷股份,002192,2025-01-17,31.92,31.91,32.71,31.73,48694,157010849.25,3.08,0.16,0.05,1.88,31.422,31.225,,,31.567,31.336,,,,,,,169187.0
融捷股份,002192,2025-01-20,32.01,31.92,32.37,31.85,40685,131011730.0,1.63,0.03,0.01,1.57,31.748,31.261,,,31.685,31.442,,,,,,,209872.0
融捷股份,002192,2025-01-21,32.25,31.5,32.25,31.29,41978,133163822.0,3.01,-1.32,-0.42,1.62,31.864,31.223,,,31.623,31.452,,,,,,,167894.0
融捷股份,002192,2025-01-22,31.35,30.83,31.42,30.78,36487,113793433.8,2.03,-2.13,-0.67,1.41,31.604,31.196,,,31.359,31.339,,,47.92,,,1.118,131407.0
融捷股份,002192,2025-01-23,31.19,30.62,31.56,30.59,44600,139604397.07,3.15,-0.68,-0.21,1.72,31.356,31.168,,,31.112,31.208,,,46.414,,,1.107,86807.0
融捷股份,002192,2025-01-24,30.63,30.98,31.07,30.33,40201,124717927.85,2.42,1.18,0.36,1.55,31.17,31.296,,,31.068,31.167,,,49.352,,,1.081,127008.0
融捷股份,002192,2025-01-27,31.01,30.4,31.52,30.39,34483,106942675.36,3.65,-1.87,-0.58,1.33,30.866,31.307,,,30.846,31.027,,,45.065,,,1.085,92525.0
融捷股份,002192,2025-02-05,30.53,30.81,31.02,30.35,41089,127295926.68,2.2,1.35,0.41,1.59,30.728,31.296,,,30.834,30.988,,,48.473,,,1.055,133614.0
融捷股份,002192,2025-02-06,30.79,31.65,31.66,30.51,57981,181549580.3,3.73,2.73,0.84,2.24,30.892,31.248,31.155,,31.106,31.108,31.155,,54.676,,,1.062,191595.0
融捷股份,002192,2025-02-07,31.6,32.03,32.42,31.45,79918,257015081.4,3.06,1.2,0.38,3.08,31.174,31.265,31.201,,31.414,31.276,31.239,,57.187,,,1.055,271513.0
融捷股份,002192,2025-02-10,32.03,32.01,32.15,31.64,53967,172876058.84,1.59,-0.06,-0.02,2.08,31.38,31.275,31.25,,31.613,31.409,31.312,,57.008,,,1.016,217546.0
融捷股份,002192,2025-02-11,31.9,31.47,32.02,31.25,49454,156391459.88,2.41,-1.69,-0.54,1.91,31.594,31.23,31.246,,31.565,31.42,31.327,,52.252,,,0.999,168092.0
融捷股份,002192,2025-02-12,31.38,32.72,33.34,31.19,115717,375638629.11,6.83,3.97,1.25,4.47,31.976,31.352,31.288,,31.95,31.657,31.46,,60.473,,,1.081,283809.0
融捷股份,002192,2025-02-13,32.2,32.29,33.15,32.14,78055,255634572.45,3.09,-1.31,-0.43,3.01,32.104,31.498,31.347,,32.063,31.772,31.539,,56.847,,,1.076,205754.0
融捷股份,002192,2025-02-14,32.51,32.35,33.51,32.26,70812,233101589.21,3.87,0.19,0.06,2.73,32.168,31.671,31.42,,32.159,31.877,31.616,,57.232,,,1.088,276566.0
融捷股份,002192,2025-02-17,32.28,31.94,32.89,31.77,56556,182355192.57,3.46,-1.27,-0.41,2.18,32.154,31.767,31.532,,32.086,31.888,31.647,,53.703,,,1.091,220010.0
融捷股份,002192,2025-02-18,32.15,31.45,32.49,31.38,80683,259611836.11,3.48,-1.53,-0.49,3.11,32.15,31.872,31.59,,31.874,31.809,31.628,,49.755,,,1.092,139327.0
融捷股份,002192,2025-02-19,31.35,31.71,31.78,31.05,57629,182374027.71,2.32,0.83,0.26,2.22,31.948,31.962,31.629,,31.819,31.791,31.636,,51.781,,,1.066,196956.0
融捷股份,002192,2025-02-20,31.61,31.6,32.01,31.33,43977,139910079.86,2.14,-0.35,-0.11,1.7,31.81,31.957,31.603,,31.746,31.756,31.633,,50.847,,,1.038,152979.0
融捷股份,002192,2025-02-21,31.66,31.88,32.11,31.42,58863,187956946.03,2.18,0.89,0.28,2.27,31.716,31.942,31.604,,31.791,31.779,31.656,,53.163,,,1.014,211842.0
融捷股份,002192,2025-02-24,31.87,31.76,32.13,31.53,55810,178394943.83,1.88,-0.38,-0.12,2.15,31.68,31.917,31.596,,31.781,31.775,31.666,,52.031,,,0.984,156032.0
融捷股份,002192,2025-02-25,31.59,31.74,32.5,31.45,70931,228361088.52,3.31,-0.06,-0.02,2.74,31.738,31.944,31.587,,31.767,31.769,31.673,,51.833,,,0.989,85101.0
融捷股份,002192,2025-02-26,31.59,32.05,32.11,31.5,70223,224923442.41,1.92,0.98,0.31,2.71,31.806,31.877,31.615,,31.861,31.82,31.709,,54.71,0.157,0.139,0.962,155324.0
融捷股份,002192,2025-02-27,32.04,32.25,32.68,31.72,100537,325111713.41,3.0,0.62,0.2,3.88,31.936,31.873,31.686,,31.991,31.898,31.761,,56.515,0.188,0.149,0.962,255861.0
融捷股份,002192,2025-02-28,32.08,31.6,32.51,31.41,77484,249287706.36,3.41,-2.02,-0.65,2.99,31.88,31.798,31.735,,31.861,31.844,31.745,,49.598,0.158,0.151,0.971,178377.0
融捷股份,002192,2025-03-03,31.51,32.31,32.83,31.45,118930,387888202.79,4.37,2.25,0.71,4.59,31.99,31.835,31.801,,32.01,31.929,31.799,,55.941,0.189,0.158,1.001,297307.0
融捷股份,002192,2025-03-04,31.99,31.73,31.99,31.35,69869,222005034.92,1.98,-1.8,-0.58,2.7,31.988,31.863,31.868,,31.917,31.893,31.792,,50.365,0.165,0.159,0.998,227438.0
融捷股份,002192,2025-03-05,31.63,31.14,31.7,30.96,61462,192651598.84,2.33,-1.86,-0.59,2.37,31.806,31.806,31.884,,31.658,31.756,31.73,,45.406,0.097,0.147,0.981,165976.0
融捷股份,002192,2025-03-06,31.24,31.51,31.59,31.07,54186,170988554.34,1.67,1.19,0.37,2.09,31.658,31.797,31.877,,31.609,31.711,31.709,,48.81,0.072,0.132,0.949,220162.0
融捷股份,002192,2025-03-07,31.43,31.66,32.02,31.28,65446,208601466.8,2.35,0.48,0.15,2.53,31.67,31.775,31.859,,31.626,31.702,31.705,,50.166,0.064,0.118,0.934,285608.0
融捷股份,002192,2025-03-10,31.5,31.81,32.15,31.47,50311,160583467.26,2.15,0.47,0.15,1.94,31.57,31.78,31.849,,31.687,31.721,31.715,,51.549,0.069,0.109,0.916,335919.0
融捷股份,002192,2025-03-11,31.5,32.28,32.3,31.31,85548,274361711.33,3.11,1.48,0.47,3.3,31.68,31.834,31.889,,31.885,31.823,31.769,,55.697,0.109,0.109,0.921,421467.0
融捷股份,002192,2025-03-12,32.27,31.88,32.37,31.74,64871,208313345.65,1.95,-1.24,-0.4,2.5,31.828,31.817,31.847,,31.883,31.833,31.779,,51.645,0.108,0.109,0.9,356596.0
融捷股份,002192,2025-03-13,31.88,31.55,31.98,31.33,57699,183136364.65,2.04,-1.04,-0.33,2.23,31.836,31.747,31.81,,31.772,31.782,31.757,,48.509,0.079,0.103,0.882,298897.0
融捷股份,002192,2025-03-14,31.76,32.22,32.31,31.52,91087,293132859.56,2.5,2.12,0.67,3.52,31.948,31.809,31.804,,31.921,31.862,31.801,,54.543,0.109,0.104,0.876,389984.0
融捷股份,002192,2025-03-17,32.33,32.43,32.6,32.08,61273,199733233.74,1.61,0.65,0.21,2.36,32.072,31.821,31.828,,32.091,31.965,31.861,,56.273,0.148,0.113,0.85,451257.0
融捷股份,002192,2025-03-18,32.6,32.38,32.66,32.14,51620,168112795.3,1.6,-0.15,-0.05,1.99,32.092,31.886,31.874,,32.187,32.04,31.911,,55.729,0.173,0.125,0.827,399637.0
融捷股份,002192,2025-03-19,32.33,32.15,32.43,31.9,42096,135848807.14,1.64,-0.71,-0.23,1.62,32.146,31.987,31.896,,32.175,32.06,31.933,,53.184,0.173,0.135,0.805,357541.0
融捷股份,002192,2025-03-20,32.05,31.83,32.22,31.72,42579,137013442.92,1.56,-1.0,-0.32,1.64,32.202,32.019,31.908,,32.06,32.018,31.924,,49.777,0.144,0.137,0.784,314962.0
融捷股份,002192,2025-03-21,31.63,30.94,31.91,30.83,65003,204512285.14,3.39,-2.8,-0.89,2.51,31.946,31.947,31.861,,31.687,31.822,31.83,,41.763,0.05,0.119,0.805,249959.0
融捷股份,002192,2025-03-24,30.83,30.89,31.02,30.37,55270,170489215.71,2.1,-0.16,-0.05,2.13,31.638,31.855,31.818,,31.421,31.653,31.74,,41.361,-0.029,0.09,0.794,194689.0
融捷股份,002192,2025-03-25,30.89,31.0,31.19,30.63,42826,133302848.02,1.81,0.36,0.11,1.65,31.362,31.727,31.78,,31.281,31.534,31.67,,42.671,-0.082,0.055,0.777,237515.0
融捷股份,002192,2025-03-26,31.0,31.08,31.4,30.93,38083,119087317.57,1.52,0.26,0.08,1.47,31.148,31.647,31.732,,31.214,31.452,31.614,,43.657,-0.115,0.021,0.755,275598.0
融捷股份,002192,2025-03-27,30.83,30.74,30.98,30.52,33200,102676953.37,1.48,-1.09,-0.34,1.28,30.93,31.566,31.657,,31.056,31.322,31.53,,40.471,-0.168,-0.017,0.741,242398.0
融捷股份,002192,2025-03-28,30.71,30.35,30.8,30.35,31990,98179616.94,1.46,-1.27,-0.39,1.23,30.812,31.379,31.594,,30.821,31.145,31.418,,37.125,-0.238,-0.061,0.72,210408.0
融捷股份,002192,2025-03-31,30.14,29.84,30.29,29.76,37540,113197030.0,1.75,-1.68,-0.51,1.45,30.602,31.12,31.471,,30.494,30.908,31.268,,33.252,-0.331,-0.115,0.711,172868.0
融捷股份,002192,2025-04-01,29.94,30.14,30.21,29.9,28996,87751524.41,1.04,1.01,0.3,1.12,30.43,30.896,31.391,,30.376,30.768,31.16,,37.389,-0.376,-0.167,0.687,201864.0
融捷股份,002192,2025-04-02,30.06,30.04,30.21,29.99,18902,57202328.0,0.73,-0.33,-0.1,0.73,30.222,30.685,31.336,,30.264,30.636,31.054,,36.576,-0.415,-0.217,0.653,182962.0
融捷股份,002192,2025-04-03,29.8,29.95,30.13,29.73,26176,78680827.6,1.33,-0.3,-0.09,1.01,30.064,30.497,31.258,31.43,30.159,30.511,30.949,31.43,35.82,-0.448,-0.263,0.635,156786.0
融捷股份,002192,2025-04-07,28.43,26.94,28.73,26.94,64313,178437087.65,5.98,-10.05,-3.01,2.48,29.382,30.097,31.022,31.361,29.086,29.862,30.567,31.283,20.538,-0.709,-0.352,0.805,92473.0
融捷股份,002192,2025-04-08,26.83,26.59,27.33,26.09,72014,192285490.7,4.6,-1.3,-0.35,2.78,28.732,29.667,30.761,31.287,28.254,29.267,30.188,31.129,19.497,-0.933,-0.468,0.836,20459.0
融捷股份,002192,2025-04-09,25.84,26.51,26.71,24.6,75014,193887607.14,7.94,-0.3,-0.08,2.89,28.006,29.218,30.473,31.202,27.673,28.766,29.838,30.978,19.256,-1.105,-0.596,0.927,-54555.0
融捷股份,002192,2025-04-10,27.13,26.9,27.39,26.77,54707,149256994.0,2.34,1.47,0.39,2.11,27.378,28.8,30.224,31.119,27.415,28.427,29.558,30.844,24.165,-1.195,-0.716,0.924,152.0
融捷股份,002192,2025-04-11,26.83,27.18,27.38,26.73,44667,122160252.1,2.42,1.04,0.28,1.72,26.824,28.444,30.005,31.054,27.337,28.2,29.331,30.724,27.57,-1.23,-0.819,0.904,44819.0
融捷股份,002192,2025-04-14,27.66,27.43,27.77,27.33,34294,94979305.0,1.62,0.92,0.25,1.32,26.922,28.152,29.766,30.996,27.368,28.06,29.15,30.616,30.567,-1.224,-0.9,0.882,79113.0
融捷股份,002192,2025-04-15,27.46,27.41,27.63,27.3,28559,78804679.0,1.2,-0.07,-0.02,1.1,27.086,27.909,29.515,30.958,27.382,27.942,28.985,30.511,30.458,-1.206,-0.961,0.842,50554.0
融捷股份,002192,2025-04-16,27.33,26.96,27.39,26.66,30820,83649421.98,2.66,-1.64,-0.45,1.19,27.176,27.591,29.244,30.903,27.241,27.763,28.792,30.394,28.044,-1.215,-1.012,0.836,19734.0
融捷股份,002192,2025-04-17,26.83,26.71,27.11,26.71,26381,71541614.12,1.48,-0.93,-0.25,1.02,27.138,27.258,28.972,30.832,27.064,27.572,28.594,30.273,26.775,-1.228,-1.055,0.805,-6647.0
融捷股份,002192,2025-04-18,26.71,26.72,26.77,26.42,22782,61019702.0,1.31,0.04,0.01,0.88,27.046,26.935,28.716,30.742,26.949,27.417,28.415,30.157,26.917,-1.223,-1.089,0.772,16135.0
融捷股份,002192,2025-04-21,26.71,27.0,27.02,26.5,21112,57110169.0,1.95,1.05,0.28,0.81,26.96,26.941,28.519,30.661,26.966,27.341,28.28,30.053,30.969,-1.183,-1.107,0.754,37247.0
融捷股份,002192,2025-04-22,26.93,27.21,27.59,26.77,42822,116928966.0,3.04,0.78,0.21,1.65,26.92,27.003,28.335,30.583,27.048,27.317,28.178,29.96,33.927,-1.121,-1.11,0.759,80069.0
融捷股份,002192,2025-04-23,27.23,27.33,27.49,27.13,32593,89520188.76,1.32,0.44,0.12,1.26,26.994,27.085,28.152,30.506,27.142,27.32,28.098,29.874,35.625,-1.051,-1.098,0.73,112662.0
融捷股份,002192,2025-04-24,27.88,27.46,28.58,27.44,78750,221812659.66,4.17,0.48,0.13,3.04,27.144,27.141,27.971,30.439,27.248,27.345,28.037,29.795,37.499,-0.973,-1.073,0.767,191412.0
融捷股份,002192,2025-04-25,27.23,27.19,27.51,27.13,40706,111795014.82,1.38,-0.98,-0.27,1.57,27.238,27.142,27.793,30.378,27.229,27.317,27.956,29.709,35.207,-0.923,-1.043,0.74,150706.0
融捷股份,002192,2025-04-28,27.07,26.76,27.08,26.74,32524,87913779.66,1.25,-1.58,-0.43,1.26,27.19,27.075,27.614,30.314,27.072,27.216,27.842,29.613,31.866,-0.907,-1.016,0.719,118182.0
融捷股份,002192,2025-04-29,26.76,26.91,27.09,26.63,22866,62112495.77,1.72,0.56,0.15,0.88,27.13,27.025,27.467,30.246,27.018,27.16,27.754,29.524,34.211,-0.872,-0.987,0.701,141048.0
融捷股份,002192,2025-04-30,26.98,27.01,27.26,26.93,29842,81318678.45,1.23,0.37,0.1,1.15,27.066,27.03,27.311,30.19,27.015,27.133,27.683,29.442,35.798,-0.827,-0.955,0.675,170890.0
融捷股份,002192,2025-05-06,27.21,27.58,27.61,27.08,35716,98351200.47,1.96,2.11,0.57,1.38,27.09,27.117,27.188,30.136,27.204,27.214,27.673,29.381,44.076,-0.737,-0.912,0.67,206606.0
融捷股份,002192,2025-05-07,27.86,27.55,27.94,27.34,46531,129078933.15,2.18,-0.11,-0.03,1.8,27.162,27.2,27.068,30.068,27.319,27.275,27.661,29.321,43.756,-0.66,-0.861,0.665,160075.0
融捷股份,002192,2025-05-08,27.35,28.23,28.27,27.35,52032,145930203.54,3.34,2.47,0.68,2.01,27.456,27.323,27.132,30.004,27.623,27.449,27.715,29.285,52.219,-0.539,-0.797,0.683,212107.0
融捷股份,002192,2025-05-09,28.2,28.13,28.65,27.93,50955,144840848.63,2.55,-0.35,-0.1,1.97,27.7,27.415,27.209,29.94,27.792,27.573,27.755,29.247,51.003,-0.445,-0.726,0.686,161152.0
融捷股份,002192,2025-05-12,28.3,28.73,28.89,28.18,45974,131989246.46,2.52,2.13,0.6,1.77,28.044,27.555,27.32,29.894,28.105,27.783,27.848,29.23,57.408,-0.319,-0.645,0.691,207126.0
融捷股份,002192,2025-05-13,28.89,28.72,29.03,28.58,39745,115064362.16,1.57,-0.03,-0.01,1.53,28.272,27.681,27.411,29.827,28.31,27.953,27.931,29.213,57.274,-0.217,-0.559,0.674,167381.0
融捷股份,002192,2025-05-14,28.61,29.2,29.29,28.5,55119,160384857.53,2.75,1.67,0.48,2.13,28.602,27.882,27.512,29.776,28.606,28.18,28.052,29.213,61.886,-0.096,-0.467,0.682,222500.0
融捷股份,002192,2025-05-15,29.06,28.5,29.2,28.48,47535,137806977.2,2.47,-2.4,-0.7,1.83,28.656,28.056,27.566,29.712,28.571,28.238,28.094,29.19,52.916,-0.057,-0.385,0.685,174965.0
融捷股份,002192,2025-05-16,28.38,28.29,28.74,28.27,27702,79384617.0,1.65,-0.74,-0.21,1.07,28.688,28.194,27.61,29.651,28.477,28.248,28.113,29.16,50.548,-0.042,-0.316,0.67,147263.0
融捷股份,002192,2025-05-19,28.29,28.36,28.43,28.0,21481,60926011.5,1.52,0.25,0.07,0.83,28.614,28.329,27.68,29.599,28.438,28.268,28.137,29.134,51.33,-0.024,-0.258,0.652,168744.0
融捷股份,002192,2025-05-20,28.4,28.39,28.43,28.14,20313,57847070.84,1.02,0.11,0.03,0.78,28.548,28.41,27.764,29.544,28.422,28.29,28.161,29.109,51.682,-0.007,-0.208,0.627,189057.0
融捷股份,002192,2025-05-21,28.35,28.73,28.91,28.35,45995,132936093.88,1.97,1.2,0.34,1.78,28.454,28.528,27.864,29.496,28.525,28.37,28.215,29.097,55.606,0.033,-0.16,0.622,235052.0
融捷股份,002192,2025-05-22,28.69,28.64,28.97,28.39,37012,106865852.49,2.02,-0.31,-0.09,1.43,28.482,28.569,27.946,29.442,28.563,28.419,28.255,29.082,54.348,0.057,-0.116,0.619,198040.0
融捷股份,002192,2025-05-23,28.53,28.35,29.43,28.35,54276,157883152.68,3.77,-1.01,-0.29,2.09,28.494,28.591,28.003,29.385,28.492,28.407,28.264,29.058,50.392,0.052,-0.083,0.652,143764.0
融捷股份,002192,2025-05-26,28.17,28.23,28.61,28.14,26256,74779340.0,1.66,-0.42,-0.12,1.01,28.468,28.541,28.048,29.327,28.405,28.375,28.261,29.031,48.808,0.038,-0.059,0.639,117508.0
融捷股份,002192,2025-05-27,28.22,28.37,28.66,28.01,25665,73099239.0,2.3,0.5,0.14,0.99,28.464,28.506,28.094,29.265,28.393,28.374,28.271,29.009,50.752,0.037,-0.039,0.64,143173.0
融捷股份,002192,2025-05-28,28.36,27.85,28.43,27.81,30835,86841708.0,2.19,-1.83,-0.52,1.19,28.288,28.371,28.127,29.192,28.212,28.278,28.231,28.971,44.059,-0.005,-0.032,0.638,112338.0
融捷股份,002192,2025-05-29,27.84,28.04,28.12,27.71,22240,62639923.0,1.47,0.68,0.19,0.86,28.168,28.325,28.191,29.133,28.155,28.235,28.213,28.941,46.819,-0.023,-0.031,0.622,134578.0
融捷股份,002192,2025-05-30,28.02,27.93,28.22,27.72,28485,80058707.0,1.78,-0.39,-0.11,1.1,28.084,28.289,28.242,29.06,28.08,28.18,28.186,28.908,45.422,-0.045,-0.033,0.613,106093.0
融捷股份,002192,2025-06-03,27.68,27.91,28.12,27.55,22719,63519274.8,2.04,-0.07,-0.02,0.88,28.02,28.244,28.287,28.996,28.023,28.131,28.16,28.875,45.158,-0.064,-0.039,0.61,83374.0
融捷股份,002192,2025-06-04,27.93,29.02,29.48,27.93,91630,266014467.6,5.55,3.98,1.11,3.54,28.15,28.307,28.359,28.961,28.355,28.292,28.242,28.88,59.292,0.011,-0.029,0.679,175004.0
融捷股份,002192,2025-06-05,28.84,28.71,29.0,28.51,44207,127768077.36,1.69,-1.07,-0.31,1.71,28.322,28.305,28.417,28.914,28.474,28.368,28.286,28.874,55.027,0.045,-0.015,0.667,130797.0
融捷股份,002192,2025-06-06,28.78,28.78,29.04,28.68,32098,93153980.74,1.25,0.24,0.07,1.24,28.47,28.319,28.444,28.866,28.576,28.443,28.333,28.871,55.8,0.076,0.003,0.645,162895.0
融捷股份,002192,2025-06-09,28.82,28.79,29.02,28.65,35068,101658188.96,1.29,0.03,0.01,1.35,28.642,28.363,28.477,28.816,28.647,28.506,28.377,28.868,55.916,0.1,0.023,0.625,197963.0
融捷股份,002192,2025-06-10,28.79,28.65,29.29,28.43,43002,124810144.0,2.99,-0.49,-0.14,1.66,28.79,28.405,28.473,28.755,28.648,28.532,28.403,28.861,53.777,0.107,0.04,0.642,154961.0
融捷股份,002192,2025-06-11,28.75,29.4,29.68,28.69,85425,251670059.46,3.46,2.62,0.75,3.3,28.866,28.508,28.507,28.714,28.899,28.69,28.498,28.879,62.134,0.171,0.066,0.67,240386.0
融捷股份,002192,2025-06-12,29.23,29.05,29.37,28.83,51092,149106012.18,1.84,-1.19,-0.35,1.97,28.934,28.628,28.5,28.672,28.949,28.756,28.55,28.884,56.959,0.192,0.091,0.662,189294.0
融捷股份,002192,2025-06-13,29.01,28.14,29.05,28.03,70380,201389266.81,3.51,-3.13,-0.91,2.72,28.806,28.638,28.482,28.604,28.679,28.644,28.511,28.86,46.187,0.133,0.1,0.688,118914.0
融捷股份,002192,2025-06-16,28.07,28.23,28.34,27.91,28748,81412395.0,1.53,0.32,0.09,1.11,28.694,28.668,28.479,28.534,28.53,28.568,28.485,28.839,47.25,0.092,0.098,0.67,147662.0
融捷股份,002192,2025-06-17,28.38,28.75,29.07,28.18,52428,151494198.43,3.15,1.84,0.52,2.02,28.714,28.752,28.498,28.474,28.603,28.601,28.51,28.836,53.021,0.101,0.099,0.685,200090.0
融捷股份,002192,2025-06-18,28.75,28.6,28.81,28.23,31626,90568246.55,2.02,-0.52,-0.15,1.22,28.554,28.71,28.509,28.415,28.602,28.601,28.518,28.829,51.278,0.095,0.098,0.678,168464.0
融捷股份,002192,2025-06-19,28.54,28.72,29.41,28.42,52240,151610738.79,3.46,0.42,0.12,2.02,28.488,28.711,28.508,28.363,28.641,28.623,28.538,28.825,52.62,0.098,0.098,0.7,220704.0
融捷股份,002192,2025-06-20,28.81,28.63,29.29,28.62,66999,195536471.92,2.33,-0.31,-0.09,2.59,28.586,28.696,28.508,28.324,28.638,28.624,28.546,28.819,51.475,0.093,0.097,0.698,153705.0
融捷股份,002192,2025-06-23,28.45,29.25,29.38,28.39,64813,189776872.0,3.46,2.17,0.62,2.5,28.79,28.742,28.553,28.297,28.842,28.738,28.613,28.833,58.22,0.137,0.105,0.719,218518.0
融捷股份,002192,2025-06-24,29.14,30.49,31.02,29.05,118246,357385568.85,6.74,4.24,1.24,4.56,29.138,28.926,28.666,28.288,29.391,29.056,28.792,28.887,67.846,0.269,0.138,0.808,336764.0
融捷股份,002192,2025-06-25,30.43,30.51,30.72,30.26,76774,235223198.1,1.51,0.07,0.02,2.96,29.52,29.037,28.772,28.279,29.764,29.321,28.956,28.94,67.974,0.371,0.184,0.783,413538.0
融捷股份,002192,2025-06-26,30.48,30.33,31.23,30.28,80871,249743896.07,3.11,-0.59,-0.18,3.12,29.842,29.165,28.897,28.272,29.953,29.504,29.087,28.986,65.446,0.432,0.234,0.795,332667.0
融捷股份,002192,2025-06-27,30.66,30.61,31.36,30.52,72374,224788950.57,2.77,0.92,0.28,2.79,30.238,29.412,29.025,28.276,30.172,29.705,29.232,29.039,67.473,0.497,0.287,0.812,405041.0
融捷股份,002192,2025-06-30,30.77,30.47,30.83,30.23,52549,160674269.0,1.96,-0.46,-0.14,2.03,30.482,29.636,29.152,28.287,30.271,29.844,29.35,29.086,65.407,0.532,0.336,0.797,352492.0
融捷股份,002192,2025-07-01,30.45,30.23,30.45,29.92,48406,146722002.72,1.74,-0.79,-0.24,1.87,30.43,29.784,29.268,28.288,30.257,29.914,29.433,29.124,61.907,0.533,0.375,0.779,304086.0
融捷股份,002192,2025-07-02,30.49,31.13,31.32,30.13,98518,305460771.34,3.94,2.98,0.9,3.8,30.554,30.037,29.374,28.307,30.548,30.135,29.595,29.189,68.675,0.601,0.42,0.809,402604.0
融捷股份,002192,2025-07-03,31.83,31.65,32.51,30.83,161534,513233377.75,5.4,1.67,0.52,6.23,30.818,30.33,29.521,28.335,30.916,30.411,29.791,29.27,71.794,0.688,0.474,0.871,564138.0
融捷股份,002192,2025-07-04,31.83,30.63,31.87,30.55,86765,269483970.16,4.17,-3.22,-1.02,3.35,30.822,30.53,29.613,28.396,30.82,30.451,29.871,29.315,59.32,0.667,0.512,0.903,477373.0
融捷股份,002192,2025-07-07,30.63,30.45,30.68,30.31,44097,135049608.0,1.21,-0.59,-0.18,1.7,30.818,30.65,29.696,28.461,30.697,30.451,29.926,29.352,57.424,0.629,0.536,0.865,433276.0
融捷股份,002192,2025-07-08,30.63,31.37,31.41,30.45,83889,262298734.05,3.15,3.02,0.92,3.24,31.046,30.738,29.832,28.542,30.921,30.618,30.063,29.418,63.794,0.665,0.561,0.872,517165.0
融捷股份,002192,2025-07-09,31.63,31.35,31.9,31.28,75699,239958157.19,1.98,-0.06,-0.02,2.92,31.09,30.822,29.93,28.616,31.064,30.751,30.186,29.481,63.571,0.684,0.586,0.854,441466.0
融捷股份,002192,2025-07-10,31.35,31.56,31.8,31.17,41836,131664258.29,2.01,0.67,0.21,1.61,31.072,30.945,30.055,28.689,31.229,30.898,30.317,29.55,64.954,0.708,0.61,0.838,483302.0
融捷股份,002192,2025-07-11,31.81,31.48,32.0,31.43,77176,245098563.08,1.81,-0.25,-0.08,2.98,31.242,31.032,30.222,28.756,31.313,31.004,30.428,29.613,63.958,0.712,0.631,0.819,406126.0
融捷股份,002192,2025-07-14,32.5,34.63,34.63,32.4,151459,516397760.9,7.08,10.01,3.15,5.85,32.078,31.448,30.542,28.877,32.419,31.663,30.828,29.777,78.162,0.959,0.696,0.985,557585.0
融捷股份,002192,2025-07-15,33.66,33.31,34.0,32.56,230260,764389951.21,4.16,-3.81,-1.32,8.89,32.466,31.756,30.77,28.983,32.716,31.963,31.064,29.893,66.36,1.036,0.764,1.063,327325.0
融捷股份,002192,2025-07-16,33.29,32.71,33.32,32.41,105473,346553000.57,2.73,-1.8,-0.6,4.07,32.738,31.914,30.976,29.083,32.714,32.098,31.221,29.986,61.793,1.036,0.819,1.052,221852.0
融捷股份,002192,2025-07-17,32.71,34.65,35.98,32.51,326986,1140189991.51,10.61,5.93,1.94,12.62,33.356,32.214,31.272,29.215,33.359,32.562,31.548,30.138,69.179,1.18,0.891,1.224,548838.0
融捷股份,002192,2025-07-18,34.92,35.16,35.87,34.43,261275,917341180.99,4.16,1.47,0.51,10.08,34.092,32.667,31.599,29.351,33.959,33.035,31.892,30.303,70.778,1.319,0.977,1.24,810113.0
融捷股份,002192,2025-07-21,35.09,34.93,35.43,34.79,137085,480010581.27,1.82,-0.65,-0.23,5.29,34.152,33.115,31.883,29.479,34.283,33.379,32.181,30.455,69.039,1.395,1.06,1.197,673028.0
融捷股份,002192,2025-07-22,34.85,35.32,35.71,34.75,172281,607599949.56,2.75,1.12,0.39,6.65,34.554,33.51,32.124,29.613,34.629,33.732,32.48,30.614,70.369,1.47,1.142,1.18,845309.0
融捷股份,002192,2025-07-23,35.66,35.34,36.73,35.2,202861,728867203.18,4.33,0.06,0.02,7.83,35.08,33.909,32.366,29.744,34.866,34.024,32.752,30.769,70.439,1.514,1.217,1.205,1048170.0
融捷股份,002192,2025-07-24,35.04,38.01,38.8,34.78,283872,1050765761.46,11.38,7.56,2.67,10.96,35.752,34.554,32.75,29.924,35.914,34.749,33.253,31.007,77.944,1.743,1.322,1.406,1332042.0
融捷股份,002192,2025-07-25,38.63,37.98,39.08,37.72,221603,849000532.35,3.58,-0.08,-0.03,8.55,36.316,35.204,33.118,30.111,36.603,35.337,33.703,31.235,77.706,1.901,1.438,1.403,1110439.0
融捷股份,002192,2025-07-28,36.91,36.58,37.47,36.41,168269,620618957.34,2.79,-3.69,-1.4,6.49,36.646,35.399,33.424,30.272,36.595,35.563,33.977,31.411,67.34,1.891,1.529,1.415,942170.0
融捷股份,002192,2025-07-29,36.25,36.47,37.05,36.22,107311,391703502.48,2.27,-0.3,-0.11,4.14,36.876,35.715,33.736,30.43,36.553,35.728,34.215,31.576,66.589,1.853,1.594,1.373,834859.0
融捷股份,002192,2025-07-30,36.84,35.93,36.86,35.64,124986,452873794.27,3.35,-1.48,-0.54,4.82,36.994,36.037,33.976,30.569,36.346,35.764,34.378,31.719,62.878,1.759,1.627,1.362,709873.0
融捷股份,002192,2025-07-31,35.41,34.51,35.49,34.32,137001,477797638.02,3.26,-3.95,-1.42,5.29,36.294,36.023,34.119,30.685,35.734,35.536,34.391,31.811,54.309,1.553,1.612,1.38,572872.0
融捷股份,002192,2025-08-01,34.58,34.97,35.2,34.43,89066,310862367.66,2.23,1.33,0.46,3.44,35.692,36.004,34.336,30.798,35.479,35.433,34.446,31.914,56.383,1.409,1.571,1.336,661938.0
融捷股份,002192,2025-08-04,34.97,34.8,35.2,34.51,65792,228685372.1,1.97,-0.49,-0.17,2.54,35.336,35.991,34.553,30.909,35.253,35.318,34.479,32.009,55.382,1.268,1.511,1.29,596146.0
融捷股份,002192,2025-08-05,34.87,34.75,35.09,34.57,63415,220596558.0,1.49,-0.14,-0.05,2.45,34.992,35.934,34.722,31.009,35.085,35.215,34.505,32.099,55.073,1.138,1.436,1.235,532731.0
融捷股份,002192,2025-08-06,34.75,34.82,34.82,34.22,69001,237938173.06,1.73,0.2,0.07,2.66,34.77,35.882,34.896,31.111,34.997,35.143,34.535,32.188,55.448,1.029,1.355,1.19,601732.0
融捷股份,002192,2025-08-07,34.9,35.4,35.77,34.2,133228,466877171.58,4.51,1.67,0.58,5.14,34.948,35.621,35.088,31.214,35.131,35.19,34.618,32.293,58.539,0.979,1.28,1.217,734960.0
融捷股份,002192,2025-08-08,35.75,36.38,36.8,35.21,172538,620796666.24,4.49,2.77,0.98,6.66,35.23,35.461,35.333,31.345,35.547,35.406,34.785,32.427,63.187,1.006,1.225,1.244,907498.0
融捷股份,002192,2025-08-11,39.0,38.9,39.49,37.53,281451,1086471344.04,5.39,6.93,2.52,10.86,36.05,35.693,35.546,31.522,36.665,36.041,35.177,32.639,71.908,1.217,1.223,1.377,1188949.0
融捷股份,002192,2025-08-12,38.33,37.4,38.44,36.98,206045,772895429.59,3.75,-3.86,-1.5,7.95,36.58,35.786,35.75,31.673,36.91,36.288,35.389,32.796,62.428,1.248,1.228,1.416,982904.0
融捷股份,002192,2025-08-13,37.03,36.72,37.24,36.39,142869,525244259.15,2.27,-1.82,-0.68,5.51,36.96,35.865,35.951,31.812,36.847,36.367,35.516,32.924,58.653,1.205,1.224,1.387,840035.0
融捷股份,002192,2025-08-14,36.74,35.6,36.98,35.57,103295,373110620.65,3.84,-3.05,-1.12,3.99,37.0,35.974,35.999,31.926,36.431,36.227,35.524,33.012,52.971,1.068,1.192,1.388,736740.0
融捷股份,002192,2025-08-15,35.45,35.96,36.18,35.4,83662,300473383.0,2.19,1.01,0.36,3.23,36.916,36.073,36.039,32.048,36.274,36.179,35.565,33.109,54.497,0.977,1.149,1.345,820402.0
融捷股份,002192,2025-08-18,36.66,36.46,37.2,36.12,101071,369466238.65,3.0,1.39,0.5,3.9,36.428,36.239,36.115,32.183,36.336,36.23,35.651,33.218,56.603,0.934,1.106,1.337,921473.0
融捷股份,002192,2025-08-19,36.0,36.23,36.7,35.77,82942,299926363.57,2.55,-0.63,-0.23,3.2,36.194,36.387,36.161,32.317,36.301,36.23,35.706,33.317,55.334,0.872,1.059,1.308,838531.0
融捷股份,002192,2025-08-20,35.6,36.02,36.25,35.5,82469,295262406.98,2.07,-0.58,-0.21,3.18,36.054,36.507,36.195,32.444,36.207,36.192,35.736,33.406,54.141,0.796,1.007,1.268,756062.0
融捷股份,002192,2025-08-21,35.98,35.46,36.23,35.29,70953,253371053.89,2.61,-1.55,-0.56,2.74,36.026,36.513,36.067,32.571,35.958,36.059,35.709,33.473,50.984,0.683,0.942,1.245,685109.0
融捷股份,002192,2025-08-22,35.3,35.38,35.69,35.07,76915,271922731.98,1.75,-0.23,-0.08,2.97,35.91,36.413,35.937,32.693,35.765,35.935,35.678,33.536,50.531,0.581,0.87,1.2,608194.0
融捷股份,002192,2025-08-25,35.6,36.18,37.0,35.54,133365,482945037.89,4.13,2.26,0.8,5.15,35.854,36.141,35.917,32.831,35.904,35.98,35.726,33.622,54.854,0.558,0.807,1.23,741559.0
融捷股份,002192,2025-08-26,35.88,35.62,36.13,35.42,79343,283802113.1,1.96,-1.55,-0.56,3.06,35.732,35.963,35.875,32.959,35.809,35.914,35.716,33.688,51.463,0.488,0.744,1.197,662216.0
融捷股份,002192,2025-08-27,35.83,34.6,36.1,34.6,99211,351627056.44,4.21,-2.86,-1.02,3.83,35.448,35.751,35.808,33.052,35.406,35.675,35.609,33.718,45.899,0.347,0.664,1.218,563005.0
融捷股份,002192,2025-08-28,34.56,34.57,34.84,33.53,91811,314567342.62,3.79,-0.09,-0.03,3.54,35.27,35.648,35.811,33.15,35.127,35.474,35.51,33.746,45.742,0.23,0.578,1.225,471194.0
融捷股份,002192,2025-08-29,34.57,35.3,35.6,34.46,96506,339558818.92,3.3,2.11,0.73,3.72,35.254,35.582,35.828,33.259,35.185,35.443,35.49,33.797,50.197,0.194,0.501,1.219,567700.0
融捷股份,002192,2025-09-01,35.2,35.51,35.63,34.97,72520,256112223.12,1.87,0.59,0.21,2.8,35.12,35.487,35.863,33.371,35.293,35.455,35.492,33.853,51.432,0.181,0.437,1.179,640220.0
融捷股份,002192,2025-09-02,35.52,34.82,35.85,34.65,71248,250750263.28,3.38,-1.94,-0.69,2.75,34.96,35.346,35.867,33.474,35.136,35.34,35.428,33.885,47.282,0.113,0.372,1.18,568972.0
融捷股份,002192,2025-09-03,34.93,34.77,35.72,34.38,65475,229272727.54,3.85,-0.14,-0.05,2.53,34.994,35.221,35.864,33.563,35.014,35.236,35.366,33.914,46.986,0.054,0.308,1.192,503497.0
融捷股份,002192,2025-09-04,34.45,34.98,35.68,34.44,93891,331148906.0,3.57,0.6,0.21,3.62,35.076,35.173,35.843,33.662,35.002,35.189,35.329,33.949,48.445,0.025,0.252,1.195,597388.0
融捷股份,002192,2025-09-05,34.81,37.18,37.23,34.58,206069,750169875.37,7.58,6.29,2.2,7.95,35.452,35.353,35.883,33.813,35.728,35.551,35.505,34.055,60.66,0.177,0.237,1.299,803457.0
融捷股份,002192,2025-09-08,37.24,38.39,38.68,36.62,235760,889064654.76,5.54,3.25,1.21,9.1,36.028,35.574,35.858,33.982,36.616,36.067,35.78,34.197,65.502,0.39,0.267,1.354,1039217.0
融捷股份,002192,2025-09-09,37.8,38.18,38.99,37.71,179561,688720860.82,3.33,-0.55,-0.21,6.93,36.7,35.83,35.897,34.139,37.137,36.452,36.008,34.327,64.029,0.537,0.321,1.348,859656.0
融捷股份,002192,2025-09-10,36.8,36.96,37.36,36.46,141801,522904345.14,2.36,-3.2,-1.22,5.47,37.138,36.066,35.909,34.278,37.078,36.544,36.099,34.414,56.133,0.548,0.367,1.375,717855.0
融捷股份,002192,2025-09-11,36.81,36.76,36.99,36.35,91721,335936806.47,1.73,-0.54,-0.2,3.54,37.494,36.285,35.967,34.412,36.972,36.583,36.162,34.491,54.937,0.534,0.4,1.322,626134.0
融捷股份,002192,2025-09-12,36.9,36.57,37.04,36.13,93959,343415956.88,2.48,-0.52,-0.19,3.63,37.372,36.412,35.997,34.545,36.838,36.581,36.201,34.559,53.765,0.502,0.42,1.293,532175.0
融捷股份,002192,2025-09-15,36.54,36.83,37.59,36.54,105021,389644229.1,2.87,0.71,0.26,4.05,37.06,36.544,36.016,34.671,36.835,36.626,36.261,34.633,55.174,0.492,0.435,1.276,637196.0
融捷股份,002192,2025-09-16,37.01,36.34,37.16,35.88,81371,295926356.63,3.48,-1.33,-0.49,3.14,36.692,36.696,36.021,34.769,36.67,36.574,36.268,34.689,51.959,0.44,0.436,1.276,555825.0
融捷股份,002192,2025-09-17,36.19,36.42,36.73,35.81,64136,232333387.16,2.53,0.22,0.08,2.48,36.584,36.861,36.041,34.867,36.587,36.546,36.283,34.746,52.447,0.4,0.429,1.25,619961.0
融捷股份,002192,2025-09-18,36.32,34.96,36.32,34.6,114880,406721100.43,4.72,-4.01,-1.46,4.43,36.224,36.859,36.016,34.944,36.045,36.258,36.157,34.753,43.731,0.248,0.393,1.291,505081.0
融捷股份,002192,2025-09-19,34.89,35.5,36.2,34.89,93856,334250227.5,3.75,1.54,0.54,3.62,36.01,36.691,36.022,35.026,35.863,36.12,36.094,34.777,47.224,0.169,0.348,1.292,598937.0
融捷股份,002192,2025-09-22,35.88,34.95,36.38,34.72,70565,248198365.5,4.68,-1.55,-0.55,2.72,35.634,36.347,35.961,35.1,35.559,35.907,35.985,34.783,44.214,0.061,0.291,1.319,528372.0
融捷股份,002192,2025-09-23,34.76,33.97,35.06,33.62,75447,257975998.39,4.12,-2.8,-0.98,2.91,35.16,35.926,35.878,35.163,35.029,35.555,35.793,34.756,39.394,-0.102,0.212,1.327,452925.0
融捷股份,002192,2025-09-24,33.79,35.32,35.57,33.73,79214,276044011.64,5.42,3.97,1.35,3.06,34.94,35.762,35.914,35.232,35.126,35.512,35.748,34.775,47.83,-0.121,0.145,1.364,532139.0
融捷股份,002192,2025-09-25,35.33,35.73,36.34,35.26,91260,327707964.45,3.06,1.16,0.41,3.52,35.094,35.659,35.972,35.301,35.327,35.552,35.747,34.806,50.102,-0.102,0.096,1.344,623399.0
融捷股份,002192,2025-09-26,35.65,35.7,36.41,35.37,70720,254139280.03,2.91,-0.08,-0.03,2.73,35.134,35.572,35.992,35.385,35.452,35.579,35.742,34.836,49.931,-0.088,0.059,1.322,552679.0
融捷股份,002192,2025-09-29,35.85,37.07,37.25,35.85,121897,446353961.11,3.92,3.84,1.37,4.7,35.558,35.596,36.07,35.495,35.991,35.85,35.869,34.909,57.139,0.033,0.054,1.338,674576.0
融捷股份,002192,2025-09-30,37.0,39.33,39.5,36.76,218519,840645150.41,7.39,6.1,2.26,8.43,36.63,35.895,36.296,35.628,37.104,36.483,36.198,35.054,65.868,0.308,0.105,1.438,893095.0
融捷股份,002192,2025-10-09,40.45,41.44,42.1,39.91,222911,921272701.77,5.57,5.36,2.11,8.6,37.854,36.397,36.629,35.796,38.549,37.384,36.697,35.263,71.669,0.688,0.221,1.534,1116006.0
融捷股份,002192,2025-10-10,41.21,39.72,41.58,39.55,169662,684168717.44,4.9,-4.15,-1.72,6.55,38.652,36.873,36.866,35.932,38.94,37.809,36.985,35.409,62.364,0.841,0.345,1.569,946344.0
融捷股份,002192,2025-10-13,38.2,40.82,40.99,38.05,172343,681822199.45,7.4,2.77,1.1,6.65,39.676,37.405,37.048,36.088,39.566,38.356,37.351,35.587,65.453,1.039,0.484,1.667,1118687.0
融捷股份,002192,2025-10-14,41.44,39.64,41.69,39.34,149582,606095617.77,5.76,-2.89,-1.18,5.77,40.19,37.874,37.111,36.171,39.591,38.59,37.569,35.72,59.784,1.088,0.605,1.716,969105.0
融捷股份,002192,2025-10-15,39.9,40.22,40.98,39.6,109696,439838362.56,3.48,1.46,0.58,4.23,40.368,38.499,37.213,36.287,39.801,38.886,37.821,35.867,61.547,1.16,0.716,1.692,1078801.0
融捷股份,002192,2025-10-16,39.98,40.32,41.13,39.74,110776,448795522.28,3.46,0.25,0.1,4.28,40.144,38.999,37.381,36.413,39.974,39.147,38.059,36.013,61.858,1.211,0.815,1.67,1189577.0
融捷股份,002192,2025-10-17,40.35,39.95,42.59,39.95,156426,640606991.53,6.55,-0.92,-0.37,6.04,40.19,39.421,37.54,36.502,39.966,39.293,38.239,36.142,59.93,1.208,0.893,1.739,1033151.0
融捷股份,002192,2025-10-20,40.62,40.3,41.7,40.01,142417,580741460.32,4.23,0.88,0.35,5.5,40.086,39.881,37.727,36.587,40.077,39.476,38.435,36.278,61.163,1.22,0.959,1.74,1175568.0
融捷股份,002192,2025-10-21,40.32,39.69,41.72,39.59,131037,529530245.17,5.29,-1.51,-0.61,5.06,40.096,40.143,37.87,36.667,39.948,39.515,38.555,36.39,57.823,1.167,1.0,1.768,1044531.0
融捷股份,002192,2025-10-22,39.51,39.08,39.59,38.35,100516,391792855.95,3.12,-1.54,-0.61,3.88,39.868,40.118,38.007,36.729,39.659,39.436,38.605,36.479,54.611,1.063,1.013,1.737,944015.0
融捷股份,002192,2025-10-23,39.18,42.02,42.44,39.09,240303,983369837.85,8.57,7.52,2.94,9.27,40.208,40.176,38.287,36.841,40.446,39.906,38.93,36.66,64.768,1.204,1.051,1.853,1184318.0
融捷股份,002192,2025-10-24,42.3,43.58,45.3,42.3,260982,1150196422.43,7.14,3.71,1.56,10.07,40.934,40.562,38.718,36.933,41.491,40.574,39.373,36.887,68.762,1.425,1.126,1.955,1445300.0
融捷股份,002192,2025-10-27,44.4,44.52,45.3,43.7,183023,815961104.6,3.67,2.16,0.94,7.06,41.778,40.932,39.169,37.042,42.5,41.291,39.863,37.137,70.903,1.657,1.232,1.938,1628323.0
融捷股份,002192,2025-10-28,44.52,44.84,46.45,44.52,194043,882009808.36,4.34,0.72,0.32,7.49,42.808,41.452,39.663,37.18,43.28,41.936,40.337,37.39,71.616,1.846,1.355,1.938,1822366.0
融捷股份,002192,2025-10-29,45.12,46.77,47.13,45.12,180136,830623227.01,4.48,4.3,1.93,6.95,44.346,42.107,40.303,37.352,44.443,42.815,40.95,37.697,75.514,2.127,1.509,1.963,2002502.0
融捷股份,002192,2025-10-30,46.74,48.2,49.29,46.0,291980,1390720634.8,7.03,3.06,1.43,11.27,45.582,42.895,40.947,37.556,45.696,43.794,41.64,38.042,77.932,2.436,1.695,2.058,2294482.0
融捷股份,002192,2025-10-31,47.6,47.49,49.65,47.33,236870,1147722672.58,4.81,-1.47,-0.71,9.14,46.364,43.649,41.535,37.773,46.294,44.466,42.197,38.352,74.023,2.594,1.875,2.077,2057612.0
融捷股份,002192,2025-11-03,47.11,47.15,47.87,45.8,158100,740360066.21,4.36,-0.72,-0.34,6.1,46.89,44.334,42.108,37.976,46.579,44.954,42.669,38.64,72.157,2.662,2.032,2.076,1899512.0
融捷股份,002192,2025-11-04,47.34,44.86,47.95,44.51,175248,798615371.57,7.3,-4.86,-2.29,6.76,46.894,44.851,42.497,38.143,46.006,44.937,42.878,38.844,61.001,2.501,2.126,2.173,1724264.0
融捷股份,002192,2025-11-05,43.69,45.7,47.1,43.58,172730,780495273.43,7.85,1.87,0.84,6.67,46.68,45.513,42.816,38.326,45.904,45.076,43.147,39.069,63.246,2.414,2.184,2.27,1896994.0
融捷股份,002192,2025-11-06,45.18,46.43,46.93,45.0,112451,518075520.04,4.22,1.6,0.73,4.34,46.326,45.954,43.065,38.519,46.079,45.322,43.459,39.31,65.125,2.377,2.222,2.245,2009445.0
融捷股份,002192,2025-11-07,47.19,48.26,49.01,46.0,198971,947258073.85,6.48,3.94,1.83,7.68,46.48,46.422,43.492,38.734,46.806,45.856,43.916,39.604,69.354,2.466,2.271,2.3,2208416.0
融捷股份,002192,2025-11-10,49.5,49.05,51.5,48.6,240194,1197469548.24,6.01,1.64,0.79,9.27,46.86,46.875,43.904,38.945,47.554,46.437,44.405,39.913,70.989,2.571,2.331,2.367,2448610.0
融捷股份,002192,2025-11-11,49.05,48.63,50.08,48.26,150728,738395010.17,3.71,-0.86,-0.42,5.82,47.614,47.254,44.353,39.107,47.913,46.836,44.808,40.199,68.884,2.591,2.383,2.328,2297882.0
融捷股份,002192,2025-11-12,48.25,48.1,49.49,46.52,124447,596746317.46,6.11,-1.09,-0.53,4.8,48.094,47.387,44.747,39.285,47.975,47.066,45.121,40.458,66.216,2.534,2.413,2.374,2173435.0
融捷股份,002192,2025-11-13,49.01,52.91,52.91,48.68,96993,500761657.76,8.79,10.0,4.81,3.74,49.39,47.858,45.377,39.555,49.62,48.128,45.863,40.866,75.493,2.845,2.5,2.548,2270428.0
融捷股份,002192,2025-11-14,54.08,53.95,56.69,53.14,389443,2129227156.1,6.71,1.97,1.04,15.03,50.528,48.504,46.076,39.861,51.063,49.187,46.633,41.295,76.966,3.139,2.627,2.636,2659871.0
融捷股份,002192,2025-11-17,57.02,59.35,59.35,56.09,364884,2129609057.51,6.04,10.01,5.4,14.08,52.588,49.724,47.029,40.251,53.826,51.035,47.844,41.887,82.759,3.764,2.855,2.833,3024755.0
融捷股份,002192,2025-11-18,60.67,57.51,62.86,56.88,478674,2846243392.29,10.08,-3.1,-1.84,18.47,54.364,50.989,47.92,40.602,55.054,52.212,48.765,42.4,75.767,4.064,3.097,3.058,2546081.0
融捷股份,002192,2025-11-19,58.66,63.26,63.26,58.2,513980,3173377749.26,8.8,10.0,5.75,19.84,57.396,52.745,49.129,41.052,57.789,54.221,50.145,43.083,81.132,4.712,3.42,3.25,3060061.0
融捷股份,002192,2025-11-20,63.5,65.51,68.88,62.89,516249,3409551537.2,9.47,3.56,2.25,19.92,59.916,54.653,50.304,41.544,60.363,56.273,51.609,43.819,82.742,5.345,3.805,3.446,3576310.0
融捷股份,002192,2025-11-21,58.96,58.96,60.49,58.96,82941,489658072.95,2.34,-10.0,-6.55,3.2,60.918,55.723,51.073,41.935,59.895,56.762,52.309,44.315,65.278,5.257,4.095,3.668,3493369.0
融捷股份,002192,2025-11-24,54.13,53.07,55.0,53.06,283682,1510912575.1,3.29,-9.99,-5.89,10.95,59.662,56.125,51.5,42.23,57.62,56.091,52.381,44.602,54.199,4.659,4.208,3.827,3209687.0
融捷股份,002192,2025-11-25,52.5,53.93,54.98,51.2,475360,2504985890.58,7.12,1.62,0.86,18.35,58.946,56.655,51.954,42.526,56.39,55.698,52.529,44.908,55.39,4.206,4.208,3.824,3685047.0
融捷股份,002192,2025-11-26,54.5,53.26,55.64,53.15,322308,1742254623.92,4.62,-1.24,-0.67,12.44,56.946,57.171,52.279,42.82,55.347,55.254,52.598,45.182,54.208,3.75,4.116,3.729,3362739.0
融捷股份,002192,2025-11-27,53.25,53.12,54.18,52.72,211039,1127485516.15,2.74,-0.26,-0.14,8.14,54.468,57.192,52.525,43.129,54.604,54.866,52.648,45.442,53.948,3.338,3.96,3.567,3151700.0
融捷股份,002192,2025-11-28,53.0,53.77,54.96,52.52,223632,1208060429.71,4.59,1.22,0.65,8.63,53.43,57.174,52.839,43.449,54.326,54.667,52.755,45.715,55.023,3.029,3.774,3.486,3375332.0
融捷股份,002192,2025-12-01,54.82,52.71,55.0,52.53,205947,1103371185.28,4.59,-1.97,-1.06,7.95,53.358,56.51,53.117,43.739,53.788,54.311,52.751,45.945,52.857,2.669,3.553,3.414,3169385.0
融捷股份,002192,2025-12-02,51.98,51.34,52.09,50.68,166406,855526782.61,2.68,-2.6,-1.37,6.42,52.84,55.893,53.441,44.003,52.972,53.771,52.616,46.121,50.11,2.246,3.292,3.315,3002979.0
融捷股份,002192,2025-12-03,51.69,49.47,51.9,49.11,174569,870153838.5,5.43,-3.64,-1.87,6.74,52.082,54.514,53.629,44.247,51.804,52.989,52.317,46.231,46.555,1.74,2.981,3.277,2828410.0
融捷股份,002192,2025-12-04,49.45,48.78,50.18,48.61,113588,557302360.7,3.17,-1.39,-0.69,4.38,51.214,52.841,53.747,44.48,50.796,52.224,51.98,46.315,45.278,1.269,2.639,3.155,2714822.0
融捷股份,002192,2025-12-05,48.67,48.69,49.2,47.8,104811,508897556.4,2.87,-0.18,-0.09,4.04,50.198,51.814,53.768,44.709,50.094,51.581,51.667,46.393,45.104,0.879,2.287,3.03,2610011.0
融捷股份,002192,2025-12-08,48.88,50.18,50.84,48.83,173899,867446685.25,4.13,3.06,1.49,6.71,49.692,51.525,53.825,44.925,50.123,51.326,51.525,46.517,48.619,0.681,1.966,2.967,2783910.0
融捷股份,002192,2025-12-09,49.5,48.95,49.86,48.73,114931,565262445.96,2.25,-2.45,-1.23,4.44,49.214,51.027,53.841,45.101,49.732,50.894,51.28,46.597,46.001,0.421,1.657,2.859,2668979.0
融捷股份,002192,2025-12-10,49.28,49.57,50.45,48.2,143067,705208751.82,4.6,1.27,0.62,5.52,49.234,50.658,53.914,45.291,49.678,50.654,51.117,46.694,47.535,0.261,1.378,2.815,2812046.0
融捷股份,002192,2025-12-11,50.2,49.99,51.94,49.67,215735,1090271309.32,4.58,0.85,0.42,8.33,49.476,50.345,53.768,45.508,49.782,50.533,51.01,46.802,48.6,0.167,1.136,2.783,3027781.0
融捷股份,002192,2025-12-12,51.2,48.04,51.5,48.0,212345,1046898388.5,7.0,-3.9,-1.95,8.19,49.346,49.772,53.473,45.696,49.201,50.08,50.727,46.843,44.121,-0.064,0.896,2.835,2815436.0
融捷股份,002192,2025-12-15,48.38,48.08,48.95,47.14,159407,763974728.17,3.77,0.08,0.04,6.15,48.926,49.309,52.909,45.888,48.828,49.716,50.475,46.883,44.234,-0.242,0.668,2.761,2974843.0
融捷股份,002192,2025-12-16,48.08,47.69,48.38,46.77,120107,571506039.19,3.35,-0.81,-0.39,4.64,48.674,48.944,52.418,46.069,48.448,49.348,50.209,46.91,43.31,-0.409,0.453,2.679,2854736.0
融捷股份,002192,2025-12-17,49.15,50.8,51.2,47.84,270800,1353161446.27,7.05,6.52,3.11,10.45,48.92,49.077,51.795,46.31,49.232,49.612,50.266,47.037,51.933,-0.287,0.305,2.739,3125536.0
融捷股份,002192,2025-12-18,49.72,49.25,50.99,49.11,184680,921743848.62,3.7,-3.05,-1.55,7.13,48.772,49.124,50.982,46.524,49.238,49.546,50.169,47.11,48.013,-0.312,0.181,2.677,2940856.0
融捷股份,002192,2025-12-19,49.31,50.75,52.04,47.89,242408,1211211945.53,8.43,3.05,1.5,9.36,49.314,49.33,50.572,46.787,49.742,49.765,50.224,47.229,51.804,-0.209,0.103,2.782,3183264.0
融捷股份,002192,2025-12-22,51.77,51.89,52.0,51.3,36350,188082561.0,1.38,2.25,1.14,1.4,50.076,49.501,50.513,47.06,50.458,50.151,50.383,47.382,54.519,-0.034,0.076,2.673,3219614.0
中恒集团,600252,2025-01-02,2.47,2.42,2.51,2.4,425581,104848718.0,4.47,-1.63,-0.04,1.27,,,,,,,,,,,,,425581.0
中恒集团,600252,2025-01-03,2.43,2.37,2.45,2.35,427240,102461300.0,4.13,-2.07,-0.05,1.28,,,,,,,,,,,,,-1659.0
中恒集团,600252,2025-01-06,2.37,2.41,2.44,2.34,454994,109165368.0,4.22,1.69,0.04,1.36,,,,,,,,,,,,,453335.0
中恒集团,600252,2025-01-07,2.4,2.38,2.42,2.33,390747,92407036.0,3.73,-1.24,-0.03,1.17,,,,,,,,,,,,,62588.0
中恒集团,600252,2025-01-08,2.38,2.36,2.42,2.3,411011,96647700.0,5.04,-0.84,-0.02,1.23,2.388,,,,2.388,,,,,,,,-348423.0
中恒集团,600252,2025-01-09,2.34,2.33,2.36,2.3,337672,78848776.0,2.54,-1.27,-0.03,1.01,2.37,,,,2.369,,,,,,,,-686095.0
中恒集团,600252,2025-01-10,2.34,2.27,2.34,2.26,318755,73392366.0,3.43,-2.58,-0.06,0.95,2.35,,,,2.336,,,,,,,,-1004850.0
中恒集团,600252,2025-01-13,2.26,2.29,2.3,2.22,305604,69320977.0,3.52,0.88,0.02,0.91,2.326,,,,2.321,,,,,,,,-699246.0
中恒集团,600252,2025-01-14,2.3,2.36,2.37,2.29,468579,109357813.0,3.49,3.06,0.07,1.4,2.322,,,,2.334,,,,,,,,-230667.0
中恒集团,600252,2025-01-15,2.37,2.33,2.37,2.31,341170,79492975.0,2.54,-1.27,-0.03,1.02,2.316,2.352,,,2.332,2.352,,,,,,,-571837.0
中恒集团,600252,2025-01-16,2.34,2.35,2.4,2.33,377692,89499373.0,3.0,0.86,0.02,1.13,2.32,2.345,,,2.338,2.352,,,,,,,-194145.0
中恒集团,600252,2025-01-17,2.35,2.35,2.37,2.32,285283,66881517.0,2.13,0.0,0.0,0.85,2.336,2.343,,,2.342,2.351,,,,,,,-194145.0
中恒集团,600252,2025-01-20,2.37,2.36,2.4,2.35,237277,56325947.0,2.13,0.43,0.01,0.71,2.35,2.338,,,2.348,2.353,,,,,,,43132.0
中恒集团,600252,2025-01-21,2.38,2.33,2.39,2.32,241900,56580159.0,2.97,-1.27,-0.03,0.72,2.344,2.333,,,2.342,2.349,,,,,,,-198768.0
中恒集团,600252,2025-01-22,2.33,2.3,2.33,2.28,257286,59140088.0,2.15,-1.29,-0.03,0.77,2.338,2.327,,,2.328,2.34,,,36.364,,,0.076,-456054.0
中恒集团,600252,2025-01-23,2.32,2.3,2.37,2.3,357468,83433621.0,3.04,0.0,0.0,1.07,2.328,2.324,,,2.319,2.333,,,36.364,,,0.075,-456054.0
中恒集团,600252,2025-01-24,2.3,2.32,2.33,2.28,310269,71610026.0,2.17,0.87,0.02,0.93,2.322,2.329,,,2.319,2.33,,,39.55,,,0.073,-145785.0
中恒集团,600252,2025-01-27,2.3,2.31,2.37,2.3,372112,86782361.0,3.02,-0.43,-0.01,1.11,2.312,2.331,,,2.316,2.327,,,38.512,,,0.073,-517897.0
中恒集团,600252,2025-02-05,2.33,2.35,2.37,2.32,325466,76470691.0,2.16,1.73,0.04,0.97,2.316,2.33,,,2.327,2.331,,,44.76,,,0.072,-192431.0
中恒集团,600252,2025-02-06,2.35,2.36,2.37,2.29,421320,98523023.0,3.4,0.43,0.01,1.26,2.328,2.333,2.342,,2.338,2.336,2.342,,46.231,,,0.073,228889.0
中恒集团,600252,2025-02-07,2.36,2.41,2.43,2.36,564179,135442722.0,2.97,2.12,0.05,1.69,2.35,2.339,2.342,,2.362,2.35,2.349,,52.974,,,0.073,793068.0
中恒集团,600252,2025-02-10,2.41,2.44,2.47,2.4,500908,122293357.0,2.9,1.24,0.03,1.5,2.374,2.348,2.345,,2.388,2.366,2.358,,56.499,,,0.072,1293976.0
中恒集团,600252,2025-02-11,2.44,2.41,2.46,2.38,387569,93247150.0,3.28,-1.23,-0.03,1.16,2.394,2.353,2.345,,2.395,2.374,2.363,,52.278,,,0.073,906407.0
中恒集团,600252,2025-02-12,2.41,2.49,2.57,2.4,1058674,262585206.0,7.05,3.32,0.08,3.17,2.422,2.369,2.351,,2.427,2.395,2.375,,60.707,,,0.08,1965081.0
中恒集团,600252,2025-02-13,2.45,2.46,2.49,2.44,632791,155724760.0,2.01,-1.2,-0.03,1.89,2.442,2.385,2.356,,2.438,2.407,2.383,,56.665,,,0.078,1332290.0
中恒集团,600252,2025-02-14,2.47,2.47,2.51,2.45,473041,117295418.0,2.44,0.41,0.01,1.41,2.454,2.402,2.363,,2.449,2.418,2.391,,57.677,,,0.077,1805331.0
中恒集团,600252,2025-02-17,2.49,2.53,2.58,2.46,771995,195722982.0,4.86,2.43,0.06,2.31,2.472,2.423,2.376,,2.476,2.439,2.404,,63.223,,,0.08,2577326.0
中恒集团,600252,2025-02-18,2.54,2.46,2.54,2.44,565619,140609322.0,3.95,-2.77,-0.07,1.69,2.482,2.438,2.384,,2.471,2.443,2.41,,54.285,,,0.081,2011707.0
中恒集团,600252,2025-02-19,2.45,2.46,2.46,2.43,381820,93244746.0,1.22,0.0,0.0,1.14,2.476,2.449,2.389,,2.467,2.446,2.414,,54.285,,,0.077,2011707.0
中恒集团,600252,2025-02-20,2.45,2.44,2.48,2.43,360854,88539075.0,2.03,-0.81,-0.02,1.08,2.472,2.457,2.395,,2.458,2.445,2.417,,51.856,,,0.075,1650853.0
中恒集团,600252,2025-02-21,2.44,2.42,2.46,2.39,428494,103373241.0,2.87,-0.82,-0.02,1.28,2.462,2.458,2.398,,2.445,2.44,2.417,,49.471,,,0.075,1222359.0
中恒集团,600252,2025-02-24,2.42,2.45,2.45,2.41,396846,96726513.0,1.65,1.24,0.03,1.19,2.446,2.459,2.403,,2.447,2.442,2.42,,52.965,,,0.073,1619205.0
中恒集团,600252,2025-02-25,2.43,2.42,2.46,2.41,296337,72128872.0,2.04,-1.22,-0.03,0.89,2.438,2.46,2.406,,2.438,2.438,2.42,,49.294,,,0.071,1322868.0
中恒集团,600252,2025-02-26,2.43,2.47,2.47,2.42,391257,95859600.0,2.07,2.07,0.05,1.17,2.44,2.458,2.413,,2.449,2.444,2.425,,54.903,0.027,0.028,0.069,1714125.0
中恒集团,600252,2025-02-27,2.46,2.46,2.49,2.43,389422,95808073.0,2.43,-0.4,-0.01,1.16,2.444,2.458,2.421,,2.452,2.447,2.428,,53.626,0.027,0.028,0.069,1324703.0
中恒集团,600252,2025-02-28,2.46,2.42,2.48,2.4,372921,90694292.0,3.25,-1.63,-0.04,1.12,2.444,2.453,2.427,,2.442,2.442,2.428,,48.74,0.024,0.027,0.07,951782.0
中恒集团,600252,2025-03-03,2.41,2.39,2.45,2.38,345636,83493910.0,2.89,-1.24,-0.03,1.03,2.432,2.439,2.431,,2.424,2.432,2.424,,45.399,0.018,0.025,0.07,606146.0
中恒集团,600252,2025-03-04,2.38,2.38,2.4,2.37,269039,64031659.0,1.26,-0.42,-0.01,0.8,2.424,2.431,2.434,,2.41,2.423,2.42,,44.309,0.013,0.023,0.067,337107.0
中恒集团,600252,2025-03-05,2.38,2.36,2.38,2.33,303703,71330485.0,2.1,-0.84,-0.02,0.91,2.402,2.421,2.435,,2.393,2.411,2.414,,42.129,0.007,0.02,0.066,33404.0
中恒集团,600252,2025-03-06,2.36,2.39,2.4,2.35,335859,79842495.0,2.12,1.27,0.03,1.0,2.388,2.416,2.436,,2.392,2.408,2.412,,46.389,0.005,0.017,0.064,369263.0
中恒集团,600252,2025-03-07,2.39,2.36,2.41,2.36,302157,71906095.0,2.09,-1.26,-0.03,0.9,2.376,2.41,2.434,,2.381,2.399,2.407,,42.982,0.001,0.014,0.063,67106.0
中恒集团,600252,2025-03-10,2.37,2.41,2.45,2.37,473663,114466461.0,3.39,2.12,0.05,1.42,2.38,2.406,2.432,,2.391,2.401,2.407,,49.622,0.002,0.011,0.065,540769.0
中恒集团,600252,2025-03-11,2.39,2.42,2.44,2.38,280048,67404695.0,2.49,0.41,0.01,0.84,2.388,2.406,2.433,,2.401,2.404,2.408,,50.855,0.003,0.01,0.065,820817.0
中恒集团,600252,2025-03-12,2.43,2.41,2.44,2.4,233574,56369997.0,1.65,-0.41,-0.01,0.7,2.398,2.4,2.429,,2.404,2.405,2.409,,49.549,0.003,0.008,0.063,587243.0
中恒集团,600252,2025-03-13,2.4,2.38,2.42,2.36,278831,66450491.0,2.49,-1.24,-0.03,0.83,2.396,2.392,2.425,,2.396,2.401,2.406,,45.754,0.001,0.007,0.063,308412.0
中恒集团,600252,2025-03-14,2.38,2.43,2.44,2.38,389015,93857944.0,2.52,2.1,0.05,1.16,2.41,2.393,2.423,,2.407,2.406,2.408,,52.311,0.003,0.006,0.063,697427.0
中恒集团,600252,2025-03-17,2.45,2.46,2.52,2.44,429085,106052771.0,3.29,1.23,0.03,1.28,2.42,2.4,2.42,,2.425,2.416,2.413,,55.765,0.007,0.006,0.065,1126512.0
中恒集团,600252,2025-03-18,2.46,2.43,2.47,2.42,256851,62545929.0,2.03,-1.22,-0.03,0.77,2.422,2.405,2.418,,2.427,2.418,2.415,,51.73,0.008,0.007,0.064,869661.0
中恒集团,600252,2025-03-19,2.43,2.43,2.45,2.42,237987,57914705.0,1.23,0.0,0.0,0.71,2.426,2.412,2.416,,2.428,2.421,2.416,,51.73,0.008,0.007,0.061,869661.0
中恒集团,600252,2025-03-20,2.43,2.44,2.46,2.42,284448,69310778.0,1.65,0.41,0.01,0.85,2.438,2.417,2.416,,2.432,2.424,2.418,,53.043,0.009,0.007,0.06,1154109.0
中恒集团,600252,2025-03-21,2.47,2.45,2.51,2.43,789792,195427580.0,3.28,0.41,0.01,2.36,2.442,2.426,2.418,,2.438,2.429,2.421,,54.38,0.011,0.008,0.061,1943901.0
中恒集团,600252,2025-03-24,2.43,2.4,2.45,2.37,514050,123880686.0,3.27,-2.04,-0.05,1.54,2.43,2.425,2.415,,2.425,2.424,2.419,,47.151,0.008,0.008,0.063,1429851.0
中恒集团,600252,2025-03-25,2.4,2.41,2.43,2.37,296575,71316932.0,2.5,0.42,0.01,0.89,2.426,2.424,2.415,,2.42,2.421,2.418,,48.622,0.006,0.008,0.062,1726426.0
中恒集团,600252,2025-03-26,2.4,2.43,2.45,2.39,337270,81877845.0,2.49,0.83,0.02,1.01,2.426,2.426,2.413,,2.423,2.423,2.42,,51.528,0.007,0.008,0.062,2063696.0
中恒集团,600252,2025-03-27,2.45,2.49,2.55,2.44,779072,193644333.0,4.53,2.47,0.06,2.33,2.436,2.437,2.414,,2.446,2.435,2.426,,59.018,0.012,0.008,0.066,2842768.0
中恒集团,600252,2025-03-28,2.48,2.43,2.49,2.43,431912,106114744.0,2.41,-2.41,-0.06,1.29,2.432,2.437,2.415,,2.44,2.434,2.427,,50.598,0.011,0.009,0.066,2410856.0
中恒集团,600252,2025-03-31,2.42,2.36,2.43,2.34,492027,116754882.0,3.7,-2.88,-0.07,1.47,2.424,2.427,2.414,,2.414,2.421,2.42,,42.908,0.004,0.008,0.068,1918829.0
中恒集团,600252,2025-04-01,2.35,2.44,2.47,2.35,588448,143141910.0,5.08,3.39,0.08,1.76,2.43,2.428,2.416,,2.422,2.424,2.422,,51.905,0.005,0.007,0.071,2507277.0
中恒集团,600252,2025-04-02,2.45,2.46,2.48,2.42,421623,103527063.0,2.46,0.82,0.02,1.26,2.436,2.431,2.421,,2.435,2.431,2.426,,53.862,0.008,0.007,0.071,2928900.0
中恒集团,600252,2025-04-03,2.44,2.48,2.49,2.43,440082,108757718.0,2.44,0.81,0.02,1.32,2.434,2.435,2.426,2.402,2.45,2.44,2.431,2.402,55.8,0.011,0.008,0.07,3368982.0
中恒集团,600252,2025-04-07,2.41,2.23,2.41,2.23,785170,180769535.0,7.26,-10.08,-0.25,2.35,2.394,2.413,2.419,2.398,2.377,2.402,2.412,2.396,35.649,-0.006,0.005,0.083,2583812.0
中恒集团,600252,2025-04-08,2.23,2.27,2.3,2.23,551994,124771009.0,3.14,1.79,0.04,1.65,2.376,2.4,2.412,2.397,2.341,2.378,2.398,2.392,39.418,-0.016,0.001,0.082,3135806.0
中恒集团,600252,2025-04-09,2.24,2.28,2.3,2.12,511947,113711474.0,7.93,0.44,0.01,1.53,2.344,2.387,2.405,2.395,2.321,2.36,2.387,2.388,40.359,-0.024,-0.004,0.089,3647753.0
中恒集团,600252,2025-04-10,2.3,2.32,2.34,2.3,436606,101256919.0,1.75,1.75,0.04,1.31,2.316,2.376,2.401,2.394,2.32,2.353,2.381,2.386,44.098,-0.026,-0.008,0.087,4084359.0
中恒集团,600252,2025-04-11,2.32,2.35,2.38,2.3,424517,99833865.0,3.45,1.29,0.03,1.27,2.29,2.362,2.399,2.394,2.33,2.352,2.378,2.385,46.792,-0.025,-0.012,0.086,4508876.0
中恒集团,600252,2025-04-14,2.36,2.41,2.44,2.35,509899,122096542.0,3.83,2.55,0.06,1.53,2.326,2.36,2.398,2.395,2.357,2.363,2.381,2.386,51.796,-0.019,-0.013,0.086,5018775.0
中恒集团,600252,2025-04-15,2.41,2.39,2.42,2.37,263606,62860030.0,2.07,-0.83,-0.02,0.79,2.35,2.363,2.395,2.397,2.368,2.368,2.382,2.386,50.105,-0.016,-0.014,0.084,4755169.0
中恒集团,600252,2025-04-16,2.38,2.4,2.4,2.36,332970,79184840.0,1.67,0.42,0.01,1.0,2.374,2.359,2.393,2.399,2.379,2.374,2.383,2.386,50.967,-0.012,-0.013,0.081,5088139.0
中恒集团,600252,2025-04-17,2.39,2.39,2.42,2.38,236919,56984040.0,1.67,-0.42,-0.01,0.71,2.388,2.352,2.391,2.399,2.382,2.377,2.384,2.386,50.036,-0.01,-0.013,0.078,4851220.0
中恒集团,600252,2025-04-18,2.4,2.38,2.41,2.37,183953,43819210.0,1.67,-0.42,-0.01,0.55,2.394,2.342,2.388,2.4,2.382,2.377,2.384,2.386,49.07,-0.009,-0.012,0.075,4667267.0
中恒集团,600252,2025-04-21,2.38,2.39,2.4,2.36,171185,40845625.0,1.68,0.42,0.01,0.51,2.39,2.358,2.385,2.401,2.384,2.379,2.384,2.386,50.107,-0.007,-0.011,0.073,4838452.0
中恒集团,600252,2025-04-22,2.39,2.4,2.41,2.38,241089,57771221.0,1.26,0.42,0.01,0.72,2.392,2.371,2.385,2.401,2.39,2.383,2.386,2.387,51.177,-0.005,-0.01,0.07,5079541.0
中恒集团,600252,2025-04-23,2.4,2.38,2.42,2.38,244073,58508571.0,1.67,-0.83,-0.02,0.73,2.388,2.381,2.384,2.402,2.386,2.383,2.385,2.387,48.917,-0.005,-0.009,0.067,4835468.0
中恒集团,600252,2025-04-24,2.38,2.39,2.4,2.35,300413,71469206.0,2.1,0.42,0.01,0.9,2.388,2.388,2.382,2.403,2.388,2.384,2.386,2.387,50.104,-0.004,-0.008,0.066,5135881.0
中恒集团,600252,2025-04-25,2.38,2.4,2.43,2.38,335208,80769890.0,2.09,0.42,0.01,1.02,2.392,2.393,2.377,2.404,2.392,2.387,2.387,2.387,51.321,-0.002,-0.007,0.065,5471089.0
中恒集团,600252,2025-04-28,2.41,2.36,2.41,2.33,344132,81268662.0,3.33,-1.67,-0.04,1.04,2.386,2.388,2.374,2.405,2.381,2.382,2.384,2.386,46.439,-0.004,-0.006,0.066,5126957.0
中恒集团,600252,2025-04-29,2.35,2.41,2.42,2.35,332399,79309745.0,2.97,2.12,0.05,1.01,2.388,2.39,2.376,2.407,2.391,2.387,2.387,2.387,52.519,-0.002,-0.005,0.066,5459356.0
中恒集团,600252,2025-04-30,2.39,2.43,2.45,2.37,460034,111228454.0,3.32,0.83,0.02,1.39,2.398,2.393,2.376,2.409,2.404,2.395,2.391,2.388,54.733,0.002,-0.004,0.067,5919390.0
中恒集团,600252,2025-05-06,2.44,2.45,2.46,2.42,352124,85979505.0,1.65,0.82,0.02,1.07,2.41,2.399,2.375,2.411,2.419,2.405,2.397,2.39,56.897,0.006,-0.002,0.065,6271514.0
中恒集团,600252,2025-05-07,2.47,2.5,2.5,2.46,558182,138745012.0,1.63,2.04,0.05,1.69,2.43,2.411,2.376,2.413,2.446,2.422,2.406,2.394,61.812,0.014,0.001,0.064,6829696.0
中恒集团,600252,2025-05-08,2.5,2.48,2.51,2.47,296089,73596474.0,1.6,-0.8,-0.02,0.9,2.454,2.42,2.389,2.414,2.457,2.433,2.413,2.397,58.918,0.018,0.004,0.063,6533607.0
中恒集团,600252,2025-05-09,2.49,2.47,2.51,2.46,298107,73907316.0,2.02,-0.4,-0.01,0.9,2.466,2.427,2.399,2.415,2.462,2.439,2.419,2.399,57.469,0.02,0.008,0.062,6235500.0
中恒集团,600252,2025-05-12,2.47,2.46,2.48,2.43,286821,70245923.0,2.02,-0.4,-0.01,0.87,2.472,2.435,2.408,2.415,2.461,2.443,2.423,2.401,55.986,0.02,0.01,0.061,5948679.0
中恒集团,600252,2025-05-13,2.46,2.45,2.49,2.44,265192,65192593.0,2.03,-0.41,-0.01,0.8,2.472,2.441,2.414,2.415,2.457,2.444,2.425,2.403,54.473,0.02,0.012,0.06,5683487.0
中恒集团,600252,2025-05-14,2.45,2.46,2.48,2.43,268367,65805483.0,2.04,0.41,0.01,0.81,2.464,2.447,2.42,2.415,2.458,2.447,2.429,2.405,55.761,0.02,0.014,0.059,5951854.0
中恒集团,600252,2025-05-15,2.46,2.45,2.49,2.45,273104,67440755.0,1.63,-0.41,-0.01,0.83,2.458,2.456,2.422,2.414,2.456,2.448,2.431,2.406,54.112,0.019,0.015,0.058,5678750.0
中恒集团,600252,2025-05-16,2.46,2.46,2.47,2.44,215751,53028432.0,1.22,0.41,0.01,0.65,2.456,2.461,2.426,2.413,2.457,2.45,2.433,2.408,55.528,0.019,0.016,0.056,5894501.0
中恒集团,600252,2025-05-19,2.48,2.57,2.7,2.47,1110645,285018009.0,9.35,4.47,0.11,3.36,2.478,2.475,2.434,2.415,2.495,2.472,2.446,2.413,67.433,0.028,0.018,0.069,7005146.0
中恒集团,600252,2025-05-20,2.52,2.56,2.59,2.5,665777,169631417.0,3.5,-0.39,-0.01,2.02,2.5,2.486,2.442,2.417,2.516,2.488,2.457,2.418,65.711,0.033,0.021,0.071,6339369.0
中恒集团,600252,2025-05-21,2.56,2.57,2.6,2.53,564647,145026870.0,2.73,0.39,0.01,1.71,2.522,2.493,2.452,2.419,2.534,2.503,2.468,2.423,66.628,0.038,0.024,0.071,6904016.0
中恒集团,600252,2025-05-22,2.56,2.52,2.57,2.51,389874,98827169.0,2.33,-1.95,-0.05,1.18,2.536,2.497,2.458,2.421,2.53,2.506,2.473,2.426,58.235,0.037,0.027,0.07,6514142.0
中恒集团,600252,2025-05-23,2.52,2.53,2.6,2.51,572880,147082241.0,3.57,0.4,0.01,1.73,2.55,2.503,2.465,2.422,2.53,2.51,2.478,2.43,59.339,0.037,0.029,0.071,7087022.0
中恒集团,600252,2025-05-26,2.54,2.61,2.64,2.52,775315,199663676.0,4.74,3.16,0.08,2.35,2.558,2.518,2.476,2.425,2.556,2.528,2.491,2.436,66.877,0.043,0.032,0.075,7862337.0
中恒集团,600252,2025-05-27,2.6,2.65,2.68,2.59,885443,234232523.0,3.45,1.53,0.04,2.68,2.576,2.538,2.49,2.428,2.588,2.551,2.506,2.443,69.883,0.05,0.035,0.076,8747780.0
中恒集团,600252,2025-05-28,2.65,2.6,2.67,2.58,586800,153472055.0,3.4,-1.89,-0.05,1.78,2.582,2.552,2.5,2.43,2.592,2.56,2.515,2.448,62.274,0.051,0.039,0.077,8160980.0
中恒集团,600252,2025-05-29,2.59,2.62,2.63,2.57,447404,116652303.0,2.31,0.77,0.02,1.35,2.602,2.569,2.512,2.434,2.601,2.571,2.525,2.453,63.964,0.053,0.041,0.076,8608384.0
中恒集团,600252,2025-05-30,2.62,2.61,2.68,2.6,442870,116152514.0,3.05,-0.38,-0.01,1.34,2.618,2.584,2.522,2.437,2.604,2.578,2.533,2.459,62.458,0.053,0.044,0.076,8165514.0
中恒集团,600252,2025-06-03,2.59,2.63,2.65,2.58,465577,122300994.0,2.68,0.77,0.02,1.41,2.622,2.59,2.532,2.442,2.613,2.587,2.542,2.464,64.27,0.054,0.046,0.076,8631091.0
中恒集团,600252,2025-06-04,2.63,2.62,2.64,2.59,383945,100099865.0,1.9,-0.38,-0.01,1.16,2.616,2.596,2.541,2.446,2.615,2.593,2.55,2.469,62.642,0.054,0.047,0.074,8247146.0
中恒集团,600252,2025-06-05,2.61,2.56,2.62,2.54,462003,118614398.0,3.05,-2.29,-0.06,1.4,2.608,2.595,2.544,2.449,2.597,2.587,2.551,2.472,53.828,0.048,0.047,0.074,7785143.0
中恒集团,600252,2025-06-06,2.56,2.57,2.6,2.55,307365,79057762.0,1.95,0.39,0.01,0.93,2.598,2.6,2.548,2.452,2.588,2.584,2.553,2.475,54.965,0.043,0.047,0.072,8092508.0
中恒集团,600252,2025-06-09,2.57,2.63,2.66,2.56,550371,144941392.0,3.89,2.33,0.06,1.67,2.602,2.61,2.557,2.456,2.602,2.592,2.56,2.48,61.149,0.044,0.046,0.074,8642879.0
中恒集团,600252,2025-06-10,2.64,2.65,2.74,2.62,601221,160018123.0,4.56,0.76,0.02,1.82,2.606,2.614,2.566,2.46,2.618,2.603,2.569,2.486,62.974,0.046,0.046,0.078,9244100.0
中恒集团,600252,2025-06-11,2.69,2.66,2.76,2.66,613879,165727030.0,3.77,0.38,0.01,1.86,2.614,2.615,2.577,2.464,2.632,2.613,2.577,2.492,63.887,0.048,0.046,0.08,9857979.0
中恒集团,600252,2025-06-12,2.67,2.64,2.68,2.62,400359,105834996.0,2.26,-0.75,-0.02,1.21,2.63,2.619,2.586,2.468,2.635,2.618,2.583,2.497,60.664,0.047,0.047,0.079,9457620.0
中恒集团,600252,2025-06-13,2.65,2.59,2.67,2.58,428102,111672976.0,3.41,-1.89,-0.05,1.3,2.634,2.616,2.592,2.471,2.62,2.613,2.584,2.5,53.409,0.042,0.046,0.079,9029518.0
中恒集团,600252,2025-06-16,2.58,2.58,2.59,2.54,287533,73896257.0,1.93,-0.39,-0.01,0.87,2.624,2.613,2.598,2.473,2.607,2.607,2.583,2.502,52.068,0.036,0.044,0.077,8741985.0
中恒集团,600252,2025-06-17,2.58,2.58,2.63,2.56,352504,91315434.0,2.71,0.0,0.0,1.07,2.61,2.608,2.599,2.475,2.598,2.602,2.583,2.505,52.068,0.032,0.041,0.077,8741985.0
中恒集团,600252,2025-06-18,2.57,2.56,2.58,2.54,278520,71291791.0,1.55,-0.78,-0.02,0.84,2.59,2.602,2.599,2.478,2.585,2.594,2.581,2.507,49.202,0.026,0.038,0.074,8463465.0
中恒集团,600252,2025-06-19,2.56,2.5,2.56,2.49,346678,87208266.0,2.73,-2.34,-0.06,1.05,2.562,2.596,2.595,2.479,2.557,2.577,2.573,2.506,41.774,0.017,0.034,0.074,8116787.0
中恒集团,600252,2025-06-20,2.51,2.5,2.53,2.5,198975,49949646.0,1.2,0.0,0.0,0.6,2.544,2.589,2.594,2.479,2.538,2.563,2.566,2.506,41.774,0.009,0.029,0.071,8116787.0
中恒集团,600252,2025-06-23,2.49,2.51,2.52,2.47,199740,49970087.0,2.0,0.4,0.01,0.6,2.53,2.577,2.593,2.481,2.529,2.554,2.561,2.506,43.425,0.004,0.024,0.069,8316527.0
中恒集团,600252,2025-06-24,2.52,2.53,2.55,2.51,265875,67316559.0,1.59,0.8,0.02,0.81,2.52,2.565,2.589,2.483,2.529,2.549,2.558,2.507,46.681,0.001,0.02,0.067,8582402.0
中恒集团,600252,2025-06-25,2.54,2.54,2.55,2.5,320601,80923652.0,1.98,0.4,0.01,0.97,2.516,2.553,2.584,2.485,2.533,2.548,2.556,2.508,48.284,0.0,0.016,0.066,8903003.0
中恒集团,600252,2025-06-26,2.53,2.52,2.54,2.51,305449,77189381.0,1.18,-0.79,-0.02,0.92,2.52,2.541,2.58,2.486,2.528,2.543,2.553,2.509,45.348,-0.002,0.012,0.063,8597554.0
中恒集团,600252,2025-06-27,2.53,2.52,2.56,2.52,282278,71724966.0,1.59,0.0,0.0,0.85,2.524,2.534,2.575,2.487,2.526,2.538,2.55,2.509,45.348,-0.004,0.009,0.062,8597554.0
中恒集团,600252,2025-06-30,2.52,2.53,2.54,2.51,255284,64416195.0,1.19,0.4,0.01,0.77,2.528,2.529,2.571,2.49,2.527,2.537,2.548,2.51,47.209,-0.005,0.006,0.059,8852838.0
中恒集团,600252,2025-07-01,2.52,2.56,2.57,2.51,389398,98985929.0,2.37,1.19,0.03,1.18,2.534,2.527,2.568,2.492,2.538,2.541,2.549,2.511,52.443,-0.003,0.004,0.059,9242236.0
中恒集团,600252,2025-07-02,2.56,2.58,2.59,2.55,276519,71118246.0,1.56,0.78,0.02,0.84,2.542,2.529,2.565,2.494,2.552,2.548,2.552,2.514,55.603,0.0,0.003,0.058,9518755.0
中恒集团,600252,2025-07-03,2.58,2.62,2.62,2.57,376547,97902678.0,1.94,1.55,0.04,1.14,2.562,2.541,2.568,2.496,2.575,2.561,2.558,2.517,61.161,0.006,0.004,0.057,9895302.0
中恒集团,600252,2025-07-04,2.62,2.61,2.63,2.59,351263,91658345.0,1.53,-0.38,-0.01,1.06,2.58,2.552,2.57,2.503,2.586,2.57,2.563,2.52,59.167,0.009,0.005,0.056,9544039.0
中恒集团,600252,2025-07-07,2.61,2.64,2.66,2.6,381751,100598510.0,2.3,1.15,0.03,1.16,2.602,2.565,2.571,2.509,2.604,2.583,2.571,2.524,63.058,0.014,0.007,0.057,9925790.0
中恒集团,600252,2025-07-08,2.64,2.67,2.68,2.64,445218,118406678.0,1.52,1.14,0.03,1.35,2.624,2.579,2.572,2.515,2.626,2.599,2.58,2.529,66.497,0.02,0.01,0.055,10371008.0
中恒集团,600252,2025-07-09,2.66,2.65,2.68,2.63,437235,115932607.0,1.87,-0.75,-0.02,1.32,2.638,2.59,2.571,2.521,2.634,2.608,2.587,2.533,62.331,0.024,0.012,0.055,9933773.0
中恒集团,600252,2025-07-10,2.65,2.66,2.67,2.64,324713,86343206.0,1.13,0.38,0.01,0.98,2.646,2.604,2.572,2.526,2.643,2.617,2.594,2.537,63.561,0.026,0.015,0.053,10258486.0
中恒集团,600252,2025-07-11,2.66,2.68,2.69,2.65,459313,122769667.0,1.5,0.75,0.02,1.39,2.66,2.62,2.577,2.53,2.655,2.629,2.602,2.542,65.953,0.03,0.018,0.052,10717799.0
中恒集团,600252,2025-07-14,2.67,2.69,2.7,2.67,400802,107731750.0,1.12,0.37,0.01,1.21,2.67,2.636,2.582,2.535,2.667,2.64,2.61,2.547,67.116,0.033,0.021,0.051,11118601.0
中恒集团,600252,2025-07-15,2.69,2.63,2.69,2.61,486254,128106773.0,2.97,-2.23,-0.06,1.47,2.662,2.643,2.585,2.539,2.655,2.638,2.612,2.549,54.983,0.031,0.023,0.053,10632347.0
中恒集团,600252,2025-07-16,2.62,2.67,2.68,2.61,393165,103983106.0,2.66,1.52,0.04,1.19,2.666,2.652,2.59,2.544,2.66,2.644,2.618,2.553,60.155,0.031,0.025,0.054,11025512.0
中恒集团,600252,2025-07-17,2.67,2.7,2.75,2.67,466744,126229149.0,3.0,1.12,0.03,1.41,2.674,2.66,2.6,2.549,2.673,2.654,2.626,2.558,63.538,0.034,0.027,0.056,11492256.0
中恒集团,600252,2025-07-18,2.73,2.69,2.76,2.67,403974,109324686.0,3.33,-0.37,-0.01,1.22,2.676,2.668,2.61,2.554,2.679,2.661,2.632,2.562,61.658,0.035,0.028,0.058,11088282.0
中恒集团,600252,2025-07-21,2.69,2.72,2.74,2.69,445470,121247798.0,1.86,1.12,0.03,1.35,2.682,2.676,2.62,2.56,2.692,2.671,2.64,2.568,65.003,0.038,0.03,0.058,11533752.0
中恒集团,600252,2025-07-22,2.73,2.73,2.73,2.7,356534,96857316.0,1.1,0.37,0.01,1.08,2.702,2.682,2.63,2.565,2.705,2.682,2.649,2.573,66.065,0.04,0.032,0.056,11890286.0
中恒集团,600252,2025-07-23,2.72,2.7,2.74,2.68,411783,111643605.0,2.2,-1.1,-0.03,1.25,2.708,2.687,2.638,2.571,2.703,2.685,2.654,2.577,60.164,0.039,0.034,0.056,11478503.0
中恒集团,600252,2025-07-24,2.7,2.74,2.75,2.69,446297,121736535.0,2.22,1.48,0.04,1.35,2.716,2.695,2.649,2.576,2.716,2.695,2.662,2.582,64.693,0.041,0.035,0.056,11924800.0
中恒集团,600252,2025-07-25,2.74,2.72,2.75,2.71,416764,113811488.0,1.46,-0.73,-0.02,1.26,2.722,2.699,2.659,2.582,2.717,2.7,2.667,2.587,60.961,0.041,0.036,0.055,11508036.0
中恒集团,600252,2025-07-28,2.72,2.72,2.74,2.71,322394,87727891.0,1.1,0.0,0.0,0.98,2.722,2.702,2.669,2.587,2.718,2.703,2.672,2.591,60.961,0.04,0.037,0.053,11508036.0
中恒集团,600252,2025-07-29,2.73,2.75,2.75,2.68,458450,124507513.0,2.57,1.1,0.03,1.39,2.726,2.714,2.678,2.593,2.729,2.712,2.68,2.596,64.521,0.041,0.038,0.055,11966486.0
中恒集团,600252,2025-07-30,2.74,2.74,2.78,2.72,716445,197267682.0,2.18,-0.36,-0.01,2.17,2.734,2.721,2.686,2.598,2.732,2.717,2.685,2.601,62.476,0.041,0.038,0.055,11250041.0
中恒集团,600252,2025-07-31,2.73,2.72,2.74,2.69,515059,139828355.0,1.82,-0.73,-0.02,1.56,2.73,2.723,2.691,2.601,2.728,2.718,2.689,2.605,58.483,0.039,0.039,0.055,10734982.0
中恒集团,600252,2025-08-01,2.72,2.76,2.78,2.71,625554,172665623.0,2.57,1.47,0.04,1.89,2.738,2.73,2.699,2.606,2.739,2.725,2.696,2.61,63.506,0.04,0.039,0.056,11360536.0
中恒集团,600252,2025-08-04,2.75,2.74,2.76,2.69,616414,167316038.0,2.54,-0.72,-0.02,1.87,2.742,2.732,2.704,2.61,2.739,2.728,2.7,2.614,59.622,0.038,0.039,0.057,10744122.0
中恒集团,600252,2025-08-05,3.01,3.01,3.01,3.01,482268,145162605.0,0.0,9.85,0.27,1.46,2.794,2.76,2.721,2.62,2.829,2.779,2.729,2.627,78.628,0.058,0.043,0.072,11226390.0
中恒集团,600252,2025-08-06,3.16,2.93,3.23,2.9,3016361,914503999.0,10.96,-2.66,-0.08,9.13,2.832,2.783,2.735,2.628,2.863,2.807,2.748,2.637,68.361,0.067,0.048,0.09,8210029.0
中恒集团,600252,2025-08-07,2.87,2.82,2.92,2.81,1603511,456308361.0,3.75,-3.75,-0.11,4.86,2.852,2.791,2.743,2.634,2.849,2.809,2.755,2.643,57.284,0.064,0.051,0.092,6606518.0
中恒集团,600252,2025-08-08,2.8,2.82,2.88,2.79,1038429,294611530.0,3.19,0.0,0.0,3.14,2.864,2.801,2.75,2.64,2.839,2.811,2.761,2.649,57.284,0.062,0.053,0.092,6606518.0
中恒集团,600252,2025-08-11,2.83,2.91,2.93,2.82,1122806,324202069.0,3.9,3.19,0.09,3.4,2.898,2.82,2.761,2.647,2.863,2.829,2.776,2.658,62.976,0.066,0.056,0.094,7729324.0
中恒集团,600252,2025-08-12,2.9,2.9,2.96,2.89,762048,221770551.0,2.41,-0.34,-0.01,2.31,2.876,2.835,2.774,2.653,2.875,2.842,2.787,2.666,61.988,0.068,0.058,0.092,6967276.0
中恒集团,600252,2025-08-13,2.89,2.92,2.95,2.86,1062779,308733659.0,3.1,0.69,0.02,3.22,2.874,2.853,2.787,2.659,2.89,2.856,2.8,2.674,63.231,0.07,0.06,0.092,8030055.0
中恒集团,600252,2025-08-14,2.92,2.85,2.93,2.85,743838,214369417.0,2.74,-2.4,-0.07,2.25,2.88,2.866,2.794,2.663,2.877,2.855,2.805,2.68,56.293,0.065,0.061,0.091,7286217.0
中恒集团,600252,2025-08-15,2.85,2.85,2.87,2.83,596672,169955301.0,1.4,0.0,0.0,1.81,2.886,2.875,2.802,2.669,2.868,2.854,2.809,2.685,56.293,0.061,0.061,0.087,7286217.0
中恒集团,600252,2025-08-18,2.86,2.86,2.9,2.85,651916,187222721.0,1.75,0.35,0.01,1.97,2.876,2.887,2.809,2.674,2.865,2.855,2.814,2.691,57.073,0.057,0.06,0.085,7938133.0
中恒集团,600252,2025-08-19,2.85,2.87,2.91,2.84,660402,190606199.0,2.45,0.35,0.01,2.0,2.87,2.873,2.816,2.679,2.867,2.858,2.819,2.697,57.883,0.055,0.059,0.084,8598535.0
中恒集团,600252,2025-08-20,2.88,2.89,2.9,2.84,550764,157805536.0,2.09,0.7,0.02,1.67,2.864,2.869,2.826,2.683,2.875,2.864,2.826,2.703,59.527,0.054,0.058,0.082,9149299.0
中恒集团,600252,2025-08-21,2.89,2.88,2.9,2.86,530318,152786423.0,1.38,-0.35,-0.01,1.61,2.87,2.875,2.833,2.687,2.876,2.867,2.831,2.709,58.302,0.052,0.057,0.079,8618981.0
中恒集团,600252,2025-08-22,2.87,2.88,2.88,2.84,464546,132807668.0,1.39,0.0,0.0,1.41,2.876,2.881,2.841,2.692,2.878,2.869,2.836,2.715,58.302,0.05,0.055,0.076,8618981.0
中恒集团,600252,2025-08-25,2.87,2.87,2.91,2.86,715593,205993589.0,1.74,-0.35,-0.01,2.17,2.878,2.877,2.848,2.696,2.875,2.869,2.839,2.72,56.942,0.046,0.054,0.074,7903388.0
中恒集团,600252,2025-08-26,2.87,2.86,2.87,2.85,576948,164843759.0,0.7,-0.35,-0.01,1.75,2.876,2.873,2.854,2.7,2.87,2.868,2.841,2.724,55.546,0.043,0.051,0.07,7326440.0
中恒集团,600252,2025-08-27,2.87,2.76,2.87,2.76,703701,198257474.0,3.85,-3.5,-0.1,2.21,2.85,2.857,2.855,2.702,2.833,2.848,2.833,2.725,43.948,0.031,0.047,0.073,6622739.0
中恒集团,600252,2025-08-28,2.75,2.75,2.79,2.68,603828,165665323.0,3.99,-0.36,-0.01,1.9,2.824,2.847,2.856,2.705,2.806,2.83,2.825,2.726,42.982,0.021,0.042,0.076,6018911.0
中恒集团,600252,2025-08-29,2.76,2.73,2.77,2.71,511597,140026382.0,2.18,-0.73,-0.02,1.61,2.794,2.835,2.855,2.708,2.78,2.812,2.816,2.726,41.038,0.011,0.036,0.075,5507314.0
中恒集团,600252,2025-09-01,2.76,2.74,2.81,2.71,1124093,309693469.0,3.66,0.37,0.01,3.53,2.768,2.823,2.855,2.71,2.767,2.799,2.809,2.727,42.44,0.004,0.03,0.077,6631407.0
中恒集团,600252,2025-09-02,2.73,2.75,2.76,2.7,639619,174453580.0,2.19,0.36,0.01,2.01,2.746,2.811,2.842,2.712,2.761,2.79,2.803,2.728,43.877,-0.0,0.024,0.075,7271026.0
中恒集团,600252,2025-09-03,2.74,2.69,2.76,2.68,434642,117943760.0,2.91,-2.18,-0.06,1.37,2.732,2.791,2.83,2.712,2.738,2.772,2.793,2.726,37.783,-0.009,0.017,0.076,6836384.0
中恒集团,600252,2025-09-04,2.69,2.7,2.72,2.68,494418,133599443.0,1.49,0.37,0.01,1.55,2.722,2.773,2.824,2.713,2.725,2.759,2.784,2.726,39.296,-0.015,0.011,0.073,7330802.0
中恒集团,600252,2025-09-05,2.7,2.72,2.72,2.66,441550,118620091.0,2.22,0.74,0.02,1.39,2.72,2.757,2.819,2.715,2.723,2.752,2.778,2.725,42.318,-0.017,0.005,0.072,7772352.0
中恒集团,600252,2025-09-08,2.71,2.74,2.75,2.7,425558,116092758.0,1.84,0.74,0.02,1.34,2.72,2.744,2.81,2.718,2.729,2.75,2.774,2.726,45.253,-0.018,0.001,0.071,8197910.0
中恒集团,600252,2025-09-09,2.74,2.72,2.76,2.71,405648,111030186.0,1.82,-0.73,-0.02,1.27,2.714,2.73,2.801,2.72,2.726,2.744,2.769,2.726,42.902,-0.019,-0.003,0.069,7792262.0
中恒集团,600252,2025-09-10,2.72,2.73,2.75,2.71,284768,77830582.0,1.47,0.37,0.01,0.89,2.722,2.727,2.792,2.723,2.727,2.742,2.765,2.726,44.456,-0.02,-0.007,0.067,8077030.0
中恒集团,600252,2025-09-11,2.73,2.75,2.75,2.68,461079,125170927.0,2.56,0.73,0.02,1.45,2.732,2.727,2.787,2.727,2.735,2.743,2.764,2.727,47.531,-0.018,-0.009,0.067,8538109.0
中恒集团,600252,2025-09-12,2.75,2.77,2.79,2.73,693560,191789325.0,2.18,0.73,0.02,2.18,2.742,2.731,2.783,2.732,2.747,2.748,2.764,2.728,50.483,-0.015,-0.01,0.067,9231669.0
中恒集团,600252,2025-09-15,2.78,2.88,2.89,2.77,1092221,310652773.0,4.33,3.97,0.11,3.43,2.77,2.745,2.784,2.738,2.791,2.772,2.775,2.733,62.861,-0.004,-0.009,0.071,10323890.0
中恒集团,600252,2025-09-16,2.87,2.91,2.94,2.84,901540,260757093.0,3.47,1.04,0.03,2.83,2.808,2.761,2.786,2.744,2.831,2.797,2.788,2.739,65.401,0.008,-0.006,0.073,11225430.0
中恒集团,600252,2025-09-17,2.91,2.91,2.92,2.86,654342,189167883.0,2.06,0.0,0.0,2.05,2.844,2.783,2.787,2.75,2.857,2.818,2.8,2.744,65.401,0.016,-0.001,0.072,11225430.0
中恒集团,600252,2025-09-18,2.91,2.89,2.99,2.86,1238878,364223354.0,4.47,-0.69,-0.02,3.89,2.872,2.802,2.787,2.757,2.868,2.831,2.808,2.749,62.116,0.021,0.003,0.076,9986552.0
中恒集团,600252,2025-09-19,2.88,2.83,2.91,2.81,814567,231438479.0,3.46,-2.08,-0.06,2.56,2.884,2.813,2.785,2.762,2.855,2.831,2.81,2.752,53.444,0.02,0.007,0.078,9171985.0
中恒集团,600252,2025-09-22,2.85,2.8,2.86,2.77,452651,126859561.0,3.18,-1.06,-0.03,1.42,2.868,2.819,2.781,2.766,2.837,2.825,2.809,2.753,49.707,0.017,0.009,0.079,8719334.0
中恒集团,600252,2025-09-23,2.79,2.68,2.79,2.65,733814,197304141.0,5.0,-4.29,-0.12,2.3,2.822,2.815,2.772,2.768,2.785,2.799,2.797,2.751,38.201,0.005,0.008,0.084,7985520.0
中恒集团,600252,2025-09-24,2.67,2.71,2.71,2.65,340784,91886748.0,2.24,1.12,0.03,1.07,2.782,2.813,2.77,2.77,2.76,2.783,2.789,2.75,41.826,-0.003,0.006,0.082,8326304.0
中恒集团,600252,2025-09-25,2.7,2.66,2.71,2.66,382789,102566319.0,1.85,-1.85,-0.05,1.2,2.736,2.804,2.765,2.771,2.726,2.76,2.777,2.747,37.842,-0.013,0.002,0.08,7943515.0
中恒集团,600252,2025-09-26,2.65,2.65,2.68,2.63,349127,92876459.0,1.88,-0.38,-0.01,1.1,2.7,2.792,2.761,2.772,2.701,2.74,2.765,2.744,37.081,-0.021,-0.003,0.078,7594388.0
中恒集团,600252,2025-09-29,2.71,2.74,2.81,2.68,793487,217558194.0,4.91,3.4,0.09,2.49,2.688,2.778,2.761,2.773,2.714,2.74,2.762,2.743,47.343,-0.02,-0.006,0.083,8387875.0
中恒集团,600252,2025-09-30,2.74,2.73,2.74,2.71,398620,108666192.0,1.09,-0.36,-0.01,1.25,2.698,2.76,2.76,2.774,2.719,2.738,2.759,2.743,46.436,-0.02,-0.009,0.08,7989255.0
中恒集团,600252,2025-10-09,2.73,2.73,2.74,2.69,426297,115977575.0,1.83,0.0,0.0,1.34,2.702,2.742,2.762,2.776,2.723,2.737,2.756,2.743,46.436,-0.02,-0.011,0.077,7989255.0
中恒集团,600252,2025-10-10,2.73,2.76,2.78,2.72,509260,140519686.0,2.2,1.1,0.03,1.6,2.722,2.729,2.765,2.777,2.735,2.741,2.757,2.743,49.781,-0.017,-0.012,0.076,8498515.0
中恒集团,600252,2025-10-13,2.7,2.73,2.74,2.68,416201,112961469.0,2.17,-1.09,-0.03,1.31,2.738,2.719,2.766,2.778,2.734,2.739,2.754,2.743,46.644,-0.017,-0.013,0.077,8082314.0
中恒集团,600252,2025-10-14,2.73,2.74,2.77,2.72,427180,117257587.0,1.83,0.37,0.01,1.34,2.738,2.713,2.766,2.779,2.736,2.739,2.753,2.743,47.824,-0.016,-0.014,0.075,8509494.0
中恒集团,600252,2025-10-15,2.73,2.78,2.78,2.72,362783,100069479.0,2.19,1.46,0.04,1.14,2.748,2.723,2.769,2.782,2.75,2.747,2.755,2.744,52.363,-0.011,-0.013,0.074,8872277.0
中恒集团,600252,2025-10-16,2.77,2.82,2.83,2.76,621270,173992937.0,2.52,1.44,0.04,1.95,2.766,2.734,2.773,2.784,2.774,2.76,2.762,2.746,56.443,-0.005,-0.011,0.073,9493547.0
中恒集团,600252,2025-10-17,2.82,2.78,2.85,2.77,604784,170029964.0,2.84,-1.42,-0.04,1.9,2.77,2.746,2.775,2.785,2.776,2.764,2.763,2.747,51.677,-0.003,-0.01,0.074,8888763.0
中恒集团,600252,2025-10-20,2.79,2.8,2.81,2.77,355629,99127279.0,1.44,0.72,0.02,1.12,2.784,2.761,2.776,2.787,2.784,2.77,2.767,2.749,53.779,0.0,-0.008,0.071,9244392.0
中恒集团,600252,2025-10-21,2.8,2.85,2.85,2.79,570404,161476145.0,2.14,1.79,0.05,1.79,2.806,2.772,2.775,2.789,2.806,2.785,2.775,2.752,58.624,0.007,-0.005,0.071,9814796.0
中恒集团,600252,2025-10-22,2.85,2.85,2.87,2.83,428581,122243784.0,1.4,0.0,0.0,1.35,2.82,2.784,2.772,2.791,2.821,2.797,2.782,2.756,58.624,0.012,-0.001,0.068,9814796.0
中恒集团,600252,2025-10-23,2.85,2.86,2.87,2.8,471704,133484895.0,2.46,0.35,0.01,1.48,2.828,2.797,2.769,2.794,2.834,2.808,2.789,2.759,59.606,0.017,0.002,0.068,10286500.0
中恒集团,600252,2025-10-24,2.85,2.8,2.86,2.8,422059,119232205.0,2.1,-2.1,-0.06,1.33,2.832,2.801,2.765,2.795,2.822,2.807,2.79,2.76,51.679,0.015,0.005,0.068,9864441.0
中恒集团,600252,2025-10-27,2.82,2.8,2.83,2.79,460808,129201314.0,1.43,0.0,0.0,1.45,2.832,2.808,2.763,2.796,2.815,2.805,2.791,2.762,51.679,0.014,0.007,0.066,9864441.0
中恒集团,600252,2025-10-28,2.8,2.78,2.81,2.77,352523,98235484.0,1.43,-0.71,-0.02,1.11,2.818,2.812,2.762,2.797,2.803,2.801,2.79,2.762,49.152,0.011,0.008,0.064,9511918.0
中恒集团,600252,2025-10-29,2.78,2.77,2.78,2.74,320806,88372984.0,1.44,-0.36,-0.01,1.01,2.802,2.811,2.767,2.798,2.792,2.795,2.788,2.763,47.891,0.008,0.008,0.062,9191112.0
中恒集团,600252,2025-10-30,2.76,2.74,2.77,2.73,335352,92264961.0,1.44,-1.08,-0.03,1.05,2.778,2.803,2.768,2.798,2.775,2.785,2.784,2.762,44.226,0.003,0.007,0.061,8855760.0
中恒集团,600252,2025-10-31,2.75,2.79,2.81,2.74,520488,145039182.0,2.55,1.82,0.05,1.63,2.776,2.804,2.775,2.799,2.78,2.786,2.784,2.763,50.962,0.003,0.006,0.061,9376248.0
中恒集团,600252,2025-11-03,2.8,2.81,2.82,2.78,414388,116199403.0,1.43,0.72,0.02,1.3,2.778,2.805,2.783,2.8,2.79,2.79,2.787,2.764,53.388,0.005,0.006,0.06,9790636.0
中恒集团,600252,2025-11-04,2.81,2.78,2.81,2.77,393151,109633599.0,1.42,-1.07,-0.03,1.23,2.778,2.798,2.785,2.8,2.787,2.789,2.786,2.765,49.438,0.004,0.005,0.058,9397485.0
中恒集团,600252,2025-11-05,2.77,2.81,2.82,2.76,408889,114514029.0,2.16,1.08,0.03,1.28,2.786,2.794,2.789,2.797,2.794,2.792,2.788,2.766,53.169,0.005,0.005,0.059,9806374.0
中恒集团,600252,2025-11-06,2.81,2.78,2.82,2.77,393675,109559083.0,1.78,-1.07,-0.03,1.24,2.794,2.786,2.791,2.795,2.79,2.79,2.788,2.767,49.255,0.004,0.005,0.058,9412699.0
中恒集团,600252,2025-11-07,2.78,2.79,2.81,2.77,300297,83811485.0,1.44,0.36,0.01,0.94,2.794,2.785,2.793,2.794,2.79,2.79,2.788,2.768,50.561,0.004,0.005,0.057,9712996.0
中恒集团,600252,2025-11-10,2.79,2.85,2.87,2.79,650405,184843455.0,2.87,2.15,0.06,2.04,2.802,2.79,2.799,2.795,2.81,2.801,2.794,2.77,57.613,0.008,0.006,0.058,10363401.0
中恒集团,600252,2025-11-11,2.85,2.9,2.9,2.83,724966,208013435.0,2.46,1.75,0.05,2.28,2.826,2.802,2.807,2.794,2.84,2.819,2.804,2.774,62.423,0.016,0.008,0.059,11088367.0
中恒集团,600252,2025-11-12,2.89,2.88,2.92,2.86,504152,145423417.0,2.07,-0.69,-0.02,1.58,2.84,2.813,2.812,2.794,2.853,2.83,2.811,2.778,59.514,0.02,0.01,0.059,10584215.0
中恒集团,600252,2025-11-13,2.88,2.92,2.92,2.85,611846,176964075.0,2.43,1.39,0.04,1.92,2.868,2.831,2.817,2.794,2.876,2.846,2.821,2.783,63.207,0.026,0.013,0.06,11196061.0
中恒集团,600252,2025-11-14,2.9,2.93,2.95,2.9,609362,178896882.0,1.71,0.34,0.01,1.91,2.896,2.845,2.824,2.795,2.894,2.862,2.832,2.787,64.089,0.031,0.017,0.059,11805423.0
中恒集团,600252,2025-11-17,2.92,2.91,2.96,2.89,588234,171372349.0,2.39,-0.68,-0.02,1.85,2.908,2.855,2.83,2.796,2.899,2.87,2.839,2.791,60.943,0.033,0.02,0.06,11217189.0
中恒集团,600252,2025-11-18,2.9,2.84,2.93,2.82,608315,173961443.0,3.78,-2.41,-0.07,1.91,2.896,2.861,2.829,2.796,2.879,2.865,2.839,2.793,51.426,0.029,0.022,0.064,10608874.0
中恒集团,600252,2025-11-19,2.84,2.78,2.86,2.77,487657,136232093.0,3.17,-2.11,-0.06,1.53,2.876,2.858,2.826,2.795,2.846,2.849,2.834,2.793,44.947,0.021,0.022,0.066,10121217.0
中恒集团,600252,2025-11-20,2.77,2.76,2.79,2.75,399497,110651134.0,1.44,-0.72,-0.02,1.25,2.844,2.856,2.821,2.792,2.818,2.833,2.827,2.792,43.002,0.012,0.02,0.064,9721720.0
中恒集团,600252,2025-11-21,2.76,2.63,2.77,2.63,718215,193059582.0,5.07,-4.71,-0.13,2.26,2.784,2.84,2.812,2.788,2.755,2.796,2.808,2.786,33.006,-0.005,0.015,0.069,9003505.0
中恒集团,600252,2025-11-24,2.64,2.66,2.69,2.64,439302,117315072.0,1.9,1.14,0.03,1.38,2.734,2.821,2.805,2.785,2.723,2.771,2.794,2.782,36.665,-0.016,0.009,0.068,9442807.0
中恒集团,600252,2025-11-25,2.67,2.68,2.71,2.65,417747,112118425.0,2.26,0.75,0.02,1.31,2.702,2.799,2.8,2.781,2.709,2.755,2.783,2.779,39.055,-0.023,0.002,0.068,9860554.0
中恒集团,600252,2025-11-26,2.69,2.95,2.95,2.68,1291431,374356189.0,10.07,10.07,0.27,4.06,2.736,2.806,2.809,2.783,2.789,2.79,2.799,2.784,60.644,-0.006,0.001,0.082,11151985.0
中恒集团,600252,2025-11-27,2.95,2.86,2.95,2.83,1917451,547421735.0,4.07,-3.05,-0.09,6.02,2.756,2.8,2.815,2.785,2.813,2.803,2.805,2.787,53.803,-0.0,0.0,0.085,9234534.0
中恒集团,600252,2025-11-28,2.85,2.9,2.93,2.81,1254906,361110480.0,4.2,1.4,0.04,3.94,2.81,2.797,2.821,2.787,2.842,2.821,2.814,2.791,56.169,0.007,0.002,0.088,10489440.0
中恒集团,600252,2025-12-01,2.9,2.97,2.98,2.87,1318681,387337856.0,3.79,2.41,0.07,4.14,2.872,2.803,2.829,2.791,2.885,2.848,2.829,2.796,60.029,0.019,0.005,0.089,11808121.0
中恒集团,600252,2025-12-02,2.95,2.94,2.97,2.9,826431,242587518.0,2.36,-1.01,-0.03,2.6,2.924,2.813,2.837,2.794,2.903,2.865,2.839,2.801,57.684,0.025,0.009,0.088,10981690.0
中恒集团,600252,2025-12-03,2.94,3.01,3.1,2.93,1690273,509904518.0,5.78,2.38,0.07,5.31,2.936,2.836,2.847,2.799,2.939,2.891,2.856,2.808,61.466,0.036,0.015,0.094,12671963.0
中恒集团,600252,2025-12-04,2.99,2.98,3.0,2.93,1040217,309091544.0,2.33,-1.0,-0.03,3.27,2.96,2.858,2.857,2.804,2.952,2.907,2.867,2.814,59.031,0.041,0.02,0.093,11631746.0
中恒集团,600252,2025-12-05,3.01,3.0,3.08,2.96,995307,298165699.0,4.03,0.67,0.02,3.13,2.98,2.895,2.867,2.809,2.968,2.924,2.88,2.82,60.164,0.046,0.025,0.095,12627053.0
中恒集团,600252,2025-12-08,3.0,2.96,3.02,2.94,903243,267853812.0,2.67,-1.33,-0.04,2.84,2.978,2.925,2.873,2.813,2.966,2.931,2.888,2.824,56.782,0.047,0.029,0.094,11723810.0
中恒集团,600252,2025-12-09,2.96,2.86,2.97,2.86,872827,251810210.0,3.72,-3.38,-0.1,2.74,2.962,2.943,2.871,2.815,2.93,2.918,2.885,2.826,49.319,0.039,0.031,0.095,10850983.0
中恒集团,600252,2025-12-10,2.85,2.84,2.86,2.81,590713,167091664.0,1.75,-0.7,-0.02,1.86,2.928,2.932,2.869,2.817,2.9,2.904,2.881,2.826,47.961,0.03,0.031,0.092,10260270.0
中恒集团,600252,2025-12-11,2.84,2.77,2.85,2.77,620525,174066530.0,2.82,-2.46,-0.07,1.95,2.886,2.923,2.861,2.817,2.857,2.879,2.87,2.824,43.452,0.018,0.028,0.091,9639745.0
中恒集团,600252,2025-12-12,2.78,2.76,2.79,2.75,623768,172648133.0,1.44,-0.36,-0.01,1.96,2.838,2.909,2.853,2.817,2.825,2.858,2.86,2.822,42.832,0.007,0.024,0.087,9015977.0
中恒集团,600252,2025-12-15,2.74,2.76,2.78,2.72,401072,110600048.0,2.17,0.0,0.0,1.26,2.798,2.888,2.845,2.817,2.803,2.84,2.85,2.82,42.832,-0.002,0.019,0.085,9015977.0
中恒集团,600252,2025-12-16,2.76,2.74,2.78,2.73,474126,130523331.0,1.81,-0.72,-0.02,1.49,2.774,2.868,2.84,2.815,2.782,2.822,2.84,2.817,41.461,-0.01,0.013,0.083,8541851.0
中恒集团,600252,2025-12-17,2.73,2.77,2.77,2.71,509863,139669459.0,2.19,1.09,0.03,1.6,2.76,2.844,2.84,2.813,2.778,2.812,2.833,2.816,44.339,-0.014,0.008,0.081,9051714.0
中恒集团,600252,2025-12-18,2.77,2.77,2.8,2.75,405565,112660752.0,1.81,0.0,0.0,1.27,2.76,2.823,2.84,2.81,2.775,2.805,2.827,2.814,44.339,-0.017,0.003,0.079,9051714.0
中恒集团,600252,2025-12-19,2.78,2.89,2.91,2.76,918136,261412138.0,5.42,4.33,0.12,2.88,2.786,2.812,2.853,2.81,2.814,2.82,2.833,2.817,54.678,-0.01,0.0,0.084,9969850.0
中恒集团,600252,2025-12-22,2.89,2.86,2.9,2.86,77623,22356722.0,1.38,-1.04,-0.03,0.24,2.806,2.802,2.863,2.811,2.829,2.827,2.836,2.818,52.074,-0.006,-0.001,0.081,9892227.0
贵研铂业,600459,2025-01-02,13.54,13.21,13.65,13.14,65690,89663776.0,3.78,-2.08,-0.28,0.87,,,,,,,,,,,,,65690.0
贵研铂业,600459,2025-01-03,13.26,13.18,13.61,13.13,70290,95641571.0,3.63,-0.23,-0.03,0.93,,,,,,,,,,,,,-4600.0
贵研铂业,600459,2025-01-06,13.21,13.32,13.58,13.07,53573,72723159.0,3.87,1.06,0.14,0.71,,,,,,,,,,,,,48973.0
贵研铂业,600459,2025-01-07,13.32,13.37,13.51,13.2,38903,52950655.0,2.33,0.38,0.05,0.52,,,,,,,,,,,,,87876.0
贵研铂业,600459,2025-01-08,13.32,13.18,13.34,12.94,62320,83353156.0,2.99,-1.42,-0.19,0.83,13.252,,,,13.252,,,,,,,,25556.0
贵研铂业,600459,2025-01-09,13.07,13.35,13.5,13.07,60966,82835661.0,3.26,1.29,0.17,0.81,13.28,,,,13.285,,,,,,,,86522.0
贵研铂业,600459,2025-01-10,13.45,13.22,13.52,13.22,40205,54582071.0,2.25,-0.97,-0.13,0.53,13.288,,,,13.263,,,,,,,,46317.0
贵研铂业,600459,2025-01-13,13.28,13.46,13.58,13.18,66927,91374594.0,3.03,1.82,0.24,0.89,13.316,,,,13.329,,,,,,,,113244.0
贵研铂业,600459,2025-01-14,13.4,13.71,13.72,13.35,65418,90390303.0,2.75,1.86,0.25,0.87,13.384,,,,13.456,,,,,,,,178662.0
贵研铂业,600459,2025-01-15,13.72,13.56,13.75,13.51,47470,65564657.0,1.75,-1.09,-0.15,0.63,13.46,13.356,,,13.491,13.356,,,,,,,131192.0
贵研铂业,600459,2025-01-16,13.61,13.77,13.82,13.61,76003,106237962.0,1.55,1.55,0.21,1.01,13.544,13.412,,,13.584,13.431,,,,,,,207195.0
贵研铂业,600459,2025-01-17,13.95,13.52,14.06,13.5,173857,243161302.0,4.07,-1.82,-0.25,2.31,13.604,13.446,,,13.562,13.447,,,,,,,33338.0
贵研铂业,600459,2025-01-20,13.54,13.39,13.57,13.37,70868,97192832.0,1.48,-0.96,-0.13,0.94,13.59,13.453,,,13.505,13.437,,,,,,,-37530.0
贵研铂业,600459,2025-01-21,13.42,13.4,13.46,13.26,44706,60821740.0,1.49,0.07,0.01,0.59,13.528,13.456,,,13.47,13.43,,,,,,,7176.0
贵研铂业,600459,2025-01-22,13.36,13.25,13.43,13.21,63314,85775977.0,1.64,-1.12,-0.15,0.84,13.466,13.463,,,13.397,13.397,,,50.952,,,0.351,-56138.0
贵研铂业,600459,2025-01-23,13.31,13.18,13.47,13.18,72988,99046536.0,2.19,-0.53,-0.07,0.97,13.348,13.446,,,13.324,13.358,,,49.187,,,0.346,-129126.0
贵研铂业,600459,2025-01-24,13.18,13.39,13.39,13.14,54221,73261569.0,1.9,1.59,0.21,0.72,13.322,13.463,,,13.346,13.364,,,54.303,,,0.339,-74905.0
贵研铂业,600459,2025-01-27,13.44,13.48,13.59,13.33,78844,108195357.0,1.94,0.67,0.09,1.05,13.34,13.465,,,13.391,13.385,,,56.332,,,0.334,3939.0
贵研铂业,600459,2025-02-05,13.62,13.61,13.66,13.49,65345,90185778.0,1.26,0.96,0.13,0.87,13.382,13.455,,,13.464,13.426,,,59.154,,,0.323,69284.0
贵研铂业,600459,2025-02-06,13.58,13.84,13.86,13.57,82730,115557787.0,2.13,1.69,0.23,1.1,13.5,13.483,13.42,,13.589,13.501,13.42,,63.631,,,0.32,152014.0
贵研铂业,600459,2025-02-07,13.78,13.8,13.87,13.71,86058,120867786.0,1.16,-0.29,-0.04,1.14,13.624,13.486,13.449,,13.66,13.555,13.456,,62.351,,,0.309,65956.0
贵研铂业,600459,2025-02-10,13.75,13.72,13.84,13.69,60555,84662872.0,1.09,-0.58,-0.08,0.8,13.69,13.506,13.476,,13.68,13.585,13.481,,59.762,,,0.298,5401.0
贵研铂业,600459,2025-02-11,13.77,13.79,13.88,13.74,64659,90829432.0,1.02,0.51,0.07,0.86,13.752,13.546,13.5,,13.716,13.623,13.51,,61.277,,,0.288,70060.0
贵研铂业,600459,2025-02-12,13.75,13.7,13.79,13.59,59756,83163322.0,1.45,-0.65,-0.09,0.79,13.77,13.576,13.516,,13.711,13.637,13.528,,58.24,,,0.282,10304.0
贵研铂业,600459,2025-02-13,13.68,13.6,13.74,13.6,55387,76965341.0,1.02,-0.73,-0.1,0.73,13.722,13.611,13.537,,13.674,13.63,13.535,,54.98,,,0.271,-45083.0
贵研铂业,600459,2025-02-14,13.6,13.63,13.68,13.51,61423,84921764.0,1.25,0.22,0.03,0.81,13.688,13.656,13.551,,13.659,13.63,13.544,,55.779,,,0.264,16340.0
贵研铂业,600459,2025-02-17,13.63,13.42,13.63,13.38,79236,108413062.0,1.83,-1.54,-0.21,1.05,13.628,13.659,13.561,,13.58,13.592,13.532,,49.192,,,0.263,-62896.0
贵研铂业,600459,2025-02-18,13.42,13.32,13.49,13.27,65097,88761272.0,1.64,-0.75,-0.1,0.86,13.534,13.643,13.554,,13.493,13.542,13.512,,46.382,,,0.26,-127993.0
贵研铂业,600459,2025-02-19,13.33,13.37,13.42,13.32,45627,62066665.0,0.75,0.38,0.05,0.61,13.468,13.619,13.537,,13.452,13.511,13.499,,47.982,,,0.249,-82366.0
贵研铂业,600459,2025-02-20,13.38,13.45,13.49,13.35,60536,82752637.0,1.05,0.6,0.08,0.8,13.438,13.58,13.532,,13.451,13.5,13.494,,50.525,,,0.241,-21830.0
贵研铂业,600459,2025-02-21,13.46,13.49,13.53,13.42,69516,95275253.0,0.82,0.3,0.04,0.92,13.41,13.549,13.518,,13.464,13.498,13.494,,51.794,,,0.232,47686.0
贵研铂业,600459,2025-02-24,13.48,13.49,13.56,13.32,73545,100869469.0,1.78,0.0,0.0,0.98,13.424,13.526,13.516,,13.473,13.497,13.493,,51.794,,,0.232,47686.0
贵研铂业,600459,2025-02-25,13.45,13.31,13.47,13.28,66889,91086622.0,1.41,-1.33,-0.18,0.89,13.422,13.478,13.512,,13.419,13.463,13.476,,45.679,,,0.231,-19203.0
贵研铂业,600459,2025-02-26,13.31,13.39,13.44,13.29,55721,75975798.0,1.13,0.6,0.08,0.74,13.426,13.447,13.512,,13.409,13.45,13.468,,48.585,0.003,0.039,0.225,36518.0
贵研铂业,600459,2025-02-27,13.4,13.26,13.46,13.15,82839,111933601.0,2.32,-0.97,-0.13,1.1,13.388,13.413,13.512,,13.359,13.415,13.448,,44.426,-0.013,0.029,0.231,-46321.0
贵研铂业,600459,2025-02-28,13.23,13.16,13.33,13.12,62457,84026149.0,1.58,-0.75,-0.1,0.83,13.322,13.366,13.511,,13.293,13.369,13.42,,41.485,-0.033,0.017,0.229,-108778.0
贵研铂业,600459,2025-03-03,13.21,13.3,13.46,13.17,78358,106662281.0,2.2,1.06,0.14,1.04,13.284,13.354,13.507,,13.295,13.356,13.409,,46.796,-0.037,0.006,0.234,-30420.0
贵研铂业,600459,2025-03-04,13.27,13.42,13.45,13.21,48141,65494419.0,1.8,0.9,0.12,0.64,13.306,13.364,13.504,,13.337,13.368,13.41,,50.909,-0.03,-0.001,0.235,17721.0
贵研铂业,600459,2025-03-05,13.36,13.4,13.43,13.23,43130,58550702.0,1.49,-0.15,-0.02,0.57,13.308,13.367,13.493,,13.358,13.374,13.409,,50.212,-0.026,-0.006,0.232,-25409.0
贵研铂业,600459,2025-03-06,13.43,13.49,13.52,13.39,72209,99078369.0,0.97,0.67,0.09,0.96,13.354,13.371,13.476,,13.402,13.395,13.417,,53.309,-0.015,-0.008,0.225,46800.0
贵研铂业,600459,2025-03-07,13.42,13.74,13.83,13.42,168045,234709028.0,3.04,1.85,0.25,2.23,13.47,13.396,13.473,,13.515,13.458,13.448,,60.633,0.013,-0.004,0.238,214845.0
贵研铂业,600459,2025-03-10,13.82,13.92,14.04,13.81,138338,195751792.0,1.67,1.31,0.18,1.84,13.594,13.439,13.483,,13.65,13.542,13.493,,64.902,0.05,0.007,0.243,353183.0
贵研铂业,600459,2025-03-11,13.92,14.35,14.39,13.83,226769,326998206.0,4.02,3.09,0.43,3.01,13.78,13.543,13.511,,13.883,13.689,13.574,,72.558,0.112,0.028,0.265,579952.0
贵研铂业,600459,2025-03-12,14.29,14.12,14.38,14.09,125295,180797200.0,2.02,-1.6,-0.23,1.66,13.924,13.616,13.532,,13.962,13.767,13.626,,64.459,0.141,0.051,0.267,454657.0
贵研铂业,600459,2025-03-13,14.15,14.26,14.28,14.02,114080,163872333.0,1.84,0.99,0.14,1.51,14.078,13.716,13.565,,14.061,13.857,13.687,,66.882,0.174,0.075,0.267,568737.0
贵研铂业,600459,2025-03-14,14.51,14.26,14.64,14.2,166143,242075814.0,3.09,0.0,0.0,2.2,14.182,13.826,13.596,,14.128,13.93,13.741,,66.882,0.197,0.1,0.279,568737.0
贵研铂业,600459,2025-03-17,14.26,14.08,14.27,14.04,101567,145979012.0,1.61,-1.26,-0.18,1.35,14.214,13.904,13.629,,14.112,13.957,13.773,,60.71,0.199,0.119,0.275,467170.0
贵研铂业,600459,2025-03-18,14.08,14.22,14.39,14.0,103610,149876772.0,2.77,0.99,0.14,1.37,14.188,13.984,13.674,,14.148,14.005,13.816,,63.529,0.209,0.137,0.284,570780.0
贵研铂业,600459,2025-03-19,14.24,14.18,14.29,14.11,77549,111751123.0,1.27,-0.28,-0.04,1.03,14.2,14.062,13.715,,14.159,14.037,13.851,,62.157,0.212,0.152,0.276,493231.0
贵研铂业,600459,2025-03-20,14.18,14.1,14.23,14.05,72924,104766596.0,1.27,-0.56,-0.08,0.97,14.168,14.123,13.747,,14.139,14.048,13.874,,59.393,0.205,0.163,0.269,420307.0
贵研铂业,600459,2025-03-21,14.06,13.92,14.18,13.85,88331,125719461.0,2.34,-1.28,-0.18,1.17,14.1,14.141,13.769,,14.066,14.025,13.879,,53.618,0.183,0.167,0.274,331976.0
贵研铂业,600459,2025-03-24,13.93,14.05,14.14,13.82,104435,148513914.0,2.3,0.93,0.13,1.39,14.094,14.154,13.797,,14.061,14.03,13.895,,56.879,0.174,0.168,0.277,436411.0
贵研铂业,600459,2025-03-25,13.99,14.2,14.27,13.96,105637,151990069.0,2.21,1.07,0.15,1.4,14.09,14.139,13.841,,14.107,14.061,13.924,,60.344,0.177,0.17,0.279,542048.0
贵研铂业,600459,2025-03-26,14.24,14.11,14.37,14.05,123763,178998468.0,2.25,-0.63,-0.09,1.64,14.076,14.138,13.877,,14.108,14.07,13.942,,57.366,0.17,0.17,0.282,418285.0
贵研铂业,600459,2025-03-27,14.04,13.93,14.06,13.81,83174,117809324.0,1.77,-1.28,-0.18,1.1,14.042,14.105,13.911,,14.049,14.044,13.941,,51.853,0.148,0.165,0.284,335111.0
贵研铂业,600459,2025-03-28,13.98,13.83,14.03,13.71,79407,111698179.0,2.3,-0.72,-0.1,1.05,14.024,14.062,13.944,,13.976,14.005,13.93,,49.034,0.121,0.157,0.286,255704.0
贵研铂业,600459,2025-03-31,13.78,13.71,13.86,13.55,81328,113514251.0,2.24,-0.87,-0.12,1.08,13.956,14.025,13.965,,13.887,13.952,13.909,,45.815,0.09,0.143,0.288,174376.0
贵研铂业,600459,2025-04-01,13.71,13.79,13.88,13.68,63911,89650948.0,1.46,0.58,0.08,0.85,13.874,13.982,13.983,,13.855,13.922,13.898,,48.254,0.07,0.129,0.282,238287.0
贵研铂业,600459,2025-04-02,13.8,13.64,13.82,13.6,65891,91756085.0,1.6,-1.09,-0.15,0.87,13.78,13.928,13.995,,13.783,13.871,13.873,,44.234,0.042,0.111,0.277,172396.0
贵研铂业,600459,2025-04-03,13.61,13.64,13.68,13.49,66855,92466950.0,1.39,0.0,0.0,0.89,13.722,13.882,14.003,13.632,13.735,13.829,13.851,13.632,44.234,0.019,0.093,0.271,172396.0
贵研铂业,600459,2025-04-07,12.9,12.25,12.97,12.25,167341,213184382.0,5.28,-10.19,-1.39,2.22,13.406,13.715,13.928,13.616,13.24,13.542,13.699,13.587,23.337,-0.109,0.052,0.351,5055.0
贵研铂业,600459,2025-04-08,12.3,12.21,12.44,12.03,137821,171292852.0,3.35,-0.33,-0.04,1.83,13.106,13.531,13.843,13.6,12.897,13.3,13.557,13.542,23.001,-0.212,-0.0,0.355,-132766.0
贵研铂业,600459,2025-04-09,12.07,12.31,12.36,11.67,111576,137134354.0,5.65,0.82,0.1,1.48,12.81,13.342,13.74,13.583,12.701,13.12,13.438,13.502,25.88,-0.282,-0.057,0.379,-21190.0
贵研铂业,600459,2025-04-10,12.48,12.54,12.67,12.45,104300,133441453.0,1.79,1.87,0.23,1.38,12.59,13.185,13.662,13.57,12.648,13.014,13.353,13.47,32.163,-0.316,-0.109,0.378,83110.0
贵研铂业,600459,2025-04-11,12.54,12.68,12.79,12.47,105016,135572939.0,2.55,1.12,0.14,1.39,12.398,13.06,13.583,13.561,12.658,12.954,13.288,13.444,35.734,-0.327,-0.152,0.374,188126.0
贵研铂业,600459,2025-04-14,12.74,12.85,12.93,12.74,86593,113154834.0,1.5,1.34,0.17,1.15,12.518,12.962,13.512,13.553,12.722,12.935,13.247,13.425,39.874,-0.319,-0.186,0.365,274719.0
贵研铂业,600459,2025-04-15,12.83,12.84,12.86,12.67,51800,67319531.0,1.48,-0.08,-0.01,0.69,12.644,12.875,13.45,13.547,12.761,12.917,13.208,13.406,39.712,-0.309,-0.21,0.352,222919.0
贵研铂业,600459,2025-04-16,12.84,12.73,12.89,12.56,60781,78633489.0,2.57,-0.86,-0.11,0.81,12.728,12.769,13.376,13.534,12.751,12.883,13.162,13.383,37.888,-0.307,-0.23,0.351,162138.0
贵研铂业,600459,2025-04-17,12.73,12.71,12.94,12.68,75440,98531858.0,2.04,-0.16,-0.02,1.0,12.762,12.676,13.302,13.518,12.737,12.852,13.119,13.361,37.55,-0.304,-0.245,0.344,86698.0
贵研铂业,600459,2025-04-18,12.66,12.67,12.74,12.55,53902,69287663.0,1.49,-0.31,-0.04,0.72,12.76,12.579,13.231,13.503,12.715,12.819,13.077,13.339,36.843,-0.301,-0.256,0.333,32796.0
贵研铂业,600459,2025-04-21,12.68,12.98,13.03,12.63,87627,114789010.0,3.16,2.45,0.31,1.16,12.786,12.652,13.184,13.49,12.803,12.848,13.067,13.327,45.422,-0.27,-0.259,0.338,120423.0
贵研铂业,600459,2025-04-22,13.01,13.18,13.23,12.9,95551,127175337.0,2.54,1.54,0.2,1.27,12.854,12.749,13.14,13.484,12.929,12.908,13.078,13.322,50.129,-0.227,-0.252,0.337,215974.0
贵研铂业,600459,2025-04-23,13.04,12.9,13.17,12.9,88961,117764036.0,2.05,-2.12,-0.28,1.18,12.888,12.808,13.075,13.476,12.919,12.907,13.061,13.308,44.361,-0.213,-0.244,0.333,127013.0
贵研铂业,600459,2025-04-24,12.91,12.76,12.99,12.73,57421,75031471.0,2.02,-1.09,-0.14,0.76,12.898,12.83,13.007,13.465,12.866,12.88,13.032,13.29,41.773,-0.211,-0.238,0.328,69592.0
贵研铂业,600459,2025-04-25,13.04,12.96,13.21,12.94,109563,145659444.0,2.12,1.57,0.2,1.45,12.956,12.858,12.959,13.46,12.897,12.895,13.026,13.279,46.569,-0.191,-0.228,0.337,179155.0
贵研铂业,600459,2025-04-28,13.01,12.9,13.05,12.84,69991,92363295.0,1.62,-0.46,-0.06,0.93,12.94,12.863,12.912,13.456,12.898,12.896,13.014,13.267,45.362,-0.178,-0.218,0.328,109164.0
贵研铂业,600459,2025-04-29,12.93,12.87,13.01,12.82,61134,80383687.0,1.47,-0.23,-0.03,0.81,12.878,12.866,12.87,13.447,12.889,12.891,13.0,13.254,44.737,-0.168,-0.208,0.318,48030.0
贵研铂业,600459,2025-04-30,12.93,12.94,13.15,12.92,99717,132086154.0,1.79,0.54,0.07,1.32,12.886,12.887,12.828,13.438,12.906,12.9,12.994,13.244,46.585,-0.153,-0.197,0.315,147747.0
贵研铂业,600459,2025-05-06,12.98,13.21,13.3,12.98,130226,174859785.0,2.47,2.09,0.27,1.73,12.976,12.937,12.806,13.432,13.007,12.956,13.015,13.243,53.098,-0.118,-0.181,0.318,277973.0
贵研铂业,600459,2025-05-07,13.25,13.25,13.32,13.14,113402,152842187.0,1.36,0.3,0.04,1.5,13.034,12.995,12.787,13.422,13.088,13.01,13.037,13.243,53.993,-0.085,-0.162,0.308,391375.0
贵研铂业,600459,2025-05-08,13.2,13.18,13.31,13.14,97688,131469307.0,1.28,-0.53,-0.07,1.3,13.09,13.015,12.833,13.411,13.119,13.041,13.051,13.241,52.119,-0.065,-0.143,0.299,293687.0
贵研铂业,600459,2025-05-09,13.18,13.15,13.21,13.03,73219,97673369.0,1.37,-0.23,-0.03,0.97,13.146,13.012,12.88,13.402,13.129,13.061,13.06,13.238,51.297,-0.05,-0.124,0.29,220468.0
贵研铂业,600459,2025-05-12,13.16,13.3,13.38,13.13,110172,148857851.0,1.9,1.14,0.15,1.46,13.218,13.052,12.93,13.394,13.186,13.104,13.083,13.24,55.109,-0.026,-0.105,0.287,330640.0
贵研铂业,600459,2025-05-13,13.38,13.2,13.38,13.16,87197,117461967.0,1.65,-0.75,-0.1,1.16,13.216,13.096,12.963,13.385,13.191,13.122,13.094,13.239,52.177,-0.015,-0.087,0.282,243443.0
贵研铂业,600459,2025-05-14,13.21,13.3,13.34,13.12,79035,106736348.0,1.67,0.76,0.1,1.05,13.226,13.13,12.994,13.38,13.227,13.154,13.114,13.241,54.769,0.001,-0.069,0.278,322478.0
贵研铂业,600459,2025-05-15,13.3,13.15,13.32,13.14,54801,73658102.0,1.35,-1.13,-0.15,0.73,13.22,13.155,13.009,13.372,13.201,13.153,13.117,13.238,50.36,0.002,-0.055,0.271,267677.0
贵研铂业,600459,2025-05-16,13.16,13.18,13.35,13.15,58312,78682956.0,1.52,0.23,0.03,0.77,13.226,13.186,13.026,13.368,13.194,13.158,13.123,13.236,51.206,0.006,-0.043,0.266,325989.0
贵研铂业,600459,2025-05-19,13.18,13.17,13.25,13.05,43026,57542998.0,1.52,-0.08,-0.01,0.57,13.2,13.209,13.048,13.366,13.186,13.16,13.128,13.234,50.895,0.007,-0.033,0.261,282963.0
贵研铂业,600459,2025-05-20,13.16,13.26,13.31,13.14,57175,77018562.0,1.29,0.68,0.09,0.76,13.212,13.214,13.076,13.364,13.211,13.178,13.14,13.234,53.628,0.016,-0.023,0.255,340138.0
贵研铂业,600459,2025-05-21,13.49,13.7,13.85,13.49,210370,292055765.0,2.71,3.32,0.44,2.79,13.292,13.259,13.127,13.368,13.374,13.273,13.194,13.25,64.136,0.057,-0.007,0.279,550508.0
贵研铂业,600459,2025-05-22,13.73,13.84,14.4,13.64,304678,434997925.0,5.55,1.02,0.14,4.04,13.43,13.325,13.17,13.374,13.529,13.376,13.255,13.269,66.72,0.1,0.015,0.313,855186.0
贵研铂业,600459,2025-05-23,14.05,14.18,14.44,14.01,279027,403115086.0,3.11,2.46,0.34,3.7,13.63,13.428,13.22,13.385,13.746,13.522,13.343,13.299,71.997,0.16,0.044,0.334,1134213.0
贵研铂业,600459,2025-05-26,14.36,14.25,14.41,14.11,213835,309365451.0,2.12,0.49,0.07,2.84,13.846,13.523,13.288,13.401,13.914,13.655,13.43,13.33,72.948,0.211,0.077,0.331,1348048.0
贵研铂业,600459,2025-05-27,14.2,13.98,14.21,13.89,159367,227249094.0,2.25,-1.89,-0.27,2.11,13.99,13.601,13.349,13.411,13.936,13.714,13.482,13.351,63.929,0.226,0.107,0.333,1188681.0
贵研铂业,600459,2025-05-28,13.93,13.89,14.01,13.8,93429,131985741.0,1.5,-0.64,-0.09,1.24,14.028,13.66,13.395,13.421,13.921,13.746,13.521,13.369,61.213,0.229,0.131,0.324,1095252.0
贵研铂业,600459,2025-05-29,13.85,13.85,13.95,13.78,96769,136468443.0,1.22,-0.29,-0.04,1.28,14.03,13.73,13.442,13.433,13.897,13.765,13.552,13.385,59.992,0.225,0.15,0.313,998483.0
贵研铂业,600459,2025-05-30,13.84,13.84,13.97,13.76,74870,105357981.0,1.52,-0.07,-0.01,0.99,13.962,13.796,13.491,13.442,13.878,13.778,13.58,13.4,59.672,0.219,0.164,0.306,923613.0
贵研铂业,600459,2025-06-03,13.87,14.09,14.27,13.84,157779,226129205.0,3.11,1.81,0.25,2.09,13.93,13.888,13.548,13.453,13.949,13.835,13.628,13.422,64.74,0.231,0.177,0.315,1081392.0
贵研铂业,600459,2025-06-04,14.11,14.26,14.35,14.09,113644,164579607.0,1.85,1.21,0.17,1.51,13.986,13.988,13.601,13.468,14.052,13.912,13.688,13.45,67.711,0.252,0.192,0.311,1195036.0
贵研铂业,600459,2025-06-05,14.36,14.27,14.65,14.24,144343,211330922.0,2.88,0.07,0.01,1.91,14.062,14.045,13.652,13.481,14.125,13.977,13.744,13.477,67.883,0.266,0.207,0.318,1339379.0
贵研铂业,600459,2025-06-06,14.74,15.23,15.33,14.67,453181,692632474.0,4.63,6.73,0.96,6.01,14.338,14.184,13.754,13.505,14.493,14.205,13.885,13.534,79.265,0.351,0.236,0.371,1792560.0
贵研铂业,600459,2025-06-09,15.26,15.47,15.62,14.76,440910,680459346.0,5.65,1.58,0.24,5.85,14.664,14.313,13.871,13.531,14.819,14.435,14.036,13.598,81.072,0.432,0.275,0.406,2233470.0
贵研铂业,600459,2025-06-10,15.36,15.14,15.59,15.0,271658,418885592.0,3.81,-2.13,-0.33,3.6,14.874,14.402,13.962,13.544,14.926,14.563,14.141,13.648,71.809,0.465,0.313,0.419,1961812.0
贵研铂业,600459,2025-06-11,15.13,15.58,15.64,15.12,327392,513627341.0,3.43,2.91,0.44,4.34,15.138,14.562,14.082,13.569,15.144,14.748,14.278,13.712,75.782,0.52,0.354,0.426,2289204.0
贵研铂业,600459,2025-06-12,15.41,15.64,15.84,15.29,322852,508739039.0,3.53,0.39,0.06,4.28,15.412,14.737,14.198,13.592,15.309,14.91,14.408,13.775,76.273,0.562,0.396,0.435,2612056.0
贵研铂业,600459,2025-06-13,15.72,15.42,15.81,15.34,236925,373043022.0,3.01,-1.41,-0.22,3.14,15.45,14.894,14.312,13.611,15.346,15.003,14.504,13.829,70.619,0.571,0.431,0.438,2375131.0
贵研铂业,600459,2025-06-16,14.96,15.13,15.31,14.95,181337,279172409.0,2.33,-1.88,-0.29,2.41,15.382,15.023,14.41,13.628,15.274,15.026,14.564,13.871,63.895,0.549,0.455,0.44,2193794.0
贵研铂业,600459,2025-06-17,15.12,14.97,15.32,14.95,128402,196495188.0,2.45,-1.06,-0.16,1.7,15.348,15.111,14.5,13.641,15.173,15.016,14.603,13.907,60.474,0.512,0.466,0.435,2065392.0
贵研铂业,600459,2025-06-18,15.02,14.81,15.12,14.72,143160,216156609.0,2.67,-1.07,-0.16,1.9,15.194,15.166,14.577,13.652,15.052,14.978,14.622,13.937,57.177,0.465,0.466,0.432,1922232.0
贵研铂业,600459,2025-06-19,15.26,14.82,15.44,14.78,256157,392452833.0,4.46,0.07,0.01,3.4,15.03,15.221,14.633,13.664,14.975,14.95,14.641,13.966,57.333,0.423,0.457,0.449,2178389.0
贵研铂业,600459,2025-06-20,14.74,14.57,14.8,14.37,190011,280894523.0,2.9,-1.69,-0.25,2.52,14.86,15.155,14.67,13.674,14.84,14.881,14.634,13.986,52.196,0.366,0.439,0.449,1988378.0
贵研铂业,600459,2025-06-23,14.53,14.58,14.72,14.46,105602,156501720.0,1.78,0.07,0.01,1.4,14.75,15.066,14.69,13.683,14.753,14.826,14.629,14.005,52.379,0.318,0.415,0.435,2093980.0
贵研铂业,600459,2025-06-24,14.71,14.59,14.8,14.57,115750,172453019.0,1.58,0.07,0.01,1.54,14.674,15.011,14.706,13.69,14.699,14.783,14.626,14.024,52.576,0.277,0.387,0.421,2209730.0
贵研铂业,600459,2025-06-25,14.7,14.75,14.85,14.62,129900,194420084.0,1.58,1.1,0.16,1.72,14.662,14.928,14.745,13.7,14.716,14.777,14.637,14.048,55.722,0.255,0.361,0.409,2339630.0
贵研铂业,600459,2025-06-26,15.17,15.41,15.76,14.98,387618,604153601.0,5.29,4.47,0.66,5.14,14.78,14.905,14.821,13.725,14.947,14.892,14.711,14.093,65.802,0.287,0.346,0.452,2727248.0
贵研铂业,600459,2025-06-27,15.86,15.46,15.94,15.44,310975,494002462.0,3.24,0.32,0.05,4.13,14.958,14.909,14.901,13.752,15.118,14.995,14.782,14.138,66.425,0.313,0.339,0.458,3038223.0
贵研铂业,600459,2025-06-30,15.14,15.27,15.36,14.97,211026,324704495.0,2.52,-1.23,-0.19,2.8,15.096,14.923,14.973,13.778,15.169,15.045,14.829,14.175,61.813,0.315,0.334,0.46,2827197.0
贵研铂业,600459,2025-07-01,15.26,15.22,15.26,14.99,165664,254255016.0,1.77,-0.33,-0.05,2.2,15.222,14.948,15.03,13.802,15.186,15.077,14.866,14.209,60.62,0.308,0.329,0.447,2661533.0
贵研铂业,600459,2025-07-02,15.17,15.17,15.33,15.09,114291,176137464.0,1.58,-0.33,-0.05,1.52,15.306,14.984,15.075,13.828,15.181,15.094,14.895,14.241,59.386,0.296,0.323,0.432,2547242.0
贵研铂业,600459,2025-07-03,15.55,15.34,15.6,15.24,176104,275074609.0,2.37,1.12,0.17,2.34,15.292,15.036,15.129,13.856,15.234,15.139,14.937,14.277,62.204,0.297,0.317,0.432,2723346.0
贵研铂业,600459,2025-07-04,15.12,15.15,15.39,15.0,153742,236483736.0,2.54,-1.24,-0.19,2.04,15.23,15.094,15.125,13.904,15.206,15.141,14.958,14.305,57.41,0.278,0.31,0.429,2569604.0
贵研铂业,600459,2025-07-07,15.2,15.03,15.21,14.98,102154,154242133.0,1.52,-0.79,-0.12,1.36,15.182,15.139,15.102,13.951,15.147,15.121,14.964,14.329,54.55,0.251,0.298,0.415,2467450.0
贵研铂业,600459,2025-07-08,15.01,15.08,15.21,15.01,98624,149043748.0,1.33,0.33,0.05,1.31,15.154,15.188,15.099,13.997,15.125,15.113,14.975,14.354,55.544,0.231,0.285,0.4,2566074.0
贵研铂业,600459,2025-07-09,15.09,14.9,15.15,14.87,113331,169668707.0,1.86,-1.19,-0.18,1.5,15.1,15.203,15.065,14.037,15.05,15.074,14.968,14.372,51.204,0.199,0.267,0.391,2452743.0
贵研铂业,600459,2025-07-10,14.89,14.96,15.02,14.89,87913,131398331.0,0.87,0.4,0.06,1.17,15.024,15.158,15.031,14.075,15.02,15.054,14.968,14.391,52.535,0.176,0.249,0.372,2540656.0
贵研铂业,600459,2025-07-11,15.05,15.56,15.65,15.05,286187,441097694.0,4.01,4.01,0.6,3.8,15.106,15.168,15.038,14.12,15.2,15.146,15.024,14.429,63.314,0.203,0.24,0.395,2826843.0
贵研铂业,600459,2025-07-14,15.85,15.9,16.16,15.68,281140,447737340.0,3.08,2.19,0.34,3.73,15.28,15.231,15.077,14.171,15.433,15.283,15.107,14.477,67.779,0.25,0.242,0.41,3107983.0
贵研铂业,600459,2025-07-15,15.64,15.75,15.95,15.6,138091,217332917.0,2.2,-0.94,-0.15,1.83,15.414,15.284,15.116,14.221,15.539,15.368,15.169,14.519,64.074,0.272,0.248,0.405,2969892.0
贵研铂业,600459,2025-07-16,15.65,15.51,15.75,15.45,104293,162487141.0,1.9,-1.52,-0.24,1.38,15.536,15.318,15.151,14.268,15.529,15.394,15.201,14.552,58.558,0.266,0.252,0.398,2865599.0
贵研铂业,600459,2025-07-17,15.58,15.48,15.7,15.46,93069,144704543.0,1.55,-0.19,-0.03,1.23,15.64,15.332,15.184,14.315,15.513,15.409,15.228,14.582,57.887,0.257,0.253,0.387,2772530.0
贵研铂业,600459,2025-07-18,15.75,16.22,16.58,15.67,372204,599280379.0,5.88,4.78,0.74,4.94,15.772,15.439,15.266,14.369,15.749,15.557,15.322,14.636,67.713,0.305,0.263,0.438,3144734.0
贵研铂业,600459,2025-07-21,16.01,16.15,16.25,16.0,208335,336119919.0,1.54,-0.43,-0.07,2.76,15.822,15.551,15.345,14.418,15.882,15.665,15.401,14.685,66.141,0.334,0.277,0.424,2936399.0
贵研铂业,600459,2025-07-22,16.25,16.37,16.53,16.22,244985,400602024.0,1.92,1.36,0.22,3.25,15.946,15.68,15.434,14.476,16.045,15.793,15.493,14.741,68.607,0.371,0.296,0.421,3181384.0
贵研铂业,600459,2025-07-23,16.25,16.22,16.43,16.15,209106,340828174.0,1.71,-0.92,-0.15,2.77,16.088,15.812,15.507,14.534,16.103,15.871,15.563,14.789,65.124,0.383,0.314,0.411,2972278.0
贵研铂业,600459,2025-07-24,16.05,16.59,16.71,16.0,272919,448054783.0,4.38,2.28,0.37,3.62,16.31,15.975,15.566,14.594,16.266,16.001,15.66,14.848,69.269,0.418,0.334,0.432,3245197.0
贵研铂业,600459,2025-07-25,16.5,16.44,16.6,16.21,189208,309750434.0,2.35,-0.9,-0.15,2.51,16.354,16.063,15.615,14.653,16.324,16.081,15.735,14.9,65.852,0.429,0.353,0.429,3055989.0
贵研铂业,600459,2025-07-28,16.5,16.29,16.5,16.02,156833,254564324.0,2.92,-0.91,-0.15,2.08,16.382,16.102,15.666,14.71,16.312,16.119,15.788,14.946,62.53,0.42,0.367,0.433,2899156.0
贵研铂业,600459,2025-07-29,16.17,16.0,16.24,15.87,155179,248208981.0,2.27,-1.78,-0.29,2.06,16.308,16.127,15.705,14.761,16.208,16.097,15.808,14.981,56.587,0.386,0.37,0.432,2743977.0
贵研铂业,600459,2025-07-30,16.0,15.82,16.07,15.67,129901,206103899.0,2.5,-1.13,-0.18,1.72,16.228,16.158,15.738,14.805,16.079,16.047,15.809,15.008,53.206,0.34,0.364,0.43,2614076.0
贵研铂业,600459,2025-07-31,15.48,15.11,15.48,15.07,217107,330894812.0,2.59,-4.49,-0.71,2.88,15.932,16.121,15.726,14.836,15.756,15.877,15.742,15.011,42.438,0.243,0.34,0.453,2396969.0
贵研铂业,600459,2025-08-01,15.19,15.09,15.2,15.03,89025,134627701.0,1.13,-0.13,-0.02,1.18,15.662,16.008,15.723,14.868,15.534,15.734,15.68,15.014,42.179,0.163,0.305,0.432,2307944.0
贵研铂业,600459,2025-08-04,15.18,15.44,15.47,15.06,131500,200934293.0,2.72,2.32,0.35,1.74,15.492,15.937,15.744,14.906,15.503,15.68,15.657,15.028,48.143,0.127,0.269,0.431,2439444.0
贵研铂业,600459,2025-08-05,15.45,15.46,15.57,15.39,99081,153274758.0,1.17,0.13,0.02,1.31,15.384,15.846,15.763,14.942,15.488,15.64,15.639,15.042,48.47,0.098,0.235,0.413,2538525.0
贵研铂业,600459,2025-08-06,15.42,15.52,15.58,15.37,96652,149765130.0,1.36,0.39,0.06,1.28,15.324,15.776,15.794,14.98,15.499,15.618,15.627,15.058,49.499,0.08,0.204,0.398,2635177.0
贵研铂业,600459,2025-08-07,15.6,15.53,15.68,15.29,119119,184313667.0,2.51,0.06,0.01,1.58,15.408,15.67,15.822,15.018,15.509,15.602,15.618,15.073,49.679,0.065,0.176,0.398,2754296.0
贵研铂业,600459,2025-08-08,15.53,15.65,15.81,15.44,143227,224020133.0,2.38,0.77,0.12,1.9,15.52,15.591,15.827,15.059,15.556,15.611,15.621,15.092,51.899,0.062,0.153,0.396,2897523.0
贵研铂业,600459,2025-08-11,15.58,15.58,15.65,15.46,145876,227047349.0,1.21,-0.45,-0.07,1.94,15.548,15.52,15.811,15.099,15.564,15.605,15.617,15.108,50.5,0.054,0.133,0.381,2751647.0
贵研铂业,600459,2025-08-12,15.59,15.53,15.6,15.44,88325,137076133.0,1.03,-0.32,-0.05,1.17,15.562,15.473,15.8,15.139,15.553,15.592,15.609,15.122,49.473,0.042,0.115,0.365,2663322.0
贵研铂业,600459,2025-08-13,15.52,15.86,15.93,15.5,188067,296067523.0,2.77,2.12,0.33,2.49,15.63,15.477,15.817,15.182,15.655,15.64,15.633,15.146,55.851,0.06,0.104,0.37,2851389.0
贵研铂业,600459,2025-08-14,15.86,15.52,15.88,15.49,138993,217807758.0,2.46,-2.14,-0.34,1.84,15.628,15.518,15.819,15.212,15.61,15.619,15.622,15.158,48.99,0.045,0.092,0.371,2712396.0
贵研铂业,600459,2025-08-15,15.46,15.75,15.8,15.46,117396,184377250.0,2.19,1.48,0.23,1.56,15.648,15.584,15.796,15.244,15.657,15.642,15.634,15.178,53.18,0.052,0.084,0.369,2829792.0
贵研铂业,600459,2025-08-18,15.76,15.75,15.85,15.64,165807,261013533.0,1.33,0.0,0.0,2.2,15.682,15.615,15.776,15.27,15.688,15.662,15.645,15.197,53.18,0.056,0.079,0.358,2829792.0
贵研铂业,600459,2025-08-19,15.74,15.72,15.86,15.57,133554,209814726.0,1.84,-0.19,-0.03,1.77,15.72,15.641,15.744,15.295,15.699,15.673,15.652,15.214,52.527,0.057,0.074,0.353,2696238.0
贵研铂业,600459,2025-08-20,15.52,16.15,16.38,15.52,302305,486434795.0,5.47,2.74,0.43,4.01,15.778,15.704,15.74,15.331,15.849,15.759,15.7,15.244,60.089,0.091,0.078,0.389,2998543.0
贵研铂业,600459,2025-08-21,16.14,16.03,16.4,15.96,166355,267766321.0,2.72,-0.74,-0.12,2.21,15.88,15.754,15.712,15.367,15.909,15.809,15.731,15.27,57.344,0.107,0.083,0.393,2832188.0
贵研铂业,600459,2025-08-22,16.07,16.16,16.3,16.03,150683,243497852.0,1.68,0.81,0.13,2.0,15.962,15.805,15.698,15.405,15.993,15.872,15.772,15.299,59.502,0.129,0.092,0.384,2982871.0
贵研铂业,600459,2025-08-25,16.39,16.51,16.64,16.26,249683,410586499.0,2.35,2.17,0.35,3.31,16.114,15.898,15.709,15.45,16.165,15.988,15.842,15.339,64.683,0.172,0.108,0.391,3232554.0
贵研铂业,600459,2025-08-26,16.4,16.41,16.56,16.22,171929,281665712.0,2.06,-0.61,-0.1,2.28,16.252,15.986,15.73,15.488,16.247,16.065,15.896,15.374,62.233,0.196,0.126,0.387,3060625.0
贵研铂业,600459,2025-08-27,16.42,16.27,16.8,16.23,257183,424654329.0,3.47,-0.85,-0.14,3.41,16.276,16.027,15.752,15.522,16.255,16.102,15.932,15.404,58.872,0.202,0.141,0.4,2803442.0
贵研铂业,600459,2025-08-28,16.29,16.59,16.59,16.09,215306,352761466.0,3.07,1.97,0.32,2.86,16.388,16.134,15.826,15.56,16.366,16.191,15.995,15.442,63.699,0.229,0.159,0.407,3018748.0
贵研铂业,600459,2025-08-29,16.62,17.15,17.4,16.51,389973,663061649.0,5.36,3.38,0.56,5.17,16.586,16.274,15.929,15.592,16.628,16.365,16.105,15.498,70.274,0.293,0.186,0.442,3408721.0
贵研铂业,600459,2025-09-01,17.0,17.41,17.5,16.7,440910,755836299.0,4.66,1.52,0.26,5.85,16.766,16.44,16.028,15.625,16.888,16.555,16.229,15.561,72.742,0.36,0.22,0.467,3849631.0
贵研铂业,600459,2025-09-02,17.95,17.49,18.13,17.12,568596,998823351.0,5.8,0.46,0.08,7.54,16.982,16.617,16.129,15.664,17.089,16.725,16.349,15.624,73.472,0.415,0.259,0.506,4418227.0
贵研铂业,600459,2025-09-03,17.76,16.87,17.8,16.73,376933,646611057.0,6.12,-3.54,-0.62,5.0,17.102,16.689,16.197,15.685,17.016,16.752,16.399,15.665,60.05,0.404,0.288,0.546,4041294.0
贵研铂业,600459,2025-09-04,16.95,16.53,17.59,16.27,325647,549429056.0,7.82,-2.02,-0.34,4.32,17.09,16.739,16.247,15.7,16.854,16.711,16.411,15.694,54.203,0.364,0.303,0.602,3715647.0
贵研铂业,600459,2025-09-05,16.53,16.76,16.8,16.3,242609,404404976.0,3.02,1.39,0.23,3.22,17.012,16.799,16.302,15.723,16.823,16.72,16.444,15.729,57.236,0.346,0.312,0.594,3958256.0
贵研铂业,600459,2025-09-08,16.76,17.04,17.18,16.7,266067,451823989.0,2.86,1.67,0.28,3.53,16.938,16.852,16.375,15.754,16.895,16.778,16.501,15.772,60.653,0.351,0.32,0.586,4224323.0
贵研铂业,600459,2025-09-09,17.01,17.37,17.73,16.94,391184,680312120.0,4.64,1.94,0.33,5.19,16.914,16.948,16.467,15.794,17.053,16.886,16.584,15.824,64.277,0.377,0.331,0.601,4615507.0
贵研铂业,600459,2025-09-10,17.2,17.22,17.33,16.92,201103,344530391.0,2.36,-0.86,-0.15,2.67,16.984,17.043,16.535,15.835,17.109,16.947,16.644,15.87,61.504,0.381,0.341,0.59,4414404.0
贵研铂业,600459,2025-09-11,17.28,17.28,17.43,16.99,246464,423532397.0,2.56,0.35,0.06,3.27,17.134,17.112,16.623,15.876,17.166,17.007,16.705,15.916,62.206,0.385,0.35,0.579,4660868.0
贵研铂业,600459,2025-09-12,17.34,17.78,18.08,17.26,371520,658068339.0,4.75,2.89,0.5,4.93,17.338,17.175,16.725,15.929,17.371,17.148,16.807,15.977,67.523,0.423,0.364,0.597,5032388.0
贵研铂业,600459,2025-09-15,17.82,17.38,17.87,17.36,248717,435925014.0,2.87,-2.25,-0.4,3.3,17.406,17.172,16.806,15.976,17.374,17.19,16.862,16.023,60.224,0.416,0.375,0.59,4783671.0
贵研铂业,600459,2025-09-16,17.48,16.91,17.58,16.59,319134,539121894.0,5.7,-2.7,-0.47,4.23,17.314,17.114,16.866,16.014,17.219,17.139,16.866,16.052,52.978,0.369,0.374,0.619,4464537.0
贵研铂业,600459,2025-09-17,16.8,16.85,16.86,16.52,190809,318594146.0,2.01,-0.35,-0.06,2.53,17.24,17.112,16.901,16.049,17.096,17.087,16.865,16.078,52.116,0.323,0.363,0.603,4273728.0
贵研铂业,600459,2025-09-18,16.74,16.2,16.74,16.08,274399,450457338.0,3.92,-3.86,-0.65,3.64,17.024,17.079,16.909,16.063,16.797,16.925,16.802,16.082,43.801,0.231,0.337,0.615,3999329.0
贵研铂业,600459,2025-09-19,16.22,16.28,16.44,16.16,127798,208170875.0,1.73,0.49,0.08,1.7,16.724,17.031,16.915,16.076,16.625,16.808,16.752,16.089,44.965,0.163,0.302,0.591,4127127.0
贵研铂业,600459,2025-09-22,16.4,16.22,16.5,15.97,164715,265399905.0,3.26,-0.37,-0.06,2.19,16.492,16.949,16.901,16.092,16.49,16.701,16.701,16.093,44.225,0.103,0.262,0.586,3962412.0
贵研铂业,600459,2025-09-23,16.03,15.42,16.17,15.1,333619,518915930.0,6.6,-4.93,-0.8,4.43,16.194,16.754,16.851,16.095,16.133,16.468,16.579,16.071,35.774,-0.009,0.208,0.624,3628793.0
贵研铂业,600459,2025-09-24,15.7,15.77,15.88,15.53,218303,343371886.0,2.27,2.27,0.35,2.9,15.978,16.609,16.826,16.105,16.012,16.341,16.502,16.061,41.079,-0.069,0.153,0.613,3847096.0
贵研铂业,600459,2025-09-25,15.76,15.64,15.96,15.61,166192,261496644.0,2.22,-0.82,-0.13,2.2,15.866,16.445,16.779,16.11,15.888,16.214,16.42,16.047,39.765,-0.125,0.097,0.594,3680904.0
贵研铂业,600459,2025-09-26,16.11,16.1,16.76,16.06,419913,688754502.0,4.48,2.94,0.46,5.57,15.83,16.277,16.726,16.126,15.959,16.193,16.39,16.049,46.308,-0.131,0.051,0.631,4100817.0
贵研铂业,600459,2025-09-29,16.6,16.75,16.98,16.28,396571,659943580.0,4.35,4.04,0.65,5.26,15.936,16.214,16.693,16.155,16.223,16.294,16.424,16.072,53.925,-0.083,0.025,0.649,4497388.0
贵研铂业,600459,2025-09-30,16.77,17.27,17.38,16.77,373040,641597236.0,3.64,3.1,0.52,4.95,16.306,16.25,16.682,16.191,16.572,16.472,16.504,16.111,58.943,-0.002,0.019,0.648,4870428.0
贵研铂业,600459,2025-10-09,18.04,17.82,18.12,17.6,428571,764153587.0,3.01,3.18,0.55,5.69,16.716,16.347,16.73,16.24,16.988,16.717,16.63,16.167,63.474,0.105,0.036,0.662,5298999.0
贵研铂业,600459,2025-10-10,17.7,17.43,17.75,17.35,307813,539948237.0,2.24,-2.19,-0.39,4.08,17.074,16.47,16.775,16.281,17.135,16.847,16.706,16.209,58.541,0.156,0.06,0.649,4991186.0
贵研铂业,600459,2025-10-13,17.0,17.72,17.74,16.9,361572,625593667.0,4.82,1.66,0.29,4.8,17.398,16.614,16.822,16.317,17.33,17.005,16.803,16.258,60.97,0.218,0.092,0.662,5352758.0
贵研铂业,600459,2025-10-14,18.2,17.39,18.71,17.3,483396,871188148.0,7.96,-1.86,-0.33,6.41,17.526,16.731,16.84,16.342,17.35,17.075,16.859,16.295,56.885,0.238,0.121,0.716,4869362.0
贵研铂业,600459,2025-10-15,17.7,17.42,17.76,17.02,271286,470294426.0,4.26,0.17,0.03,3.6,17.556,16.931,16.842,16.37,17.373,17.138,16.912,16.332,57.166,0.253,0.147,0.717,5140648.0
贵研铂业,600459,2025-10-16,17.47,17.21,17.76,17.11,246035,429453781.0,3.73,-1.21,-0.21,3.26,17.434,17.075,16.842,16.398,17.319,17.151,16.94,16.361,54.49,0.245,0.167,0.713,4894613.0
贵研铂业,600459,2025-10-17,17.54,16.93,17.79,16.85,284794,490823132.0,5.46,-1.63,-0.28,3.78,17.334,17.204,16.824,16.422,17.189,17.111,16.939,16.38,51.057,0.213,0.176,0.729,4609819.0
贵研铂业,600459,2025-10-20,16.6,16.34,16.78,16.24,257647,424470849.0,3.19,-3.48,-0.59,3.42,17.058,17.228,16.752,16.424,16.906,16.971,16.882,16.378,44.671,0.139,0.169,0.726,4352172.0
贵研铂业,600459,2025-10-21,16.5,16.18,16.55,16.11,236311,385336595.0,2.69,-0.98,-0.16,3.13,16.816,17.171,16.692,16.425,16.664,16.827,16.815,16.372,43.097,0.067,0.148,0.706,4115861.0
贵研铂业,600459,2025-10-22,15.72,15.91,16.06,15.55,205793,325427782.0,3.15,-1.67,-0.27,2.73,16.514,17.035,16.642,16.417,16.413,16.66,16.729,16.357,40.503,-0.012,0.116,0.7,3910068.0
贵研铂业,600459,2025-10-23,15.89,16.06,16.1,15.51,201074,317220753.0,3.71,0.94,0.15,2.67,16.284,16.859,16.603,16.414,16.295,16.551,16.665,16.347,42.571,-0.062,0.081,0.692,4111142.0
贵研铂业,600459,2025-10-24,16.07,15.97,16.21,15.91,168502,269970024.0,1.87,-0.56,-0.09,2.24,16.092,16.713,16.591,16.404,16.187,16.445,16.599,16.335,41.636,-0.107,0.043,0.664,3942640.0
贵研铂业,600459,2025-10-27,15.99,16.34,16.79,15.99,292499,479265894.0,5.01,2.32,0.37,3.88,16.092,16.575,16.594,16.402,16.238,16.426,16.575,16.335,46.809,-0.112,0.012,0.675,4235139.0
贵研铂业,600459,2025-10-28,16.21,15.92,16.23,15.89,205144,328761968.0,2.08,-2.57,-0.42,2.72,16.04,16.428,16.58,16.396,16.132,16.334,16.512,16.321,42.233,-0.148,-0.02,0.659,4029995.0
贵研铂业,600459,2025-10-29,15.97,16.85,16.95,15.96,304853,502231160.0,6.22,5.84,0.93,4.04,16.228,16.371,16.651,16.41,16.371,16.428,16.544,16.339,53.153,-0.101,-0.036,0.686,4334848.0
贵研铂业,600459,2025-10-30,16.78,16.56,16.84,16.47,205272,341457325.0,2.2,-1.72,-0.29,2.72,16.328,16.306,16.69,16.423,16.434,16.452,16.546,16.346,49.98,-0.085,-0.046,0.664,4129576.0
贵研铂业,600459,2025-10-31,16.79,16.64,17.16,16.6,275680,464446608.0,3.38,0.48,0.08,3.66,16.462,16.277,16.74,16.448,16.503,16.486,16.555,16.355,50.852,-0.066,-0.05,0.659,4405256.0
贵研铂业,600459,2025-11-03,16.69,16.7,16.83,16.15,244511,401921465.0,4.09,0.36,0.06,3.24,16.534,16.313,16.77,16.475,16.569,16.525,16.569,16.367,51.534,-0.045,-0.049,0.661,4649767.0
贵研铂业,600459,2025-11-04,16.59,16.13,16.68,16.03,179743,292668217.0,3.89,-3.41,-0.57,2.38,16.576,16.308,16.74,16.487,16.422,16.453,16.527,16.359,45.127,-0.074,-0.054,0.662,4470024.0
贵研铂业,600459,2025-11-05,15.91,16.26,16.35,15.86,126570,204031599.0,3.04,0.81,0.13,1.68,16.458,16.343,16.689,16.5,16.368,16.418,16.501,16.356,46.753,-0.085,-0.06,0.649,4596594.0
贵研铂业,600459,2025-11-06,16.21,17.11,17.15,16.21,387042,652860436.0,5.78,5.23,0.85,5.13,16.568,16.448,16.654,16.526,16.615,16.544,16.559,16.38,55.945,-0.025,-0.053,0.67,4983636.0
贵研铂业,600459,2025-11-07,16.96,17.09,17.4,16.87,232443,399076063.0,3.1,-0.12,-0.02,3.08,16.658,16.56,16.636,16.552,16.774,16.643,16.61,16.404,55.702,0.02,-0.038,0.66,4751193.0
贵研铂业,600459,2025-11-10,17.5,17.1,17.75,16.98,221544,382075630.0,4.51,0.06,0.01,2.94,16.738,16.636,16.606,16.577,16.882,16.726,16.657,16.427,55.805,0.057,-0.019,0.668,4972737.0
贵研铂业,600459,2025-11-11,17.22,17.26,17.77,16.89,260265,449627038.0,5.15,0.94,0.16,3.45,16.964,16.77,16.599,16.605,17.008,16.823,16.714,16.454,57.518,0.097,0.004,0.683,5233002.0
贵研铂业,600459,2025-11-12,17.25,17.14,17.59,16.98,204637,351962715.0,3.53,-0.7,-0.12,2.71,17.14,16.799,16.585,16.632,17.052,16.881,16.755,16.476,55.772,0.118,0.027,0.678,5028365.0
贵研铂业,600459,2025-11-13,17.3,17.4,17.7,17.25,297273,519410183.0,2.63,1.52,0.26,3.94,17.198,16.883,16.594,16.657,17.168,16.975,16.816,16.507,58.697,0.154,0.052,0.669,5325638.0
贵研铂业,600459,2025-11-14,17.22,18.71,19.14,17.22,1038207,1943152601.0,11.03,7.53,1.31,13.77,17.522,17.09,16.684,16.71,17.682,17.291,16.996,16.579,69.605,0.285,0.099,0.759,6363845.0
贵研铂业,600459,2025-11-17,18.59,18.1,19.15,18.02,688794,1263895070.0,6.04,-3.26,-0.61,9.14,17.722,17.23,16.772,16.749,17.821,17.438,17.102,16.629,61.465,0.336,0.146,0.785,5675051.0
贵研铂业,600459,2025-11-18,18.21,17.5,18.25,17.3,388940,684967950.0,5.25,-3.31,-0.6,5.16,17.77,17.367,16.838,16.779,17.714,17.449,17.14,16.657,54.69,0.324,0.182,0.797,5286111.0
贵研铂业,600459,2025-11-19,17.39,17.33,17.79,17.12,255494,443087995.0,3.83,-0.97,-0.17,3.39,17.808,17.474,16.908,16.806,17.586,17.427,17.158,16.679,52.911,0.297,0.205,0.788,5030617.0
贵研铂业,600459,2025-11-20,17.3,18.2,18.64,17.22,619322,1115985782.0,8.19,5.02,0.87,8.22,17.968,17.583,17.015,16.84,17.791,17.568,17.257,16.729,60.071,0.342,0.232,0.833,5649939.0
贵研铂业,600459,2025-11-21,17.8,16.64,17.94,16.61,496660,851674594.0,7.31,-8.57,-1.56,6.59,17.554,17.538,17.049,16.85,17.407,17.399,17.198,16.726,46.436,0.249,0.236,0.887,5153279.0
贵研铂业,600459,2025-11-24,16.79,16.77,17.14,16.48,290044,486126590.0,3.97,0.78,0.13,3.85,17.288,17.505,17.07,16.86,17.195,17.285,17.157,16.728,47.505,0.184,0.225,0.871,5443323.0
贵研铂业,600459,2025-11-25,17.02,17.39,17.73,16.94,326548,566239621.0,4.71,3.7,0.62,4.33,17.266,17.518,17.144,16.875,17.26,17.304,17.18,16.749,52.387,0.18,0.216,0.877,5769871.0
贵研铂业,600459,2025-11-26,17.32,16.92,17.38,16.85,260365,443549606.0,3.05,-2.7,-0.47,3.45,17.184,17.496,17.147,16.883,17.147,17.234,17.155,16.755,48.691,0.138,0.201,0.853,5509506.0
贵研铂业,600459,2025-11-27,17.58,17.52,18.38,17.32,614433,1098048713.0,6.26,3.55,0.6,8.15,17.048,17.508,17.195,16.904,17.271,17.286,17.19,16.78,53.228,0.151,0.191,0.897,6123939.0
贵研铂业,600459,2025-11-28,17.57,17.55,17.89,17.24,329774,579443118.0,3.71,0.17,0.03,4.37,17.23,17.392,17.241,16.92,17.364,17.334,17.224,16.805,53.45,0.161,0.185,0.879,6453713.0
贵研铂业,600459,2025-12-01,18.05,17.91,18.29,17.73,412151,742080491.0,3.19,2.05,0.36,5.47,17.458,17.373,17.301,16.933,17.546,17.439,17.289,16.842,56.136,0.197,0.187,0.869,6865864.0
贵研铂业,600459,2025-12-02,17.65,17.63,17.83,17.5,209268,368809432.0,1.84,-1.56,-0.28,2.78,17.506,17.386,17.376,16.936,17.574,17.474,17.322,16.867,53.548,0.2,0.19,0.836,6656596.0
贵研铂业,600459,2025-12-03,17.59,17.24,17.65,17.18,242784,422400893.0,2.67,-2.21,-0.39,3.22,17.57,17.377,17.425,16.932,17.463,17.431,17.314,16.88,50.084,0.169,0.186,0.81,6413812.0
贵研铂业,600459,2025-12-04,17.31,16.88,17.49,16.76,245119,416978241.0,4.23,-2.09,-0.36,3.25,17.442,17.245,17.414,16.932,17.268,17.331,17.273,16.88,47.058,0.114,0.171,0.804,6168693.0
贵研铂业,600459,2025-12-05,16.78,17.5,17.55,16.73,261340,449618611.0,4.86,3.67,0.62,3.47,17.432,17.331,17.434,16.948,17.346,17.362,17.294,16.9,52.393,0.119,0.161,0.805,6430033.0
贵研铂业,600459,2025-12-08,17.51,17.36,17.56,17.06,239574,413327617.0,2.86,-0.8,-0.14,3.18,17.322,17.39,17.447,16.958,17.35,17.361,17.301,16.915,51.139,0.111,0.151,0.784,6190459.0
贵研铂业,600459,2025-12-09,17.26,16.68,17.26,16.67,272961,459875664.0,3.4,-3.92,-0.68,3.62,17.132,17.319,17.418,16.952,17.127,17.237,17.241,16.907,45.453,0.049,0.13,0.777,5917498.0
贵研铂业,600459,2025-12-10,16.92,16.97,17.11,16.77,247101,418787096.0,2.04,1.74,0.29,3.25,17.078,17.324,17.41,16.946,17.075,17.189,17.216,16.909,48.103,0.023,0.109,0.752,6164599.0
贵研铂业,600459,2025-12-11,16.99,16.82,17.3,16.78,259232,440892880.0,3.06,-0.88,-0.15,3.41,17.066,17.254,17.381,16.939,16.99,17.122,17.178,16.907,46.835,-0.01,0.085,0.736,5905367.0
贵研铂业,600459,2025-12-12,17.0,16.85,17.1,16.77,187626,317177805.0,1.96,0.18,0.03,2.47,16.936,17.184,17.288,16.932,16.943,17.072,17.147,16.905,47.136,-0.033,0.061,0.707,6092993.0
贵研铂业,600459,2025-12-15,16.85,18.14,18.54,16.81,710455,1263808070.0,10.27,7.66,1.29,9.35,17.092,17.207,17.29,16.938,17.342,17.266,17.241,16.945,58.089,0.052,0.059,0.78,6803448.0
贵研铂业,600459,2025-12-16,18.29,17.99,18.76,17.87,627316,1146681832.0,4.91,-0.83,-0.15,8.26,17.354,17.243,17.314,16.948,17.558,17.398,17.313,16.979,56.62,0.106,0.069,0.788,6176132.0
贵研铂业,600459,2025-12-17,18.37,19.0,19.15,18.2,668423,1254306376.0,5.28,5.61,1.01,8.8,17.76,17.419,17.398,16.983,18.039,17.689,17.473,17.046,63.343,0.228,0.101,0.814,6844555.0
贵研铂业,600459,2025-12-18,19.47,19.1,19.75,18.8,641503,1237655988.0,5.0,0.53,0.1,8.44,18.216,17.641,17.443,17.021,18.392,17.946,17.628,17.113,63.939,0.329,0.146,0.824,7486058.0
贵研铂业,600459,2025-12-19,18.69,18.75,18.91,18.3,465149,865592154.0,3.19,-1.83,-0.35,6.12,18.596,17.766,17.548,17.063,18.512,18.092,17.735,17.167,60.247,0.376,0.192,0.822,7020909.0
贵研铂业,600459,2025-12-22,19.25,19.3,19.4,19.08,84518,162608164.0,1.71,2.93,0.55,1.11,18.828,17.96,17.675,17.113,18.774,18.312,17.884,17.237,63.786,0.453,0.244,0.81,7105427.0
西藏城投,600773,2025-01-02,10.8,10.53,10.95,10.4,93651,100476686.0,5.11,-2.23,-0.24,0.98,,,,,,,,,,,,,93651.0
西藏城投,600773,2025-01-03,10.53,10.18,10.61,10.16,94759,97899126.0,4.27,-3.32,-0.35,1.0,,,,,,,,,,,,,-1108.0
西藏城投,600773,2025-01-06,10.24,10.24,10.42,10.14,70161,72057469.0,2.75,0.59,0.06,0.74,,,,,,,,,,,,,69053.0
西藏城投,600773,2025-01-07,10.39,10.55,10.62,10.25,77353,80797170.0,3.61,3.03,0.31,0.81,,,,,,,,,,,,,146406.0
西藏城投,600773,2025-01-08,10.55,11.0,11.24,10.48,211842,232965354.0,7.2,4.27,0.45,2.23,10.5,,,,10.5,,,,,,,,358248.0
西藏城投,600773,2025-01-09,10.92,10.78,10.92,10.7,89028,96277988.0,2.0,-2.0,-0.22,0.94,10.55,,,,10.593,,,,,,,,269220.0
西藏城投,600773,2025-01-10,10.85,10.65,11.16,10.65,104935,114432288.0,4.73,-1.21,-0.13,1.1,10.644,,,,10.612,,,,,,,,164285.0
西藏城投,600773,2025-01-13,10.56,10.29,10.56,10.26,101547,105340886.0,2.82,-3.38,-0.36,1.07,10.654,,,,10.505,,,,,,,,62738.0
西藏城投,600773,2025-01-14,10.27,10.51,10.58,10.23,122166,127605614.0,3.4,2.14,0.22,1.28,10.646,,,,10.507,,,,,,,,184904.0
西藏城投,600773,2025-01-15,10.52,10.41,10.54,10.29,96089,99906015.0,2.38,-0.95,-0.1,1.01,10.528,10.514,,,10.474,10.514,,,,,,,88815.0
西藏城投,600773,2025-01-16,10.41,10.49,10.64,10.39,82460,86763596.0,2.4,0.77,0.08,0.87,10.47,10.51,,,10.48,10.51,,,,,,,171275.0
西藏城投,600773,2025-01-17,10.46,10.57,10.72,10.41,79096,83983625.0,2.96,0.76,0.08,0.83,10.454,10.549,,,10.51,10.521,,,,,,,250371.0
西藏城投,600773,2025-01-20,10.79,10.82,11.17,10.77,140080,153651030.0,3.78,2.37,0.25,1.47,10.56,10.607,,,10.613,10.575,,,,,,,390451.0
西藏城投,600773,2025-01-21,10.87,10.65,10.95,10.6,85293,91249320.0,3.23,-1.57,-0.17,0.9,10.588,10.617,,,10.625,10.589,,,,,,,305158.0
西藏城投,600773,2025-01-22,10.58,10.44,10.65,10.36,70279,73309121.0,2.72,-1.97,-0.21,0.74,10.594,10.561,,,10.564,10.562,,,48.495,,,0.391,234879.0
西藏城投,600773,2025-01-23,10.52,10.32,10.64,10.32,76242,79963575.0,3.07,-1.15,-0.12,0.8,10.56,10.515,,,10.482,10.518,,,46.486,,,0.386,158637.0
西藏城投,600773,2025-01-24,10.32,10.32,10.4,10.19,71208,73577688.0,2.03,0.0,0.0,0.75,10.51,10.482,,,10.428,10.482,,,46.486,,,0.373,158637.0
西藏城投,600773,2025-01-27,10.34,10.26,10.52,10.22,60770,62913204.0,2.91,-0.58,-0.06,0.64,10.398,10.479,,,10.372,10.441,,,45.395,,,0.368,97867.0
西藏城投,600773,2025-02-05,10.5,10.46,10.57,10.31,86335,90396791.0,2.53,1.95,0.2,0.91,10.36,10.474,,,10.401,10.445,,,49.637,,,0.364,184202.0
西藏城投,600773,2025-02-06,10.44,10.57,10.57,10.32,72238,75804841.0,2.39,1.05,0.11,0.76,10.386,10.49,10.502,,10.458,10.468,10.502,,51.852,,,0.356,256440.0
西藏城投,600773,2025-02-07,10.58,10.7,10.82,10.58,106095,113920596.0,2.27,1.23,0.13,1.11,10.462,10.511,10.51,,10.538,10.51,10.521,,54.404,,,0.348,362535.0
西藏城投,600773,2025-02-10,10.71,10.82,10.92,10.61,123581,132952740.0,2.9,1.12,0.12,1.3,10.562,10.536,10.542,,10.632,10.566,10.549,,56.687,,,0.345,486116.0
西藏城投,600773,2025-02-11,10.8,10.7,10.99,10.62,79810,85439355.0,3.42,-1.11,-0.12,0.84,10.65,10.524,10.565,,10.655,10.591,10.564,,53.787,,,0.347,406306.0
西藏城投,600773,2025-02-12,10.69,10.86,10.87,10.63,115819,124517623.0,2.24,1.5,0.16,1.22,10.73,10.545,10.581,,10.723,10.64,10.592,,56.949,,,0.339,522125.0
西藏城投,600773,2025-02-13,10.86,10.78,10.93,10.75,78283,84799138.0,1.66,-0.74,-0.08,0.82,10.772,10.579,10.57,,10.742,10.665,10.61,,54.926,,,0.328,443842.0
西藏城投,600773,2025-02-14,10.77,10.69,10.89,10.64,72229,77577975.0,2.32,-0.83,-0.09,0.76,10.77,10.616,10.565,,10.725,10.67,10.617,,52.659,,,0.323,371613.0
西藏城投,600773,2025-02-17,10.65,10.58,10.72,10.55,94954,100817197.0,1.59,-1.03,-0.11,1.0,10.722,10.642,10.562,,10.677,10.653,10.614,,49.945,,,0.312,276659.0
西藏城投,600773,2025-02-18,10.57,10.39,10.59,10.33,101968,106696504.0,2.46,-1.8,-0.19,1.07,10.66,10.655,10.567,,10.581,10.605,10.593,,45.577,,,0.308,174691.0
西藏城投,600773,2025-02-19,10.38,10.58,10.59,10.32,81997,86015321.0,2.6,1.83,0.19,0.86,10.604,10.667,10.57,,10.581,10.601,10.591,,50.262,,,0.305,256688.0
西藏城投,600773,2025-02-20,10.53,10.42,10.56,10.39,72165,75406660.0,1.61,-1.51,-0.16,0.76,10.532,10.652,10.571,,10.527,10.568,10.575,,46.622,,,0.297,184523.0
西藏城投,600773,2025-02-21,10.47,10.45,10.5,10.28,100878,104724460.0,2.11,0.29,0.03,1.06,10.484,10.627,10.569,,10.501,10.546,10.563,,47.391,,,0.291,285401.0
西藏城投,600773,2025-02-24,10.43,10.36,10.54,10.33,88963,92776358.0,2.01,-0.86,-0.09,0.93,10.44,10.581,10.558,,10.454,10.513,10.544,,45.283,,,0.286,196438.0
西藏城投,600773,2025-02-25,10.3,10.38,10.73,10.22,100371,104942755.0,4.92,0.19,0.02,1.05,10.438,10.549,10.536,,10.43,10.488,10.528,,45.859,,,0.302,296809.0
西藏城投,600773,2025-02-26,10.42,10.5,10.55,10.32,88447,92631140.0,2.22,1.16,0.12,0.93,10.422,10.513,10.529,,10.453,10.491,10.526,,49.31,-0.03,-0.01,0.297,385256.0
西藏城投,600773,2025-02-27,10.54,10.46,10.64,10.39,86761,91261005.0,2.38,-0.38,-0.04,0.91,10.43,10.481,10.53,,10.455,10.485,10.519,,48.207,-0.029,-0.014,0.293,298495.0
西藏城投,600773,2025-02-28,10.4,10.25,10.47,10.2,99471,102767279.0,2.58,-2.01,-0.21,1.05,10.39,10.437,10.526,,10.387,10.442,10.494,,42.795,-0.045,-0.02,0.292,199024.0
西藏城投,600773,2025-03-03,10.34,10.38,10.52,10.22,97704,101967215.0,2.93,1.27,0.13,1.03,10.394,10.417,10.529,,10.385,10.431,10.483,,46.778,-0.047,-0.025,0.292,296728.0
西藏城投,600773,2025-03-04,10.37,10.35,10.37,10.25,68080,70265709.0,1.16,-0.29,-0.03,0.72,10.388,10.413,10.534,,10.373,10.416,10.47,,45.983,-0.05,-0.03,0.281,228648.0
西藏城投,600773,2025-03-05,10.31,10.19,10.35,9.75,221540,222212578.0,5.8,-1.55,-0.16,2.33,10.326,10.374,10.52,,10.312,10.375,10.443,,41.89,-0.065,-0.037,0.303,7108.0
西藏城投,600773,2025-03-06,10.19,10.31,10.37,10.08,118469,120958256.0,2.85,1.18,0.12,1.24,10.296,10.363,10.507,,10.311,10.363,10.431,,45.787,-0.066,-0.043,0.302,125577.0
西藏城投,600773,2025-03-07,10.27,10.18,10.33,10.14,68412,70043196.0,1.84,-1.26,-0.13,0.72,10.282,10.336,10.481,,10.268,10.33,10.407,,42.465,-0.077,-0.05,0.294,57165.0
西藏城投,600773,2025-03-10,10.19,10.24,10.26,10.14,64868,66252689.0,1.18,0.59,0.06,0.68,10.254,10.324,10.452,,10.258,10.314,10.391,,44.467,-0.079,-0.056,0.282,122033.0
西藏城投,600773,2025-03-11,10.14,10.65,10.76,10.1,193501,202054236.0,6.45,4.0,0.41,2.03,10.314,10.351,10.45,,10.389,10.375,10.416,,55.793,-0.048,-0.054,0.309,315534.0
西藏城投,600773,2025-03-12,10.65,10.7,10.96,10.6,152677,164339607.0,3.38,0.47,0.05,1.6,10.416,10.371,10.442,,10.493,10.434,10.443,,56.946,-0.018,-0.047,0.313,468211.0
西藏城投,600773,2025-03-13,10.64,10.91,11.03,10.64,139189,151557727.0,3.64,1.96,0.21,1.46,10.536,10.416,10.448,,10.632,10.52,10.487,,61.49,0.022,-0.033,0.318,607400.0
西藏城投,600773,2025-03-14,10.91,10.83,10.98,10.79,112450,122265622.0,1.74,-0.73,-0.08,1.18,10.666,10.474,10.455,,10.698,10.577,10.52,,58.938,0.046,-0.017,0.309,494950.0
西藏城投,600773,2025-03-17,10.84,10.85,11.03,10.84,90512,99083399.0,1.75,0.18,0.02,0.95,10.788,10.521,10.469,,10.749,10.626,10.551,,59.392,0.067,-0.0,0.301,585462.0
西藏城投,600773,2025-03-18,10.92,10.76,10.93,10.74,65553,70806508.0,1.75,-0.83,-0.09,0.69,10.81,10.562,10.487,,10.752,10.651,10.571,,56.373,0.075,0.015,0.293,519909.0
西藏城投,600773,2025-03-19,10.76,10.79,10.83,10.61,72904,78252020.0,2.04,0.28,0.03,0.77,10.828,10.622,10.498,,10.765,10.676,10.592,,57.155,0.082,0.028,0.288,592813.0
西藏城投,600773,2025-03-20,10.77,10.56,10.77,10.54,78839,83915590.0,2.13,-2.13,-0.23,0.83,10.758,10.647,10.505,,10.697,10.655,10.589,,49.789,0.069,0.036,0.285,513974.0
西藏城投,600773,2025-03-21,10.56,10.48,10.61,10.44,55556,58465617.0,1.61,-0.76,-0.08,0.58,10.688,10.677,10.506,,10.624,10.623,10.579,,47.496,0.052,0.039,0.277,458418.0
西藏城投,600773,2025-03-24,10.46,10.31,10.49,10.22,74971,77420600.0,2.58,-1.62,-0.17,0.79,10.58,10.684,10.504,,10.52,10.566,10.553,,42.968,0.024,0.036,0.277,383447.0
西藏城投,600773,2025-03-25,10.32,10.25,10.37,10.12,63279,64673990.0,2.42,-0.58,-0.06,0.66,10.478,10.644,10.497,,10.43,10.509,10.524,,41.465,-0.003,0.028,0.275,320168.0
西藏城投,600773,2025-03-26,10.19,10.27,10.32,10.17,39838,40943608.0,1.46,0.2,0.02,0.42,10.374,10.601,10.486,,10.376,10.465,10.5,,42.191,-0.022,0.018,0.266,360006.0
西藏城投,600773,2025-03-27,10.27,10.24,10.27,10.13,38196,39050564.0,1.36,-0.29,-0.03,0.4,10.31,10.534,10.475,,10.331,10.424,10.475,,41.363,-0.04,0.007,0.257,321810.0
西藏城投,600773,2025-03-28,10.24,10.17,10.25,10.13,46209,47074484.0,1.17,-0.68,-0.07,0.49,10.248,10.468,10.471,,10.277,10.378,10.446,,39.418,-0.058,-0.006,0.247,275601.0
西藏城投,600773,2025-03-31,10.17,9.99,10.22,9.91,71883,72045846.0,3.05,-1.77,-0.18,0.76,10.184,10.382,10.451,,10.182,10.308,10.403,,34.877,-0.087,-0.022,0.252,203718.0
西藏城投,600773,2025-04-01,9.97,9.92,10.05,9.9,51186,51025490.0,1.5,-0.7,-0.07,0.54,10.118,10.298,10.43,,10.094,10.237,10.357,,33.272,-0.114,-0.041,0.244,152532.0
西藏城投,600773,2025-04-02,9.94,10.02,10.07,9.87,54349,54387516.0,2.02,1.01,0.1,0.57,10.068,10.221,10.421,,10.07,10.198,10.325,,37.684,-0.125,-0.058,0.241,206881.0
西藏城投,600773,2025-04-03,9.94,10.04,10.13,9.94,43946,44134010.0,1.9,0.2,0.02,0.46,10.028,10.169,10.408,10.472,10.06,10.169,10.298,10.472,38.559,-0.132,-0.072,0.237,250827.0
西藏城投,600773,2025-04-07,9.89,9.04,9.89,9.04,128431,119062762.0,8.47,-9.96,-1.0,1.35,9.802,10.025,10.351,10.448,9.72,9.964,10.178,10.426,21.957,-0.215,-0.101,0.292,122396.0
西藏城投,600773,2025-04-08,8.87,8.91,9.13,8.7,157617,139731890.0,4.76,-1.44,-0.13,1.66,9.586,9.885,10.284,10.426,9.45,9.772,10.057,10.376,20.708,-0.288,-0.138,0.302,-35221.0
西藏城投,600773,2025-04-09,8.73,8.92,9.01,8.38,121081,105856618.0,7.07,0.11,0.01,1.27,9.386,9.752,10.198,10.404,9.273,9.617,9.949,10.328,21.08,-0.341,-0.179,0.325,85860.0
西藏城投,600773,2025-04-10,9.02,9.27,9.34,8.98,101352,93309970.0,4.04,3.92,0.35,1.07,9.236,9.652,10.126,10.383,9.272,9.554,9.884,10.293,32.93,-0.351,-0.213,0.332,187212.0
西藏城投,600773,2025-04-11,9.21,9.24,9.33,9.16,57336,53138884.0,1.83,-0.32,-0.03,0.6,9.076,9.552,10.043,10.354,9.261,9.497,9.823,10.259,32.48,-0.357,-0.242,0.32,129876.0
西藏城投,600773,2025-04-14,9.33,9.18,9.38,9.15,77037,71426870.0,2.49,-0.65,-0.06,0.81,9.104,9.453,9.96,10.327,9.234,9.439,9.762,10.224,31.551,-0.362,-0.266,0.314,52839.0
西藏城投,600773,2025-04-15,9.15,9.07,9.24,9.06,52491,47889752.0,1.96,-1.2,-0.11,0.55,9.136,9.361,9.871,10.301,9.18,9.372,9.696,10.186,29.865,-0.371,-0.287,0.304,348.0
西藏城投,600773,2025-04-16,9.07,8.8,9.08,8.75,82737,73516034.0,3.64,-2.98,-0.27,0.87,9.112,9.249,9.773,10.276,9.053,9.268,9.61,10.14,26.167,-0.396,-0.309,0.306,-82389.0
西藏城投,600773,2025-04-17,8.73,8.97,9.28,8.69,116169,104902463.0,6.7,1.93,0.17,1.22,9.052,9.144,9.682,10.25,9.025,9.214,9.549,10.102,31.885,-0.397,-0.326,0.326,33780.0
西藏城投,600773,2025-04-18,8.91,9.05,9.15,8.78,79632,71257098.0,4.12,0.89,0.08,0.84,9.014,9.045,9.607,10.228,9.034,9.184,9.502,10.067,34.458,-0.386,-0.338,0.33,113412.0
西藏城投,600773,2025-04-21,9.05,9.12,9.24,8.92,60589,55215302.0,3.54,0.77,0.07,0.64,9.002,9.053,9.539,10.205,9.062,9.172,9.465,10.036,36.71,-0.369,-0.344,0.329,174001.0
西藏城投,600773,2025-04-22,9.14,9.17,9.27,9.02,69044,63312742.0,2.74,0.55,0.05,0.73,9.022,9.079,9.482,10.181,9.098,9.172,9.437,10.008,38.34,-0.346,-0.345,0.323,243045.0
西藏城投,600773,2025-04-23,9.17,9.12,9.3,9.11,42316,38848576.0,2.07,-0.55,-0.05,0.44,9.086,9.099,9.425,10.153,9.106,9.163,9.407,9.979,37.305,-0.329,-0.342,0.314,200729.0
西藏城投,600773,2025-04-24,9.13,9.07,9.25,8.96,61027,55475963.0,3.18,-0.55,-0.05,0.64,9.106,9.079,9.365,10.127,9.094,9.146,9.375,9.949,36.252,-0.316,-0.336,0.312,139702.0
西藏城投,600773,2025-04-25,9.06,9.05,9.28,9.05,71947,65949427.0,2.54,-0.22,-0.02,0.76,9.106,9.06,9.306,10.104,9.079,9.128,9.344,9.92,35.816,-0.303,-0.33,0.306,67755.0
西藏城投,600773,2025-04-28,9.08,8.75,9.09,8.74,116744,102963517.0,3.87,-3.31,-0.3,1.23,9.032,9.017,9.235,10.077,8.969,9.06,9.287,9.881,29.993,-0.314,-0.327,0.309,-48989.0
西藏城投,600773,2025-04-29,8.77,8.9,8.96,8.67,62294,55324943.0,3.31,1.71,0.15,0.65,8.978,9.0,9.18,10.054,8.946,9.031,9.251,9.849,35.628,-0.307,-0.323,0.308,13305.0
西藏城投,600773,2025-04-30,8.9,8.85,9.07,8.82,58354,52030089.0,2.81,-0.56,-0.05,0.61,8.924,9.005,9.127,10.03,8.914,8.998,9.212,9.816,34.628,-0.302,-0.318,0.304,-45049.0
西藏城投,600773,2025-05-06,8.9,9.01,9.02,8.82,76246,68320795.0,2.26,1.81,0.16,0.8,8.912,9.009,9.076,10.006,8.946,9.0,9.193,9.79,40.397,-0.281,-0.311,0.296,31197.0
西藏城投,600773,2025-05-07,9.14,9.13,9.29,9.03,80452,73602115.0,2.89,1.33,0.12,0.85,8.928,9.017,9.031,9.982,9.007,9.024,9.187,9.768,44.362,-0.253,-0.299,0.295,111649.0
西藏城投,600773,2025-05-08,9.02,9.05,9.19,9.01,66803,60760769.0,1.97,-0.88,-0.08,0.7,8.988,9.01,9.031,9.955,9.022,9.028,9.174,9.745,42.34,-0.234,-0.286,0.287,44846.0
西藏城投,600773,2025-05-09,9.07,8.87,9.08,8.86,72883,65015735.0,2.43,-1.99,-0.18,0.77,8.982,8.98,9.029,9.922,8.971,9.0,9.145,9.716,38.128,-0.231,-0.275,0.282,-28037.0
西藏城投,600773,2025-05-12,8.94,8.96,9.03,8.87,61918,55456127.0,1.8,1.01,0.09,0.65,9.004,8.964,9.032,9.893,8.967,8.992,9.127,9.691,41.274,-0.218,-0.264,0.273,33881.0
西藏城投,600773,2025-05-13,9.07,8.91,9.11,8.87,64104,57459454.0,2.68,-0.56,-0.05,0.67,8.984,8.948,9.013,9.861,8.948,8.977,9.107,9.666,40.055,-0.21,-0.253,0.271,-30223.0
西藏城投,600773,2025-05-14,8.89,8.98,9.0,8.85,87164,77916557.0,1.68,0.79,0.07,0.92,8.954,8.941,9.0,9.831,8.959,8.978,9.095,9.643,42.61,-0.196,-0.242,0.262,56941.0
西藏城投,600773,2025-05-15,9.01,8.94,9.39,8.94,164009,149983553.0,5.01,-0.45,-0.04,1.72,8.932,8.96,8.988,9.801,8.953,8.971,9.08,9.62,41.521,-0.186,-0.23,0.276,-107068.0
西藏城投,600773,2025-05-16,8.89,8.81,8.94,8.79,87950,77913968.0,1.68,-1.45,-0.13,0.92,8.92,8.951,8.975,9.772,8.905,8.942,9.054,9.593,38.112,-0.186,-0.222,0.267,-195018.0
西藏城投,600773,2025-05-19,8.83,9.08,9.09,8.8,123509,111033128.0,3.29,3.06,0.27,1.3,8.944,8.974,8.989,9.75,8.963,8.967,9.057,9.577,47.713,-0.162,-0.21,0.269,-71509.0
西藏城投,600773,2025-05-20,9.01,9.05,9.11,8.95,64208,57931873.0,1.76,-0.33,-0.03,0.67,8.972,8.978,8.994,9.725,8.992,8.982,9.056,9.559,46.843,-0.145,-0.197,0.261,-135717.0
西藏城投,600773,2025-05-21,9.05,9.03,9.24,8.96,83281,75532019.0,3.09,-0.22,-0.02,0.88,8.982,8.968,8.992,9.701,9.005,8.991,9.054,9.542,46.238,-0.131,-0.183,0.262,-218998.0
西藏城投,600773,2025-05-22,9.03,8.89,9.05,8.89,53635,48060962.0,1.77,-1.55,-0.14,0.56,8.972,8.952,8.981,9.675,8.967,8.972,9.038,9.521,42.136,-0.129,-0.173,0.255,-272633.0
西藏城投,600773,2025-05-23,8.88,8.96,9.14,8.86,98010,88698296.0,3.15,0.79,0.07,1.03,9.002,8.961,8.97,9.652,8.964,8.97,9.031,9.502,44.774,-0.121,-0.162,0.257,-174623.0
西藏城投,600773,2025-05-26,9.08,8.97,9.25,8.94,108511,98548193.0,3.46,0.11,0.01,1.14,8.98,8.962,8.963,9.629,8.966,8.97,9.025,9.485,45.159,-0.113,-0.152,0.26,-66112.0
西藏城投,600773,2025-05-27,8.95,9.0,9.02,8.87,59660,53406015.0,1.67,0.33,0.03,0.63,8.97,8.971,8.959,9.604,8.977,8.976,9.022,9.469,46.366,-0.102,-0.142,0.253,-6452.0
西藏城投,600773,2025-05-28,9.0,8.88,9.01,8.84,66716,59346802.0,1.89,-1.33,-0.12,0.7,8.94,8.961,8.951,9.577,8.945,8.958,9.009,9.45,42.351,-0.103,-0.134,0.247,-73168.0
西藏城投,600773,2025-05-29,8.85,8.91,8.95,8.84,46433,41441561.0,1.24,0.34,0.03,0.49,8.944,8.958,8.959,9.555,8.933,8.949,8.999,9.432,43.664,-0.099,-0.127,0.237,-26735.0
西藏城投,600773,2025-05-30,8.91,8.76,8.91,8.74,68685,60409551.0,1.91,-1.68,-0.15,0.72,8.904,8.953,8.952,9.528,8.876,8.915,8.977,9.41,38.893,-0.107,-0.123,0.232,-95420.0
西藏城投,600773,2025-06-03,8.72,8.76,8.78,8.67,45736,40002890.0,1.26,0.0,0.0,0.48,8.862,8.921,8.947,9.501,8.837,8.887,8.956,9.389,38.893,-0.113,-0.121,0.223,-95420.0
西藏城投,600773,2025-06-04,8.76,8.91,8.95,8.72,64740,57553048.0,2.63,1.71,0.15,0.68,8.844,8.907,8.942,9.48,8.861,8.891,8.952,9.373,45.766,-0.103,-0.118,0.224,-30680.0
西藏城投,600773,2025-06-05,8.91,8.9,8.97,8.83,43639,38779951.0,1.57,-0.11,-0.01,0.46,8.848,8.894,8.931,9.457,8.874,8.893,8.947,9.357,45.399,-0.096,-0.113,0.218,-74319.0
西藏城投,600773,2025-06-06,8.9,8.93,8.98,8.88,57766,51709609.0,1.12,0.34,0.03,0.61,8.852,8.898,8.925,9.436,8.893,8.899,8.945,9.343,46.777,-0.087,-0.108,0.209,-16553.0
西藏城投,600773,2025-06-09,8.89,9.03,9.04,8.89,61922,55661090.0,1.68,1.12,0.1,0.65,8.906,8.905,8.933,9.416,8.939,8.923,8.953,9.333,51.197,-0.07,-0.1,0.205,45369.0
西藏城投,600773,2025-06-10,8.99,8.97,9.08,8.89,58162,52324362.0,2.1,-0.66,-0.06,0.61,8.948,8.905,8.933,9.388,8.949,8.932,8.955,9.321,48.589,-0.061,-0.093,0.204,-12793.0
西藏城投,600773,2025-06-11,8.99,9.11,9.23,8.96,106483,97332295.0,3.01,1.56,0.14,1.12,8.988,8.916,8.943,9.361,9.003,8.964,8.97,9.314,54.422,-0.043,-0.083,0.209,93690.0
西藏城投,600773,2025-06-12,9.08,9.16,9.18,9.02,72906,66371970.0,1.76,0.55,0.05,0.77,9.04,8.944,8.952,9.332,9.055,9.0,8.988,9.309,56.328,-0.023,-0.071,0.205,166596.0
西藏城投,600773,2025-06-13,9.14,9.03,9.15,8.96,91638,82962016.0,2.07,-1.42,-0.13,0.96,9.06,8.956,8.957,9.302,9.047,9.005,8.992,9.3,50.424,-0.019,-0.06,0.205,74958.0
西藏城投,600773,2025-06-16,9.0,9.03,9.12,8.99,71458,64771493.0,1.44,0.0,0.0,0.75,9.06,8.983,8.968,9.272,9.041,9.01,8.995,9.291,50.424,-0.014,-0.051,0.2,74958.0
西藏城投,600773,2025-06-17,9.03,9.02,9.09,8.98,56726,51255783.0,1.22,-0.11,-0.01,0.6,9.07,9.009,8.965,9.243,9.034,9.012,8.998,9.282,49.957,-0.012,-0.043,0.193,18232.0
西藏城投,600773,2025-06-18,9.03,9.1,9.27,8.96,97689,88909031.0,3.44,0.89,0.08,1.03,9.068,9.028,8.967,9.214,9.056,9.028,9.007,9.276,53.656,-0.003,-0.035,0.202,115921.0
西藏城投,600773,2025-06-19,9.06,9.05,9.29,9.0,97434,88997062.0,3.19,-0.55,-0.05,1.02,9.046,9.043,8.968,9.189,9.054,9.032,9.012,9.269,51.113,-0.001,-0.028,0.208,18487.0
西藏城投,600773,2025-06-20,9.03,9.96,9.96,9.02,416036,398283728.0,10.39,10.06,0.91,4.37,9.232,9.146,9.022,9.181,9.356,9.201,9.102,9.292,74.654,0.074,-0.008,0.26,434523.0
西藏城投,600773,2025-06-23,9.89,9.85,9.91,9.59,308753,301753641.0,3.21,-1.1,-0.11,3.24,9.396,9.228,9.066,9.173,9.521,9.319,9.173,9.31,70.25,0.123,0.018,0.268,125770.0
西藏城投,600773,2025-06-24,9.79,9.87,9.94,9.76,172740,170021688.0,1.83,0.2,0.02,1.82,9.566,9.318,9.111,9.167,9.637,9.419,9.239,9.328,70.59,0.162,0.047,0.262,298510.0
西藏城投,600773,2025-06-25,9.87,9.88,10.05,9.78,166592,164837702.0,2.74,0.1,0.01,1.75,9.722,9.395,9.155,9.16,9.718,9.503,9.3,9.346,70.77,0.191,0.076,0.262,465102.0
西藏城投,600773,2025-06-26,9.87,9.96,10.19,9.84,210331,210691023.0,3.54,0.81,0.08,2.21,9.904,9.475,9.209,9.155,9.799,9.586,9.363,9.366,72.232,0.218,0.104,0.269,675433.0
西藏城投,600773,2025-06-27,9.99,10.19,10.26,9.98,179406,181755146.0,2.81,2.31,0.23,1.89,9.95,9.591,9.273,9.156,9.929,9.696,9.442,9.393,75.955,0.255,0.134,0.271,854839.0
西藏城投,600773,2025-06-30,10.27,10.05,10.37,10.0,139998,141416095.0,3.63,-1.37,-0.14,1.47,9.99,9.693,9.338,9.157,9.969,9.76,9.5,9.415,69.818,0.27,0.161,0.278,714841.0
西藏城投,600773,2025-07-01,10.07,10.08,10.21,9.99,109290,110237457.0,2.19,0.3,0.03,1.15,10.032,9.799,9.404,9.159,10.006,9.818,9.555,9.437,70.371,0.281,0.185,0.274,824131.0
西藏城投,600773,2025-07-02,10.02,10.13,10.23,9.9,108801,109751246.0,3.27,0.5,0.05,1.14,10.082,9.902,9.465,9.161,10.048,9.875,9.61,9.46,71.313,0.29,0.206,0.278,932932.0
西藏城投,600773,2025-07-03,10.16,10.16,10.24,10.08,91867,93346344.0,1.58,0.3,0.03,0.97,10.122,10.013,9.528,9.163,10.085,9.927,9.662,9.482,71.891,0.297,0.224,0.269,1024799.0
西藏城投,600773,2025-07-04,10.19,9.86,10.19,9.84,142509,141930803.0,3.44,-2.95,-0.3,1.5,10.056,10.003,9.574,9.177,10.01,9.915,9.681,9.495,59.078,0.274,0.234,0.275,882290.0
西藏城投,600773,2025-07-07,9.85,10.05,10.1,9.82,106307,106215056.0,2.84,1.93,0.19,1.12,10.056,10.023,9.626,9.196,10.023,9.939,9.716,9.513,63.513,0.269,0.241,0.275,988597.0
西藏城投,600773,2025-07-08,10.1,10.14,10.24,10.05,93803,95062228.0,1.89,0.9,0.09,0.99,10.068,10.05,9.684,9.216,10.062,9.976,9.757,9.534,65.425,0.269,0.247,0.269,1082400.0
西藏城投,600773,2025-07-09,10.15,10.0,10.15,9.97,82887,83160887.0,1.78,-1.38,-0.14,0.87,10.042,10.062,9.728,9.228,10.041,9.98,9.78,9.549,60.146,0.255,0.248,0.263,999513.0
西藏城投,600773,2025-07-10,10.03,10.17,10.18,9.96,103739,104824380.0,2.2,1.7,0.17,1.09,10.044,10.083,9.779,9.244,10.084,10.015,9.817,9.569,63.95,0.254,0.25,0.26,1103252.0
西藏城投,600773,2025-07-11,10.2,10.11,10.25,10.09,98674,100159613.0,1.57,-0.59,-0.06,1.04,10.094,10.075,9.833,9.259,10.093,10.032,9.845,9.587,61.711,0.246,0.249,0.253,1004578.0
西藏城投,600773,2025-07-14,10.12,10.16,10.51,10.11,153261,157363639.0,3.96,0.49,0.05,1.61,10.116,10.086,9.889,9.278,10.115,10.055,9.875,9.606,62.877,0.241,0.247,0.263,1157839.0
西藏城投,600773,2025-07-15,10.1,10.04,10.16,9.91,113715,113664974.0,2.46,-1.18,-0.12,1.2,10.096,10.082,9.94,9.298,10.09,10.053,9.891,9.62,58.289,0.224,0.243,0.262,1044124.0
西藏城投,600773,2025-07-16,9.96,9.97,10.06,9.92,66631,66561626.0,1.39,-0.7,-0.07,0.7,10.09,10.066,9.984,9.315,10.05,10.038,9.898,9.631,55.733,0.203,0.235,0.254,977493.0
西藏城投,600773,2025-07-17,9.95,9.98,10.09,9.94,56795,56734323.0,1.5,0.1,0.01,0.6,10.052,10.048,10.03,9.33,10.027,10.027,9.906,9.643,56.03,0.185,0.225,0.246,1034288.0
西藏城投,600773,2025-07-18,10.0,10.14,10.29,10.0,122284,124305902.0,2.91,1.6,0.16,1.29,10.058,10.076,10.039,9.347,10.064,10.048,9.928,9.659,60.58,0.182,0.216,0.251,1156572.0
西藏城投,600773,2025-07-21,11.15,11.15,11.15,10.97,307811,343042921.0,1.78,9.96,1.01,3.23,10.256,10.186,10.104,9.38,10.426,10.248,10.045,9.708,76.859,0.258,0.225,0.305,1464383.0
西藏城投,600773,2025-07-22,12.27,12.27,12.27,12.03,204797,251230772.0,2.15,10.04,1.12,2.15,10.702,10.399,10.224,9.433,11.041,10.616,10.257,9.792,84.502,0.404,0.26,0.363,1669180.0
西藏城投,600773,2025-07-23,13.5,12.1,13.5,12.04,1416041,1812527023.0,11.9,-1.39,-0.17,14.88,11.128,10.609,10.335,9.483,11.394,10.886,10.432,9.868,80.174,0.5,0.308,0.442,253139.0
西藏城投,600773,2025-07-24,11.53,12.16,12.58,11.53,852900,1029164848.0,8.68,0.5,0.06,8.96,11.564,10.808,10.445,9.535,11.649,11.117,10.597,9.943,80.552,0.574,0.362,0.485,1106039.0
西藏城投,600773,2025-07-25,11.98,11.34,12.06,11.3,677157,783411472.0,6.25,-6.74,-0.82,7.12,11.804,10.931,10.503,9.578,11.546,11.158,10.667,9.989,62.879,0.56,0.401,0.512,428882.0
西藏城投,600773,2025-07-28,11.25,11.15,11.27,11.06,303313,338274107.0,1.85,-1.68,-0.19,3.19,11.804,11.03,10.558,9.616,11.414,11.156,10.713,10.027,59.615,0.528,0.427,0.495,125569.0
西藏城投,600773,2025-07-29,11.19,11.3,11.44,10.98,412024,461117694.0,4.13,1.35,0.15,4.33,11.61,11.156,10.619,9.657,11.376,11.182,10.769,10.069,61.322,0.509,0.443,0.493,537593.0
西藏城投,600773,2025-07-30,11.18,11.08,11.34,11.03,284957,317330536.0,2.74,-1.95,-0.22,2.99,11.406,11.267,10.666,9.691,11.277,11.164,10.799,10.102,57.484,0.47,0.449,0.48,252636.0
西藏城投,600773,2025-07-31,11.01,10.88,11.05,10.84,244794,267185587.0,1.9,-1.81,-0.2,2.57,11.15,11.357,10.702,9.72,11.145,11.112,10.807,10.127,54.165,0.419,0.443,0.463,7842.0
西藏城投,600773,2025-08-01,10.8,10.7,10.92,10.67,149349,160960207.0,2.3,-1.65,-0.18,1.57,11.022,11.413,10.744,9.748,10.997,11.037,10.796,10.146,51.295,0.359,0.426,0.447,-141507.0
西藏城投,600773,2025-08-04,10.64,10.77,10.77,10.6,100962,107879493.0,1.59,0.65,0.07,1.06,10.946,11.375,10.78,9.78,10.921,10.989,10.794,10.166,52.353,0.314,0.404,0.428,-40545.0
西藏城投,600773,2025-08-05,10.8,10.7,10.82,10.6,133815,142939654.0,2.04,-0.65,-0.07,1.41,10.826,11.218,10.808,9.809,10.847,10.936,10.785,10.184,51.157,0.27,0.377,0.413,-174360.0
西藏城投,600773,2025-08-06,10.68,10.56,10.68,10.52,167522,177035781.0,1.5,-1.31,-0.14,1.76,10.722,11.064,10.836,9.836,10.752,10.868,10.764,10.196,48.757,0.221,0.346,0.396,-341882.0
西藏城投,600773,2025-08-07,10.58,10.65,10.68,10.52,143644,152341641.0,1.52,0.85,0.09,1.51,10.676,10.913,10.86,9.864,10.718,10.828,10.753,10.211,50.369,0.187,0.314,0.379,-198238.0
西藏城投,600773,2025-08-08,10.64,10.75,10.85,10.56,185678,198696842.0,2.72,0.94,0.1,1.95,10.686,10.854,10.892,9.894,10.728,10.814,10.752,10.229,52.169,0.166,0.284,0.373,-12560.0
西藏城投,600773,2025-08-11,11.17,11.12,11.18,10.92,331945,367989631.0,2.42,3.44,0.37,3.49,10.756,10.851,10.94,9.933,10.859,10.87,10.787,10.258,58.208,0.178,0.263,0.377,319385.0
西藏城投,600773,2025-08-12,11.06,10.88,11.07,10.83,196999,214681046.0,2.16,-2.16,-0.24,2.07,10.792,10.809,10.982,9.963,10.866,10.872,10.796,10.278,53.49,0.165,0.244,0.371,122386.0
西藏城投,600773,2025-08-13,10.88,10.88,10.98,10.8,152810,166036384.0,1.65,0.0,0.0,1.61,10.856,10.789,11.028,9.993,10.871,10.873,10.804,10.298,53.49,0.154,0.226,0.357,122386.0
西藏城投,600773,2025-08-14,10.88,10.73,11.14,10.7,222747,242975518.0,4.04,-1.38,-0.15,2.34,10.872,10.774,11.065,10.021,10.824,10.847,10.797,10.312,50.522,0.131,0.207,0.363,-100361.0
西藏城投,600773,2025-08-15,10.61,10.8,10.83,10.61,170942,183689282.0,2.05,0.65,0.07,1.8,10.882,10.784,11.098,10.053,10.816,10.838,10.797,10.328,51.864,0.118,0.189,0.353,70581.0
西藏城投,600773,2025-08-18,10.85,11.3,11.4,10.85,399608,447659108.0,5.09,4.63,0.5,4.2,10.918,10.837,11.106,10.092,10.977,10.922,10.845,10.36,60.175,0.145,0.18,0.37,470189.0
西藏城投,600773,2025-08-19,11.42,11.67,11.96,11.28,494191,574536035.0,6.02,3.27,0.37,5.19,11.076,10.934,11.076,10.137,11.208,11.058,10.924,10.403,64.992,0.195,0.183,0.393,964380.0
西藏城投,600773,2025-08-20,11.55,11.48,11.59,11.22,337471,383796433.0,3.17,-1.63,-0.19,3.55,11.196,11.026,11.045,10.179,11.299,11.135,10.977,10.438,60.918,0.217,0.19,0.397,626909.0
西藏城投,600773,2025-08-21,11.6,11.16,11.6,11.08,370596,416270099.0,4.53,-2.79,-0.32,3.89,11.282,11.077,10.995,10.217,11.253,11.14,10.994,10.462,54.698,0.206,0.193,0.405,256313.0
西藏城投,600773,2025-08-22,11.13,11.06,11.13,10.97,176606,195051059.0,1.43,-0.9,-0.1,1.86,11.334,11.108,10.981,10.252,11.188,11.125,11.001,10.482,52.881,0.186,0.192,0.39,79707.0
西藏城投,600773,2025-08-25,11.0,11.19,11.36,11.0,275871,307941738.0,3.25,1.18,0.13,2.9,11.312,11.115,10.983,10.293,11.189,11.137,11.019,10.505,54.975,0.18,0.189,0.388,355578.0
西藏城投,600773,2025-08-26,11.14,11.05,11.15,10.97,154388,170829670.0,1.61,-1.25,-0.14,1.62,11.188,11.132,10.97,10.331,11.143,11.121,11.022,10.523,52.28,0.161,0.184,0.376,201190.0
西藏城投,600773,2025-08-27,11.06,10.72,11.08,10.71,208690,227429608.0,3.35,-2.99,-0.33,2.19,11.036,11.116,10.952,10.361,11.002,11.048,10.993,10.529,46.495,0.119,0.171,0.376,-7500.0
西藏城投,600773,2025-08-28,10.72,10.77,10.86,10.49,140291,149757309.0,3.45,0.47,0.05,1.47,10.958,11.12,10.947,10.392,10.924,10.998,10.972,10.537,47.444,0.088,0.154,0.375,132791.0
西藏城投,600773,2025-08-29,10.78,10.75,10.84,10.68,109315,117674625.0,1.49,-0.19,-0.02,1.15,10.896,11.115,10.949,10.423,10.866,10.953,10.951,10.544,47.084,0.061,0.136,0.36,23476.0
西藏城投,600773,2025-09-01,10.71,10.73,10.75,10.61,86404,92306612.0,1.3,-0.19,-0.02,0.91,10.804,11.058,10.947,10.451,10.821,10.912,10.93,10.55,46.703,0.038,0.116,0.344,-62928.0
西藏城投,600773,2025-09-02,10.71,10.64,10.72,10.52,94336,100174556.0,1.86,-0.84,-0.09,0.99,10.722,10.955,10.944,10.479,10.761,10.863,10.902,10.553,44.939,0.012,0.095,0.334,-157264.0
西藏城投,600773,2025-09-03,10.67,10.5,10.7,10.44,120373,126820041.0,2.44,-1.32,-0.14,1.26,10.678,10.857,10.941,10.502,10.674,10.797,10.864,10.551,42.265,-0.019,0.072,0.329,-277637.0
西藏城投,600773,2025-09-04,10.5,10.78,10.98,10.48,201104,216210539.0,4.76,2.67,0.28,2.11,10.68,10.819,10.948,10.529,10.709,10.794,10.856,10.559,48.824,-0.021,0.054,0.341,-76533.0
西藏城投,600773,2025-09-05,10.79,11.15,11.17,10.72,205659,225527466.0,4.17,3.43,0.37,2.16,10.76,10.828,10.968,10.564,10.856,10.858,10.884,10.578,55.946,0.007,0.044,0.349,129126.0
西藏城投,600773,2025-09-08,11.07,11.0,11.2,10.92,156772,172904247.0,2.51,-1.35,-0.15,1.65,10.814,10.809,10.962,10.597,10.904,10.884,10.895,10.592,52.741,0.017,0.039,0.344,-27646.0
西藏城投,600773,2025-09-09,11.0,11.04,11.19,10.97,171572,190440209.0,2.0,0.36,0.04,1.8,10.894,10.808,10.97,10.631,10.949,10.913,10.909,10.607,53.506,0.027,0.037,0.335,143926.0
西藏城投,600773,2025-09-10,10.96,10.86,10.98,10.79,123385,134032726.0,1.72,-1.63,-0.18,1.3,10.966,10.822,10.969,10.66,10.92,10.903,10.904,10.615,49.615,0.021,0.033,0.329,20541.0
西藏城投,600773,2025-09-11,10.81,10.95,10.96,10.73,111965,121837765.0,2.12,0.83,0.09,1.18,11.0,10.84,10.98,10.692,10.93,10.912,10.908,10.626,51.514,0.023,0.031,0.322,132506.0
西藏城投,600773,2025-09-12,10.95,11.05,11.1,10.92,137860,151754604.0,1.64,0.91,0.1,1.45,10.98,10.87,10.992,10.71,10.97,10.937,10.922,10.64,53.606,0.033,0.032,0.312,270366.0
西藏城投,600773,2025-09-15,11.06,11.03,11.09,10.88,109847,120462433.0,1.9,-0.18,-0.02,1.15,10.986,10.9,10.979,10.73,10.99,10.954,10.932,10.653,53.112,0.038,0.033,0.305,160519.0
西藏城投,600773,2025-09-16,11.1,10.94,11.14,10.85,97324,106509362.0,2.63,-0.82,-0.09,1.02,10.966,10.93,10.942,10.748,10.973,10.951,10.933,10.662,50.843,0.035,0.033,0.304,63195.0
西藏城投,600773,2025-09-17,10.86,10.89,10.98,10.83,79375,86526353.0,1.37,-0.46,-0.05,0.83,10.972,10.969,10.913,10.764,10.946,10.94,10.929,10.67,49.577,0.028,0.032,0.293,-16180.0
西藏城投,600773,2025-09-18,10.86,10.65,10.99,10.61,141605,153288457.0,3.49,-2.2,-0.24,1.49,10.912,10.956,10.887,10.776,10.847,10.887,10.902,10.669,43.919,0.003,0.026,0.299,-157785.0
西藏城投,600773,2025-09-19,10.7,10.79,10.82,10.64,85163,91509582.0,1.69,1.31,0.14,0.89,10.86,10.92,10.874,10.786,10.828,10.87,10.892,10.673,47.671,-0.006,0.02,0.29,-72622.0
西藏城投,600773,2025-09-22,10.79,10.66,10.79,10.52,76653,81323720.0,2.5,-1.2,-0.13,0.81,10.786,10.886,10.847,10.796,10.772,10.832,10.87,10.673,44.682,-0.023,0.011,0.289,-149275.0
西藏城投,600773,2025-09-23,10.61,10.38,10.65,10.21,109071,112935442.0,4.13,-2.63,-0.28,1.15,10.674,10.82,10.814,10.801,10.641,10.749,10.823,10.663,39.009,-0.058,-0.003,0.3,-258346.0
西藏城投,600773,2025-09-24,10.35,10.55,10.57,10.28,65259,68544215.0,2.79,1.64,0.17,0.69,10.606,10.789,10.805,10.808,10.611,10.713,10.797,10.659,43.684,-0.072,-0.016,0.3,-193087.0
西藏城投,600773,2025-09-25,10.6,10.42,10.62,10.41,75605,79272046.0,1.99,-1.23,-0.13,0.79,10.56,10.736,10.788,10.812,10.547,10.66,10.761,10.651,41.09,-0.092,-0.031,0.293,-268692.0
西藏城投,600773,2025-09-26,10.45,10.42,10.55,10.31,84759,88405499.0,2.3,0.0,0.0,0.89,10.486,10.673,10.771,10.822,10.505,10.616,10.729,10.644,41.09,-0.106,-0.046,0.29,-268692.0
西藏城投,600773,2025-09-29,10.57,10.64,10.75,10.41,111541,117900806.0,3.26,2.11,0.22,1.17,10.482,10.634,10.767,10.832,10.55,10.621,10.72,10.644,47.239,-0.099,-0.057,0.293,-157151.0
西藏城投,600773,2025-09-30,10.65,10.8,10.93,10.56,133563,143917667.0,3.48,1.5,0.16,1.4,10.566,10.62,10.775,10.843,10.633,10.653,10.728,10.649,51.226,-0.08,-0.062,0.299,-23588.0
西藏城投,600773,2025-10-09,10.85,10.92,10.99,10.75,119386,130193583.0,2.22,1.11,0.12,1.25,10.64,10.623,10.796,10.858,10.729,10.702,10.746,10.658,54.032,-0.054,-0.06,0.294,95798.0
西藏城投,600773,2025-10-10,10.92,11.1,11.15,10.87,169848,187459808.0,2.56,1.65,0.18,1.78,10.776,10.668,10.812,10.873,10.853,10.774,10.78,10.672,57.94,-0.019,-0.052,0.293,265646.0
西藏城投,600773,2025-10-13,10.7,11.09,11.18,10.7,131682,145338482.0,4.32,-0.09,-0.01,1.38,10.91,10.698,10.809,10.89,10.932,10.832,10.809,10.686,57.647,0.008,-0.04,0.307,133964.0
西藏城投,600773,2025-10-14,11.14,11.01,11.25,10.97,130008,144504474.0,2.52,-0.72,-0.08,1.37,10.984,10.733,10.809,10.904,10.958,10.864,10.828,10.697,55.238,0.023,-0.027,0.305,3956.0
西藏城投,600773,2025-10-15,11.03,11.05,11.09,10.95,89855,99097560.0,1.27,0.36,0.04,0.94,11.034,10.8,10.81,10.921,10.989,10.898,10.85,10.708,56.223,0.037,-0.014,0.293,93811.0
西藏城投,600773,2025-10-16,11.04,10.94,11.07,10.87,80645,88425741.0,1.81,-1.0,-0.11,0.85,11.038,10.839,10.814,10.937,10.972,10.905,10.858,10.716,52.784,0.04,-0.003,0.286,13166.0
西藏城投,600773,2025-10-17,10.95,11.02,11.47,10.94,212992,237993481.0,4.84,0.73,0.08,2.24,11.022,10.899,10.817,10.954,10.988,10.926,10.874,10.726,54.942,0.047,0.007,0.304,226158.0
西藏城投,600773,2025-10-20,11.01,11.01,11.18,10.98,118953,131608840.0,1.81,-0.09,-0.01,1.25,11.006,10.958,10.815,10.969,10.995,10.942,10.887,10.735,54.606,0.052,0.016,0.296,107205.0
西藏城投,600773,2025-10-21,11.02,11.13,11.23,10.9,122124,135800243.0,3.0,1.09,0.12,1.28,11.03,11.007,10.82,10.968,11.04,10.976,10.91,10.748,57.932,0.064,0.025,0.299,229329.0
西藏城投,600773,2025-10-22,11.1,11.04,11.13,10.94,99417,109563204.0,1.71,-0.81,-0.09,1.04,11.028,11.031,10.825,10.948,11.04,10.987,10.922,10.758,54.695,0.066,0.034,0.291,129912.0
西藏城投,600773,2025-10-23,11.05,11.18,11.25,11.0,162258,180232013.0,2.26,1.27,0.14,1.71,11.076,11.057,10.84,10.933,11.087,11.022,10.947,10.771,58.573,0.078,0.043,0.288,292170.0
西藏城投,600773,2025-10-24,11.13,11.1,11.26,11.09,130571,145762560.0,1.52,-0.72,-0.08,1.37,11.092,11.057,10.862,10.915,11.091,11.037,10.961,10.782,55.642,0.08,0.05,0.28,161599.0
西藏城投,600773,2025-10-27,11.1,10.98,11.16,10.98,116133,127959555.0,1.62,-1.08,-0.12,1.22,11.086,11.046,10.872,10.909,11.054,11.026,10.963,10.789,51.482,0.071,0.054,0.273,45466.0
西藏城投,600773,2025-10-28,10.98,11.04,11.15,10.93,89540,98988446.0,2.0,0.55,0.06,0.94,11.068,11.049,10.891,10.907,11.049,11.029,10.97,10.797,53.359,0.068,0.057,0.269,135006.0
西藏城投,600773,2025-10-29,11.04,11.36,11.51,11.0,255338,288446126.0,4.62,2.9,0.32,2.68,11.132,11.08,10.94,10.908,11.153,11.089,11.008,10.815,61.842,0.091,0.064,0.286,390344.0
西藏城投,600773,2025-10-30,11.5,12.5,12.5,11.37,557176,668805038.0,9.95,10.04,1.14,5.86,11.396,11.236,11.037,10.932,11.602,11.346,11.15,10.871,77.525,0.198,0.091,0.347,947520.0
西藏城投,600773,2025-10-31,12.39,12.35,12.64,11.96,580326,712091851.0,5.44,-1.2,-0.15,6.1,11.646,11.369,11.134,10.956,11.851,11.528,11.264,10.919,73.258,0.268,0.126,0.371,367194.0
西藏城投,600773,2025-11-03,12.26,12.41,12.48,12.09,272791,336019591.0,3.16,0.49,0.06,2.87,11.932,11.509,11.233,10.985,12.038,11.689,11.373,10.968,73.878,0.325,0.166,0.372,639985.0
西藏城投,600773,2025-11-04,12.38,12.62,12.98,12.28,348879,441991801.0,5.64,1.69,0.21,3.67,12.248,11.658,11.332,11.016,12.232,11.858,11.492,11.022,75.975,0.382,0.209,0.396,988864.0
西藏城投,600773,2025-11-05,12.33,12.58,12.59,12.22,214773,266289485.0,2.93,-0.32,-0.04,2.26,12.492,11.812,11.421,11.047,12.348,11.989,11.595,11.073,74.744,0.42,0.251,0.396,774091.0
西藏城投,600773,2025-11-06,12.5,12.75,12.87,12.45,240763,305507269.0,3.34,1.35,0.17,2.53,12.542,11.969,11.513,11.083,12.482,12.127,11.705,11.128,76.487,0.458,0.293,0.398,1014854.0
西藏城投,600773,2025-11-07,12.74,12.85,12.95,12.58,216739,276953848.0,2.9,0.78,0.1,2.28,12.642,12.144,11.6,11.12,12.605,12.259,11.814,11.185,77.473,0.49,0.332,0.396,1231593.0
西藏城投,600773,2025-11-10,12.93,12.8,13.45,12.62,318627,414608984.0,6.46,-0.39,-0.05,3.35,12.72,12.326,11.686,11.154,12.67,12.357,11.908,11.238,75.763,0.506,0.367,0.427,912966.0
西藏城投,600773,2025-11-11,12.78,12.7,13.07,12.65,210541,269989909.0,3.28,-0.78,-0.1,2.21,12.736,12.492,11.77,11.181,12.68,12.42,11.984,11.286,72.326,0.505,0.395,0.426,702425.0
西藏城投,600773,2025-11-12,12.63,12.85,12.94,12.42,182438,231544157.0,4.09,1.18,0.15,1.92,12.79,12.641,11.86,11.213,12.737,12.498,12.066,11.337,74.216,0.51,0.418,0.433,884863.0
西藏城投,600773,2025-11-13,12.8,13.33,13.76,12.72,365039,486229217.0,8.09,3.74,0.48,3.84,12.906,12.724,11.98,11.254,12.934,12.649,12.187,11.402,79.127,0.547,0.444,0.476,1249902.0
西藏城投,600773,2025-11-14,13.18,13.0,13.38,12.85,228877,297768904.0,3.98,-2.48,-0.33,2.41,12.936,12.789,12.079,11.292,12.956,12.713,12.264,11.455,69.347,0.543,0.463,0.48,1021025.0
西藏城投,600773,2025-11-17,13.1,14.25,14.3,13.02,615111,854406505.0,9.85,9.62,1.25,6.46,13.226,12.973,12.241,11.35,13.387,12.992,12.453,11.546,79.622,0.633,0.497,0.539,1636136.0
西藏城投,600773,2025-11-18,14.32,13.56,14.72,13.48,518725,726494297.0,8.7,-4.84,-0.69,5.45,13.398,13.067,12.362,11.387,13.445,13.096,12.559,11.612,66.393,0.642,0.526,0.589,1117411.0
西藏城投,600773,2025-11-19,13.62,13.84,14.07,13.48,373391,514223196.0,4.35,2.06,0.28,3.92,13.596,13.193,12.502,11.423,13.577,13.231,12.681,11.685,68.668,0.664,0.554,0.589,1490802.0
西藏城投,600773,2025-11-20,13.84,14.37,14.9,13.55,532227,759374493.0,9.75,3.83,0.53,5.59,13.804,13.355,12.662,11.472,13.841,13.438,12.842,11.773,72.467,0.716,0.586,0.643,2023029.0
西藏城投,600773,2025-11-21,13.69,12.93,13.76,12.93,473126,622010169.0,5.78,-10.02,-1.44,4.97,13.79,13.363,12.753,11.501,13.537,13.346,12.85,11.811,53.489,0.633,0.596,0.7,1549903.0
西藏城投,600773,2025-11-24,13.02,13.0,13.13,12.47,282267,360789715.0,5.1,0.54,0.07,2.97,13.54,13.383,12.854,11.533,13.358,13.283,12.864,11.85,54.118,0.567,0.59,0.697,1832170.0
西藏城投,600773,2025-11-25,12.99,12.99,13.19,12.8,283760,369177151.0,3.0,-0.08,-0.01,2.98,13.426,13.412,12.952,11.563,13.236,13.23,12.876,11.888,54.006,0.508,0.573,0.675,1548410.0
西藏城投,600773,2025-11-26,13.07,12.73,13.13,12.65,231796,298348733.0,3.7,-2.0,-0.26,2.44,13.204,13.4,13.02,11.591,13.067,13.139,12.862,11.915,51.039,0.435,0.546,0.661,1316614.0
西藏城投,600773,2025-11-27,12.7,12.67,12.98,12.64,156758,200237104.0,2.67,-0.47,-0.06,1.65,12.864,13.334,13.029,11.624,12.935,13.054,12.844,11.94,50.351,0.368,0.51,0.638,1159856.0
西藏城投,600773,2025-11-28,12.61,13.07,13.31,12.61,224795,291708468.0,5.52,3.16,0.4,2.36,12.892,13.341,13.065,11.662,12.98,13.057,12.866,11.977,54.729,0.343,0.477,0.643,1384651.0
西藏城投,600773,2025-12-01,13.2,13.57,13.82,13.14,243734,330913792.0,5.2,3.83,0.5,2.56,13.006,13.273,13.123,11.709,13.177,13.15,12.933,12.029,59.533,0.36,0.453,0.65,1628385.0
西藏城投,600773,2025-12-02,13.49,12.89,13.5,12.87,217396,283653748.0,4.64,-5.01,-0.68,2.28,12.986,13.206,13.136,11.745,13.081,13.103,12.929,12.057,51.525,0.315,0.426,0.654,1410989.0
西藏城投,600773,2025-12-03,12.93,12.39,13.0,12.31,195060,244042270.0,5.35,-3.88,-0.5,2.05,12.918,13.061,13.127,11.774,12.851,12.973,12.877,12.068,46.565,0.236,0.388,0.657,1215929.0
西藏城投,600773,2025-12-04,12.41,12.43,12.8,12.34,147831,185098717.0,3.71,0.32,0.04,1.55,12.87,12.867,13.111,11.807,12.71,12.874,12.835,12.08,47.005,0.174,0.345,0.643,1363760.0
西藏城投,600773,2025-12-05,12.39,12.44,12.53,12.26,91177,113082513.0,2.17,0.08,0.01,0.96,12.744,12.818,13.09,11.834,12.62,12.795,12.797,12.092,47.122,0.125,0.301,0.616,1454937.0
西藏城投,600773,2025-12-08,12.53,12.34,12.54,12.19,122879,151774099.0,2.81,-0.8,-0.1,1.29,12.498,12.752,13.067,11.854,12.527,12.713,12.754,12.1,46.027,0.077,0.256,0.597,1332058.0
西藏城投,600773,2025-12-09,12.2,12.0,12.3,11.86,138414,166557649.0,3.57,-2.76,-0.34,1.45,12.32,12.653,13.032,11.871,12.351,12.583,12.682,12.097,42.417,0.012,0.207,0.589,1193644.0
西藏城投,600773,2025-12-10,11.9,11.92,12.0,11.72,114127,135385390.0,2.33,-0.67,-0.08,1.2,12.226,12.572,12.986,11.885,12.207,12.462,12.609,12.091,41.591,-0.046,0.157,0.567,1079517.0
西藏城投,600773,2025-12-11,11.95,11.78,12.07,11.76,102635,121932154.0,2.6,-1.17,-0.14,1.08,12.096,12.483,12.908,11.901,12.065,12.338,12.53,12.081,40.117,-0.102,0.105,0.548,976882.0
西藏城投,600773,2025-12-12,11.9,11.55,12.05,11.53,139264,163936282.0,4.41,-1.95,-0.23,1.46,11.918,12.331,12.836,11.911,11.893,12.195,12.437,12.063,37.752,-0.163,0.051,0.546,837618.0
西藏城投,600773,2025-12-15,11.5,11.56,11.65,11.4,114292,131676464.0,2.16,0.09,0.01,1.2,11.762,12.13,12.702,11.919,11.782,12.08,12.353,12.047,37.923,-0.209,-0.001,0.525,951910.0
西藏城投,600773,2025-12-16,11.64,11.51,11.65,11.28,117474,134125416.0,3.2,-0.43,-0.05,1.23,11.664,11.992,12.599,11.927,11.691,11.976,12.273,12.029,37.369,-0.246,-0.05,0.514,834436.0
西藏城投,600773,2025-12-17,11.68,12.15,12.25,11.68,267873,321063347.0,4.95,5.56,0.64,2.82,11.71,11.968,12.514,11.947,11.844,12.008,12.261,12.033,47.869,-0.221,-0.084,0.53,1102309.0
西藏城投,600773,2025-12-18,12.03,11.89,12.23,11.88,125219,150624025.0,2.88,-2.14,-0.26,1.32,11.732,11.914,12.39,11.964,11.86,11.986,12.226,12.029,44.598,-0.22,-0.111,0.517,977090.0
西藏城投,600773,2025-12-19,11.9,12.23,12.34,11.72,201661,243749060.0,5.21,2.86,0.34,2.12,11.868,11.893,12.355,11.99,11.983,12.031,12.226,12.035,49.461,-0.189,-0.127,0.525,1178751.0
西藏城投,600773,2025-12-22,12.34,12.53,12.55,12.34,26057,32467443.0,1.72,2.45,0.3,0.27,12.062,11.912,12.332,12.019,12.165,12.121,12.255,12.051,53.352,-0.139,-0.129,0.51,1204808.0
明泰铝业,601677,2025-01-02,11.77,11.58,11.88,11.5,191051,228747257.0,3.23,-1.53,-0.18,1.6,,,,,,,,,,,,,191051.0
明泰铝业,601677,2025-01-03,11.56,11.58,11.92,11.51,232499,278432255.0,3.54,0.0,0.0,1.95,,,,,,,,,,,,,191051.0
明泰铝业,601677,2025-01-06,11.55,11.61,11.84,11.4,260126,309443483.0,3.8,0.26,0.03,2.18,,,,,,,,,,,,,451177.0
明泰铝业,601677,2025-01-07,11.64,11.68,11.7,11.47,146098,173466954.0,1.98,0.6,0.07,1.23,,,,,,,,,,,,,597275.0
明泰铝业,601677,2025-01-08,11.65,11.47,11.65,11.3,186607,218062872.0,3.0,-1.8,-0.21,1.56,11.584,,,,11.584,,,,,,,,410668.0
明泰铝业,601677,2025-01-09,11.4,11.65,11.78,11.33,254792,301240312.0,3.92,1.57,0.18,2.14,11.598,,,,11.606,,,,,,,,665460.0
明泰铝业,601677,2025-01-10,11.66,11.54,11.87,11.51,181070,214447733.0,3.09,-0.94,-0.11,1.52,11.59,,,,11.584,,,,,,,,484390.0
明泰铝业,601677,2025-01-13,11.43,11.98,12.03,11.38,387728,468723429.0,5.63,3.81,0.44,3.25,11.664,,,,11.716,,,,,,,,872118.0
明泰铝业,601677,2025-01-14,12.09,12.11,12.11,11.91,275439,337923311.0,1.67,1.09,0.13,2.31,11.75,,,,11.847,,,,,,,,1147557.0
明泰铝业,601677,2025-01-15,12.06,11.96,12.13,11.91,166058,202739741.0,1.82,-1.24,-0.15,1.39,11.848,11.716,,,11.885,11.716,,,,,,,981499.0
明泰铝业,601677,2025-01-16,12.01,12.11,12.17,11.97,205391,252667354.0,1.67,1.25,0.15,1.72,11.94,11.769,,,11.96,11.788,,,,,,,1186890.0
明泰铝业,601677,2025-01-17,12.13,12.12,12.16,12.0,157188,193735866.0,1.32,0.08,0.01,1.32,12.056,11.823,,,12.013,11.848,,,,,,,1344078.0
明泰铝业,601677,2025-01-20,12.17,12.08,12.22,12.03,139495,172205214.0,1.57,-0.33,-0.04,1.17,12.076,11.87,,,12.036,11.89,,,,,,,1204583.0
明泰铝业,601677,2025-01-21,12.12,12.11,12.14,12.01,113012,139156807.0,1.08,0.25,0.03,0.95,12.076,11.913,,,12.06,11.93,,,,,,,1317595.0
明泰铝业,601677,2025-01-22,12.11,12.2,12.31,12.02,201157,249413056.0,2.39,0.74,0.09,1.69,12.124,11.986,,,12.107,11.979,,,68.902,,,0.309,1518752.0
明泰铝业,601677,2025-01-23,12.31,12.08,12.37,12.08,191379,237897271.0,2.38,-0.98,-0.12,1.6,12.118,12.029,,,12.098,11.998,,,63.87,,,0.307,1327373.0
明泰铝业,601677,2025-01-24,12.14,12.15,12.16,12.04,157563,194298459.0,0.99,0.58,0.07,1.32,12.124,12.09,,,12.115,12.025,,,65.455,,,0.294,1484936.0
明泰铝业,601677,2025-01-27,12.13,12.13,12.27,12.1,130431,161851796.0,1.4,-0.16,-0.02,1.09,12.134,12.105,,,12.12,12.044,,,64.583,,,0.285,1354505.0
明泰铝业,601677,2025-02-05,12.19,11.82,12.21,11.76,262919,318943074.0,3.71,-2.56,-0.31,2.2,12.076,12.076,,,12.02,12.004,,,52.836,,,0.297,1091586.0
明泰铝业,601677,2025-02-06,11.79,11.92,11.92,11.78,126199,152472884.0,1.18,0.85,0.1,1.06,12.02,12.072,11.894,,11.987,11.988,11.894,,55.639,,,0.286,1217785.0
明泰铝业,601677,2025-02-07,11.92,12.04,12.12,11.84,219969,268968189.0,2.35,1.01,0.12,1.84,12.012,12.065,11.917,,12.005,11.998,11.908,,58.803,,,0.285,1437754.0
明泰铝业,601677,2025-02-10,12.09,12.1,12.26,12.01,215224,266061645.0,2.08,0.5,0.06,1.8,12.002,12.063,11.943,,12.036,12.016,11.926,,60.327,,,0.283,1652978.0
明泰铝业,601677,2025-02-11,12.06,12.12,12.2,12.06,147004,181359908.0,1.16,0.17,0.02,1.23,12.0,12.067,11.968,,12.064,12.035,11.945,,60.847,,,0.272,1799982.0
明泰铝业,601677,2025-02-12,12.07,12.0,12.11,11.88,188950,230330421.0,1.9,-0.99,-0.12,1.58,12.036,12.056,11.984,,12.043,12.029,11.95,,56.097,,,0.27,1611032.0
明泰铝业,601677,2025-02-13,11.98,11.97,12.12,11.96,171059,209447661.0,1.33,-0.25,-0.03,1.43,12.046,12.033,12.009,,12.019,12.018,11.952,,54.942,,,0.262,1439973.0
明泰铝业,601677,2025-02-14,11.94,12.05,12.08,11.92,156648,191585468.0,1.34,0.67,0.08,1.31,12.048,12.03,12.029,,12.029,12.024,11.961,,57.457,,,0.255,1596621.0
明泰铝业,601677,2025-02-17,12.03,11.81,12.04,11.76,275957,333104102.0,2.32,-1.99,-0.24,2.31,11.99,11.996,12.043,,11.956,11.985,11.947,,48.679,,,0.257,1320664.0
明泰铝业,601677,2025-02-18,11.78,11.78,11.89,11.74,179957,216420756.0,1.27,-0.25,-0.03,1.51,11.922,11.961,12.033,,11.897,11.948,11.931,,47.699,,,0.25,1140707.0
明泰铝业,601677,2025-02-19,11.76,11.87,11.97,11.75,168619,203661386.0,1.87,0.76,0.09,1.41,11.896,11.966,12.021,,11.888,11.934,11.925,,50.895,,,0.248,1309326.0
明泰铝业,601677,2025-02-20,11.86,11.87,11.91,11.75,138244,166593871.0,1.35,0.0,0.0,1.16,11.876,11.961,12.016,,11.882,11.922,11.92,,50.895,,,0.241,1309326.0
明泰铝业,601677,2025-02-21,11.87,12.38,12.48,11.86,559589,701735998.0,5.22,4.3,0.51,4.69,11.942,11.995,12.03,,12.048,12.005,11.964,,64.968,,,0.268,1868915.0
明泰铝业,601677,2025-02-24,12.4,12.29,12.47,12.21,216227,270753534.0,2.1,-0.73,-0.09,1.81,12.038,12.014,12.038,,12.129,12.057,11.995,,61.612,,,0.268,1652688.0
明泰铝业,601677,2025-02-25,12.25,12.08,12.27,12.06,167198,206781202.0,1.71,-1.71,-0.21,1.4,12.098,12.01,12.038,,12.112,12.061,12.003,,54.534,,,0.265,1485490.0
明泰铝业,601677,2025-02-26,12.12,12.35,12.43,12.12,229790,287555847.0,2.57,2.24,0.27,1.93,12.194,12.045,12.05,,12.192,12.114,12.036,,60.774,0.102,0.08,0.271,1715280.0
明泰铝业,601677,2025-02-27,12.4,12.28,12.47,12.13,185182,231185820.0,2.75,-0.57,-0.07,1.55,12.276,12.076,12.054,,12.221,12.144,12.059,,58.531,0.109,0.086,0.276,1530098.0
明泰铝业,601677,2025-02-28,12.23,12.04,12.28,12.03,175243,216171970.0,2.04,-1.95,-0.24,1.47,12.208,12.075,12.052,,12.161,12.125,12.057,,51.512,0.093,0.087,0.274,1354855.0
明泰铝业,601677,2025-03-03,12.06,12.19,12.35,12.06,201844,251624937.0,2.41,1.25,0.15,1.69,12.188,12.113,12.054,,12.17,12.137,12.07,,55.134,0.092,0.088,0.277,1556699.0
明泰铝业,601677,2025-03-04,12.2,12.26,12.3,12.16,127470,158946714.0,1.15,0.57,0.07,1.07,12.224,12.161,12.061,,12.2,12.159,12.088,,56.757,0.096,0.09,0.267,1684169.0
明泰铝业,601677,2025-03-05,12.26,12.62,12.67,12.09,378777,480445733.0,4.73,2.94,0.36,3.18,12.278,12.236,12.101,,12.34,12.243,12.139,,63.975,0.126,0.097,0.289,2062946.0
明泰铝业,601677,2025-03-06,12.77,12.55,12.84,12.52,277475,356099798.0,2.54,-0.55,-0.07,2.33,12.332,12.304,12.132,,12.41,12.299,12.178,,61.814,0.143,0.106,0.292,1785471.0
明泰铝业,601677,2025-03-07,12.56,12.63,12.85,12.52,266596,344392786.0,2.63,0.64,0.08,2.24,12.45,12.329,12.162,,12.483,12.359,12.221,,63.338,0.161,0.117,0.294,2052067.0
明泰铝业,601677,2025-03-10,12.7,12.56,12.77,12.48,189655,242960843.0,2.3,-0.55,-0.07,1.59,12.524,12.356,12.185,,12.509,12.396,12.253,,61.042,0.168,0.127,0.294,1862412.0
明泰铝业,601677,2025-03-11,12.48,12.55,12.56,12.37,176261,223488797.0,1.51,-0.08,-0.01,1.48,12.582,12.403,12.206,,12.523,12.424,12.282,,60.704,0.17,0.136,0.287,1686151.0
明泰铝业,601677,2025-03-12,12.63,12.53,12.65,12.49,165607,211797050.0,1.27,-0.16,-0.02,1.39,12.564,12.421,12.233,,12.525,12.443,12.305,,59.988,0.169,0.143,0.278,1520544.0
明泰铝业,601677,2025-03-13,12.54,12.45,12.57,12.32,163091,206065395.0,2.0,-0.64,-0.08,1.37,12.544,12.438,12.257,,12.5,12.444,12.319,,57.086,0.159,0.146,0.276,1357453.0
明泰铝业,601677,2025-03-14,12.55,12.62,12.63,12.44,202414,258803029.0,1.53,1.37,0.17,1.7,12.542,12.496,12.285,,12.54,12.476,12.348,,61.363,0.164,0.149,0.269,1559867.0
明泰铝业,601677,2025-03-17,12.81,12.88,13.07,12.62,382525,500778715.0,3.57,2.06,0.26,3.21,12.606,12.565,12.339,,12.653,12.55,12.398,,66.812,0.186,0.157,0.282,1942392.0
明泰铝业,601677,2025-03-18,12.88,12.97,13.17,12.82,272605,360393906.0,2.72,0.7,0.09,2.29,12.69,12.636,12.398,,12.759,12.626,12.453,,68.469,0.208,0.167,0.287,2214997.0
明泰铝业,601677,2025-03-19,12.93,13.01,13.04,12.83,232927,306564642.0,1.62,0.31,0.04,1.95,12.786,12.675,12.455,,12.843,12.696,12.506,,69.205,0.227,0.179,0.282,2447924.0
明泰铝业,601677,2025-03-20,13.02,12.91,13.09,12.87,174474,230416419.0,1.69,-0.77,-0.1,1.46,12.878,12.711,12.507,,12.865,12.735,12.544,,65.113,0.231,0.189,0.277,2273450.0
明泰铝业,601677,2025-03-21,12.85,12.76,13.0,12.69,180236,235397787.0,2.4,-1.16,-0.15,1.51,12.906,12.724,12.526,,12.83,12.739,12.565,,59.435,0.219,0.195,0.28,2093214.0
明泰铝业,601677,2025-03-24,12.75,13.04,13.04,12.66,320275,420562650.0,2.98,2.19,0.28,2.69,12.938,12.772,12.564,,12.9,12.794,12.61,,65.485,0.23,0.202,0.287,2413489.0
明泰铝业,601677,2025-03-25,13.09,13.0,13.3,12.91,255918,340526484.0,2.99,-0.31,-0.04,2.15,12.944,12.817,12.61,,12.933,12.831,12.647,,64.016,0.232,0.208,0.294,2157571.0
明泰铝业,601677,2025-03-26,12.96,12.96,13.22,12.92,216912,287906738.0,2.31,-0.31,-0.04,1.82,12.934,12.86,12.64,,12.942,12.855,12.677,,62.506,0.229,0.212,0.295,1940659.0
明泰铝业,601677,2025-03-27,12.89,12.81,12.94,12.7,167415,218144971.0,1.85,-1.16,-0.15,1.4,12.914,12.896,12.667,,12.898,12.847,12.69,,57.07,0.211,0.212,0.292,1773244.0
明泰铝业,601677,2025-03-28,12.77,12.8,12.89,12.64,219545,285187443.0,1.95,-0.08,-0.01,1.84,12.922,12.914,12.705,,12.865,12.838,12.7,,56.716,0.194,0.208,0.289,1553699.0
明泰铝业,601677,2025-03-31,12.72,12.52,12.8,12.46,197281,252718797.0,2.66,-2.19,-0.28,1.65,12.818,12.878,12.721,,12.75,12.78,12.683,,47.776,0.156,0.198,0.293,1356418.0
明泰铝业,601677,2025-04-01,12.58,12.67,12.76,12.56,128837,166026764.0,1.6,1.2,0.15,1.08,12.752,12.848,12.742,,12.724,12.76,12.682,,52.129,0.137,0.186,0.289,1485255.0
明泰铝业,601677,2025-04-02,12.6,12.58,12.73,12.55,106566,136829675.0,1.42,-0.71,-0.09,0.89,12.676,12.805,12.74,,12.676,12.728,12.672,,49.465,0.113,0.171,0.281,1378689.0
明泰铝业,601677,2025-04-03,12.5,12.4,12.52,12.33,154180,194779760.0,1.51,-1.43,-0.18,1.29,12.594,12.754,12.732,12.253,12.584,12.668,12.646,12.253,44.56,0.079,0.153,0.279,1224509.0
明泰铝业,601677,2025-04-07,11.73,11.14,11.78,11.14,346197,399320593.0,5.16,-10.16,-1.26,2.9,12.262,12.592,12.658,12.246,12.103,12.39,12.503,12.217,25.499,-0.05,0.112,0.349,878312.0
明泰铝业,601677,2025-04-08,11.25,11.13,11.33,10.94,296669,335570447.0,3.5,-0.09,-0.01,2.49,11.984,12.401,12.586,12.238,11.778,12.161,12.372,12.181,25.406,-0.151,0.06,0.352,581643.0
明泰铝业,601677,2025-04-09,10.94,11.02,11.16,10.47,268929,296582047.0,6.2,-0.99,-0.11,2.26,11.654,12.203,12.51,12.228,11.526,11.954,12.243,12.143,24.355,-0.237,0.0,0.376,312714.0
明泰铝业,601677,2025-04-10,11.24,11.2,11.41,11.19,198098,228032111.0,2.0,1.63,0.18,1.66,11.378,12.027,12.443,12.22,11.417,11.817,12.144,12.112,29.495,-0.287,-0.057,0.377,510812.0
明泰铝业,601677,2025-04-11,11.18,11.12,11.24,11.01,184849,209342952.0,2.05,-0.71,-0.08,1.55,11.122,11.858,12.377,12.214,11.318,11.69,12.046,12.079,28.566,-0.33,-0.112,0.367,325963.0
明泰铝业,601677,2025-04-14,11.24,11.25,11.39,11.21,161634,185959689.0,1.62,1.17,0.13,1.36,11.144,11.703,12.308,12.208,11.295,11.61,11.971,12.052,32.297,-0.349,-0.159,0.36,487597.0
明泰铝业,601677,2025-04-15,11.25,11.22,11.31,11.11,134659,154041844.0,1.78,-0.27,-0.03,1.13,11.162,11.573,12.225,12.202,11.27,11.539,11.899,12.025,31.883,-0.362,-0.2,0.348,352938.0
明泰铝业,601677,2025-04-16,11.21,11.11,11.22,10.95,126937,143221363.0,2.41,-0.98,-0.11,1.06,11.18,11.417,12.132,12.188,11.217,11.461,11.824,11.995,30.348,-0.378,-0.235,0.343,226001.0
明泰铝业,601677,2025-04-17,11.1,11.12,11.2,11.04,82946,94295110.0,1.44,0.09,0.01,0.7,11.164,11.271,12.038,12.171,11.185,11.399,11.757,11.966,30.675,-0.384,-0.265,0.33,308947.0
明泰铝业,601677,2025-04-18,11.09,11.18,11.23,11.05,88365,100411127.0,1.62,0.54,0.06,0.74,11.176,11.149,11.952,12.158,11.183,11.359,11.702,11.94,32.715,-0.381,-0.288,0.319,397312.0
明泰铝业,601677,2025-04-21,11.18,11.41,11.42,11.11,143118,165060198.0,2.77,2.06,0.23,1.2,11.208,11.176,11.884,12.147,11.259,11.368,11.674,11.923,40.006,-0.355,-0.302,0.318,540430.0
明泰铝业,601677,2025-04-22,11.41,11.57,11.62,11.33,162605,190247832.0,2.54,1.4,0.16,1.36,11.278,11.22,11.811,12.138,11.362,11.405,11.664,11.911,44.51,-0.318,-0.305,0.316,703035.0
明泰铝业,601677,2025-04-23,11.77,11.84,12.0,11.71,295421,356472938.0,2.51,2.33,0.27,2.48,11.424,11.302,11.753,12.134,11.522,11.484,11.681,11.909,51.173,-0.264,-0.297,0.324,998456.0
明泰铝业,601677,2025-04-24,11.85,11.88,12.11,11.84,192024,233731802.0,2.28,0.34,0.04,1.61,11.576,11.37,11.698,12.13,11.641,11.556,11.7,11.908,52.09,-0.215,-0.28,0.321,1190480.0
明泰铝业,601677,2025-04-25,11.92,12.02,12.18,11.91,193571,238045974.0,2.27,1.18,0.14,1.62,11.744,11.46,11.659,12.127,11.767,11.64,11.73,11.912,55.26,-0.164,-0.257,0.319,1384051.0
明泰铝业,601677,2025-04-28,12.02,11.95,12.09,11.91,151280,184822651.0,1.5,-0.58,-0.07,1.27,11.852,11.53,11.616,12.125,11.828,11.697,11.751,11.913,53.359,-0.127,-0.231,0.309,1232771.0
明泰铝业,601677,2025-04-29,11.95,11.86,12.0,11.83,87179,105666333.0,1.42,-0.75,-0.09,0.73,11.91,11.594,11.583,12.12,11.839,11.726,11.762,11.911,50.933,-0.104,-0.205,0.299,1145592.0
明泰铝业,601677,2025-04-30,11.89,11.79,11.96,11.78,85605,103445289.0,1.52,-0.59,-0.07,0.72,11.9,11.662,11.539,12.114,11.823,11.738,11.764,11.907,49.065,-0.09,-0.182,0.291,1059987.0
明泰铝业,601677,2025-05-06,11.88,11.9,11.94,11.81,124476,150487383.0,1.1,0.93,0.11,1.04,11.904,11.74,11.505,12.115,11.848,11.767,11.777,11.907,52.042,-0.07,-0.16,0.281,1184463.0
明泰铝业,601677,2025-05-07,11.97,11.93,12.09,11.87,130792,159351878.0,1.85,0.25,0.03,1.1,11.886,11.815,11.482,12.116,11.876,11.797,11.792,11.908,52.851,-0.05,-0.138,0.276,1315255.0
明泰铝业,601677,2025-05-08,11.88,11.93,11.98,11.85,90728,110308512.0,1.09,0.0,0.0,0.76,11.882,11.867,11.521,12.114,11.894,11.821,11.805,11.909,52.851,-0.035,-0.117,0.266,1315255.0
明泰铝业,601677,2025-05-09,11.95,11.86,11.96,11.85,94649,114660486.0,0.92,-0.59,-0.07,0.79,11.882,11.896,11.558,12.11,11.882,11.828,11.81,11.907,50.543,-0.028,-0.099,0.255,1220606.0
明泰铝业,601677,2025-05-12,11.97,12.09,12.12,11.92,142051,173605585.0,1.69,1.94,0.23,1.19,11.942,11.921,11.611,12.109,11.952,11.876,11.837,11.913,57.163,-0.003,-0.08,0.255,1362657.0
明泰铝业,601677,2025-05-13,12.19,12.17,12.25,12.07,135666,167919394.0,1.49,0.66,0.08,1.14,11.996,11.95,11.66,12.112,12.024,11.929,11.869,11.921,59.209,0.022,-0.06,0.25,1498323.0
明泰铝业,601677,2025-05-14,12.09,12.17,12.2,12.03,118067,145567828.0,1.4,0.0,0.0,0.99,12.044,11.965,11.712,12.115,12.073,11.973,11.897,11.93,59.209,0.042,-0.039,0.244,1498323.0
明泰铝业,601677,2025-05-15,12.13,12.0,12.18,11.98,101793,124946174.0,1.64,-1.4,-0.17,0.85,12.058,11.97,11.75,12.115,12.049,11.978,11.907,11.932,52.975,0.043,-0.023,0.241,1396530.0
明泰铝业,601677,2025-05-16,12.01,11.89,12.07,11.87,112869,137079662.0,1.67,-0.92,-0.11,0.95,12.064,11.973,11.783,12.116,11.996,11.962,11.905,11.931,49.354,0.035,-0.011,0.238,1283661.0
明泰铝业,601677,2025-05-19,11.88,11.98,12.04,11.82,117220,142615394.0,1.85,0.76,0.09,0.98,12.042,11.992,11.827,12.119,11.991,11.965,11.913,11.932,52.231,0.035,-0.002,0.237,1400881.0
明泰铝业,601677,2025-05-20,11.95,11.95,11.98,11.87,113723,138015817.0,0.92,-0.25,-0.03,0.93,11.998,11.997,11.868,12.121,11.977,11.962,11.916,11.933,51.187,0.033,0.005,0.228,1287158.0
明泰铝业,601677,2025-05-21,11.97,12.01,12.06,11.92,95291,116425296.0,1.17,0.5,0.06,0.78,11.966,12.005,11.91,12.123,11.988,11.971,11.925,11.935,53.201,0.035,0.011,0.221,1382449.0
明泰铝业,601677,2025-05-22,11.97,11.91,11.98,11.86,96368,116906026.0,1.0,-0.83,-0.1,0.79,11.948,12.003,11.935,12.115,11.962,11.96,11.924,11.934,49.533,0.029,0.015,0.216,1286081.0
明泰铝业,601677,2025-05-23,11.91,11.85,12.01,11.85,105873,128595588.0,1.34,-0.5,-0.06,0.87,11.94,12.002,11.949,12.108,11.925,11.94,11.917,11.932,47.42,0.018,0.015,0.212,1180208.0
明泰铝业,601677,2025-05-26,12.0,11.96,12.06,11.89,109673,133843128.0,1.43,0.93,0.11,0.9,11.936,11.989,11.955,12.106,11.936,11.944,11.921,11.933,51.504,0.019,0.016,0.212,1289881.0
明泰铝业,601677,2025-05-27,11.97,11.87,11.99,11.72,152304,183596597.0,2.26,-0.75,-0.09,1.25,11.92,11.959,11.954,12.098,11.914,11.93,11.916,11.931,48.205,0.012,0.015,0.216,1137577.0
明泰铝业,601677,2025-05-28,11.84,11.96,12.05,11.84,138059,168387605.0,1.77,0.76,0.09,1.13,11.91,11.938,11.951,12.092,11.93,11.936,11.92,11.932,51.547,0.014,0.015,0.216,1275636.0
明泰铝业,601677,2025-05-29,11.96,12.02,12.06,11.93,100798,123360834.0,1.09,0.5,0.06,0.83,11.932,11.94,11.955,12.092,11.96,11.951,11.93,11.934,53.693,0.02,0.016,0.21,1376434.0
明泰铝业,601677,2025-05-30,12.0,11.99,12.04,11.93,84157,102703863.0,0.92,-0.25,-0.03,0.69,11.96,11.95,11.961,12.089,11.97,11.958,11.935,11.936,52.443,0.022,0.017,0.203,1292277.0
明泰铝业,601677,2025-06-03,11.97,11.95,12.01,11.88,80339,97725197.0,1.08,-0.33,-0.04,0.66,11.958,11.947,11.969,12.084,11.963,11.957,11.937,11.937,50.746,0.02,0.018,0.197,1211938.0
明泰铝业,601677,2025-06-04,11.97,12.08,12.09,11.94,130470,159968838.0,1.26,1.09,0.13,1.07,12.0,11.96,11.978,12.075,12.002,11.979,11.95,11.941,55.756,0.028,0.02,0.194,1342408.0
明泰铝业,601677,2025-06-05,12.07,11.96,12.15,11.92,128048,156147452.0,1.9,-0.99,-0.12,1.05,12.0,11.955,11.98,12.065,11.988,11.976,11.951,11.942,50.636,0.025,0.021,0.197,1214360.0
明泰铝业,601677,2025-06-06,11.96,11.94,12.04,11.93,95195,116038448.0,0.92,-0.17,-0.02,0.78,11.984,11.958,11.98,12.053,11.972,11.969,11.95,11.942,49.814,0.021,0.021,0.19,1119165.0
明泰铝业,601677,2025-06-09,11.95,11.97,12.0,11.89,117394,142898581.0,0.92,0.25,0.03,0.96,11.98,11.97,11.986,12.044,11.971,11.969,11.952,11.943,51.096,0.02,0.021,0.185,1236559.0
明泰铝业,601677,2025-06-10,11.97,11.94,12.04,11.86,167385,203770726.0,1.5,-0.25,-0.03,1.37,11.978,11.968,11.978,12.033,11.961,11.964,11.951,11.943,49.728,0.016,0.02,0.184,1069174.0
明泰铝业,601677,2025-06-11,11.92,12.11,12.16,11.91,245046,301661333.0,2.09,1.42,0.17,2.01,11.984,11.992,11.975,12.026,12.011,11.991,11.966,11.948,56.785,0.027,0.021,0.189,1314220.0
明泰铝业,601677,2025-06-12,12.12,12.21,12.23,12.03,142046,175695372.0,1.65,0.83,0.1,1.17,12.034,12.017,11.977,12.022,12.077,12.03,11.989,11.957,60.314,0.043,0.026,0.19,1456266.0
明泰铝业,601677,2025-06-13,12.2,12.12,12.31,12.07,127668,157827232.0,1.97,-0.74,-0.09,1.05,12.07,12.027,11.983,12.014,12.091,12.047,12.002,11.962,55.89,0.048,0.03,0.193,1328598.0
明泰铝业,601677,2025-06-16,12.09,12.06,12.16,12.02,119661,147149137.0,1.16,-0.5,-0.06,0.98,12.088,12.034,11.992,12.0,12.081,12.049,12.007,11.965,53.094,0.046,0.033,0.19,1208937.0
明泰铝业,601677,2025-06-17,12.03,12.06,12.1,12.01,92950,114019466.0,0.75,0.0,0.0,0.76,12.112,12.045,11.996,11.985,12.074,12.051,12.012,11.968,53.094,0.044,0.035,0.182,1208937.0
明泰铝业,601677,2025-06-18,12.04,12.09,12.1,11.92,116663,142791897.0,1.49,0.25,0.03,0.96,12.108,12.046,12.003,11.97,12.079,12.058,12.02,11.972,54.417,0.045,0.037,0.182,1325600.0
明泰铝业,601677,2025-06-19,12.05,11.91,12.06,11.86,130084,158057009.0,1.65,-1.49,-0.18,1.07,12.048,12.041,11.998,11.953,12.023,12.031,12.009,11.97,46.032,0.03,0.036,0.186,1195516.0
明泰铝业,601677,2025-06-20,11.91,11.91,11.99,11.89,107324,130505228.0,0.84,0.0,0.0,0.88,12.006,12.038,11.998,11.939,11.985,12.009,12.0,11.968,46.032,0.019,0.032,0.18,1195516.0
明泰铝业,601677,2025-06-23,11.86,11.87,11.93,11.84,94854,114723809.0,0.76,-0.34,-0.04,0.78,11.968,12.028,11.999,11.92,11.947,11.984,11.987,11.965,44.274,0.006,0.027,0.173,1100662.0
明泰铝业,601677,2025-06-24,11.91,12.03,12.05,11.87,129608,158387197.0,1.52,1.35,0.16,1.06,11.962,12.037,12.003,11.903,11.975,11.992,11.992,11.967,52.147,0.009,0.024,0.174,1230270.0
明泰铝业,601677,2025-06-25,12.06,12.15,12.16,12.04,122426,149260499.0,1.0,1.0,0.12,1.01,11.974,12.041,12.016,11.89,12.033,12.021,12.007,11.973,57.048,0.021,0.023,0.171,1352696.0
明泰铝业,601677,2025-06-26,12.15,12.27,12.38,12.12,184098,227874838.0,2.14,0.99,0.12,1.51,12.046,12.047,12.032,11.881,12.112,12.066,12.032,11.983,61.315,0.039,0.026,0.177,1536794.0
明泰铝业,601677,2025-06-27,12.35,12.41,12.58,12.31,264580,332534039.0,2.2,1.14,0.14,2.17,12.146,12.076,12.052,11.874,12.211,12.129,12.068,11.997,65.608,0.064,0.034,0.186,1801374.0
明泰铝业,601677,2025-06-30,12.46,12.32,12.49,12.27,186381,231813799.0,1.77,-0.73,-0.09,1.53,12.236,12.102,12.068,11.871,12.248,12.164,12.092,12.008,60.927,0.076,0.042,0.189,1614993.0
明泰铝业,601677,2025-07-01,12.34,12.39,12.4,12.22,138738,172137046.0,1.46,0.57,0.07,1.14,12.308,12.135,12.09,11.866,12.295,12.205,12.12,12.02,63.131,0.09,0.052,0.188,1753731.0
明泰铝业,601677,2025-07-02,12.4,12.49,12.65,12.33,216122,272373216.0,2.58,0.81,0.1,1.77,12.376,12.175,12.11,11.865,12.36,12.257,12.155,12.036,66.074,0.108,0.063,0.198,1969853.0
明泰铝业,601677,2025-07-03,12.51,12.45,12.57,12.36,229000,286928584.0,1.68,-0.32,-0.04,1.88,12.412,12.229,12.135,11.866,12.39,12.292,12.183,12.049,63.877,0.118,0.074,0.198,1740853.0
明泰铝业,601677,2025-07-04,12.44,12.33,12.46,12.31,155011,193287089.0,1.2,-0.96,-0.12,1.27,12.396,12.271,12.154,11.886,12.37,12.299,12.197,12.058,57.682,0.114,0.082,0.195,1585842.0
明泰铝业,601677,2025-07-07,12.32,12.36,12.37,12.28,157298,195538033.0,0.73,0.24,0.03,1.29,12.404,12.32,12.174,11.906,12.367,12.31,12.213,12.068,58.759,0.113,0.088,0.188,1743140.0
明泰铝业,601677,2025-07-08,12.36,12.48,12.51,12.36,147062,184517086.0,1.21,0.97,0.12,1.21,12.422,12.365,12.201,11.93,12.404,12.341,12.238,12.082,62.833,0.12,0.095,0.185,1890202.0
明泰铝业,601677,2025-07-09,12.5,12.34,12.54,12.32,166480,208230892.0,1.76,-1.12,-0.14,1.37,12.392,12.384,12.213,11.949,12.383,12.341,12.248,12.09,55.895,0.113,0.098,0.187,1723722.0
明泰铝业,601677,2025-07-10,12.33,12.48,12.5,12.33,178282,223422464.0,1.38,1.13,0.14,1.46,12.398,12.405,12.226,11.972,12.415,12.366,12.27,12.103,60.582,0.117,0.102,0.186,1902004.0
明泰铝业,601677,2025-07-11,12.51,12.57,12.68,12.45,222289,281983222.0,1.84,0.72,0.09,1.83,12.446,12.421,12.248,11.994,12.467,12.403,12.299,12.118,63.284,0.127,0.107,0.189,2124293.0
明泰铝业,601677,2025-07-14,12.58,12.55,12.69,12.55,168538,214061394.0,1.11,-0.16,-0.02,1.38,12.484,12.444,12.273,12.016,12.495,12.43,12.323,12.132,62.263,0.131,0.112,0.186,1955755.0
明泰铝业,601677,2025-07-15,12.55,12.46,12.6,12.42,145867,183814917.0,1.43,-0.72,-0.09,1.2,12.48,12.451,12.293,12.039,12.483,12.435,12.336,12.143,57.747,0.126,0.115,0.185,1809888.0
明泰铝业,601677,2025-07-16,12.44,12.42,12.49,12.36,163431,204521944.0,1.04,-0.32,-0.04,1.34,12.496,12.444,12.31,12.06,12.462,12.433,12.344,12.152,55.81,0.117,0.115,0.181,1646457.0
明泰铝业,601677,2025-07-17,12.42,12.32,12.44,12.3,253706,315761677.0,1.13,-0.81,-0.1,2.08,12.464,12.431,12.33,12.079,12.415,12.412,12.341,12.158,51.186,0.1,0.112,0.178,1392751.0
明泰铝业,601677,2025-07-18,12.35,12.42,12.55,12.34,408259,511443085.0,1.7,0.81,0.1,3.35,12.434,12.44,12.356,12.096,12.416,12.413,12.349,12.166,55.185,0.095,0.109,0.182,1801010.0
明泰铝业,601677,2025-07-21,12.54,12.7,12.76,12.53,371502,472742214.0,1.85,2.25,0.28,3.05,12.464,12.474,12.397,12.115,12.511,12.466,12.382,12.184,64.061,0.111,0.109,0.193,2172512.0
明泰铝业,601677,2025-07-22,12.7,12.86,12.86,12.59,315997,405404415.0,2.13,1.26,0.16,2.59,12.544,12.512,12.438,12.132,12.627,12.537,12.428,12.206,67.965,0.136,0.114,0.199,2488509.0
明泰铝业,601677,2025-07-23,12.87,12.71,12.9,12.69,292192,376094519.0,1.63,-1.17,-0.15,2.4,12.602,12.549,12.466,12.146,12.655,12.569,12.455,12.223,61.247,0.142,0.12,0.2,2196317.0
明泰铝业,601677,2025-07-24,12.7,12.97,12.97,12.61,346888,449092065.0,2.83,2.05,0.26,2.85,12.732,12.598,12.501,12.162,12.76,12.642,12.504,12.247,67.284,0.165,0.129,0.211,2543205.0
明泰铝业,601677,2025-07-25,12.96,12.9,13.11,12.89,265033,346611221.0,1.7,-0.54,-0.07,2.18,12.828,12.631,12.526,12.178,12.807,12.689,12.542,12.268,64.376,0.176,0.138,0.212,2278172.0
明泰铝业,601677,2025-07-28,12.87,12.75,12.87,12.7,256360,330055989.0,1.32,-1.16,-0.15,2.1,12.838,12.651,12.548,12.192,12.788,12.7,12.561,12.284,58.539,0.171,0.145,0.211,2021812.0
明泰铝业,601677,2025-07-29,12.72,12.77,12.78,12.64,186067,238348937.0,1.1,0.16,0.02,1.53,12.82,12.682,12.567,12.209,12.782,12.713,12.581,12.3,59.072,0.166,0.149,0.206,2207879.0
明泰铝业,601677,2025-07-30,12.77,12.63,12.81,12.57,388113,496525459.0,1.88,-1.1,-0.14,3.19,12.804,12.703,12.574,12.221,12.731,12.698,12.586,12.311,53.854,0.15,0.149,0.208,1819766.0
明泰铝业,601677,2025-07-31,12.58,12.26,12.63,12.21,445166,553894138.0,3.33,-2.93,-0.37,3.65,12.662,12.697,12.564,12.226,12.574,12.618,12.555,12.309,43.034,0.105,0.141,0.223,1374600.0
明泰铝业,601677,2025-08-01,12.21,12.28,12.36,12.21,163019,202113308.0,1.22,0.16,0.02,1.34,12.538,12.683,12.561,12.232,12.476,12.557,12.529,12.308,43.693,0.071,0.127,0.218,1537619.0
明泰铝业,601677,2025-08-04,12.28,12.46,12.48,12.27,185458,231039148.0,1.71,1.47,0.18,1.52,12.48,12.659,12.567,12.242,12.471,12.539,12.522,12.313,49.366,0.058,0.113,0.218,1723077.0
明泰铝业,601677,2025-08-05,12.45,12.6,12.65,12.41,207647,263344808.0,1.93,1.12,0.14,1.7,12.446,12.633,12.573,12.251,12.514,12.55,12.53,12.323,53.306,0.058,0.102,0.219,1930724.0
明泰铝业,601677,2025-08-06,12.59,12.62,12.68,12.56,148219,188522304.0,0.95,0.16,0.02,1.22,12.444,12.624,12.586,12.258,12.549,12.563,12.538,12.332,53.859,0.059,0.093,0.212,2078943.0
明泰铝业,601677,2025-08-07,12.69,12.7,12.77,12.53,214493,273450827.0,1.9,0.63,0.08,1.76,12.532,12.597,12.598,12.267,12.599,12.588,12.554,12.345,56.096,0.066,0.088,0.214,2293436.0
明泰铝业,601677,2025-08-08,12.67,12.92,12.95,12.64,371559,480932814.0,2.44,1.73,0.22,3.05,12.66,12.599,12.615,12.282,12.706,12.648,12.588,12.363,61.61,0.087,0.088,0.221,2664995.0
明泰铝业,601677,2025-08-11,12.95,13.03,13.07,12.83,290593,379834075.0,1.86,0.85,0.11,2.39,12.774,12.627,12.639,12.301,12.814,12.718,12.631,12.385,64.041,0.112,0.093,0.222,2955588.0
明泰铝业,601677,2025-08-12,13.01,12.98,13.07,12.92,215724,282486010.0,1.15,-0.38,-0.05,1.77,12.85,12.648,12.665,12.318,12.869,12.765,12.664,12.405,62.115,0.127,0.099,0.217,2739864.0
明泰铝业,601677,2025-08-13,12.99,13.3,13.36,12.99,419435,558794876.0,2.85,2.47,0.32,3.44,12.986,12.715,12.709,12.341,13.013,12.863,12.724,12.434,68.62,0.162,0.112,0.229,3159299.0
明泰铝业,601677,2025-08-14,13.27,13.16,13.35,13.11,297249,395861243.0,1.8,-1.05,-0.14,2.44,13.078,12.805,12.751,12.36,13.062,12.917,12.766,12.458,63.484,0.176,0.125,0.23,2862050.0
明泰铝业,601677,2025-08-15,13.13,14.07,14.25,13.13,731531,1021247507.0,8.51,6.91,0.91,6.01,13.308,12.984,12.834,12.396,13.398,13.126,12.89,12.511,76.037,0.258,0.152,0.293,3593581.0
明泰铝业,601677,2025-08-18,13.91,13.65,14.02,13.57,673658,927369641.0,3.2,-2.99,-0.42,5.53,13.432,13.103,12.881,12.426,13.482,13.222,12.962,12.548,64.941,0.286,0.179,0.308,2919923.0
明泰铝业,601677,2025-08-19,13.6,13.66,13.74,13.49,398666,546698782.0,1.83,0.07,0.01,3.27,13.568,13.209,12.921,12.454,13.541,13.301,13.029,12.585,65.072,0.306,0.204,0.304,3318589.0
明泰铝业,601677,2025-08-20,13.59,13.69,13.85,13.54,325270,448205615.0,2.27,0.22,0.03,2.67,13.646,13.316,12.97,12.484,13.591,13.372,13.092,12.621,65.487,0.32,0.227,0.304,3643859.0
明泰铝业,601677,2025-08-21,13.79,13.62,13.82,13.55,258012,354404117.0,1.97,-0.51,-0.07,2.12,13.738,13.408,13.003,12.512,13.601,13.417,13.142,12.654,63.586,0.321,0.246,0.302,3385847.0
明泰铝业,601677,2025-08-22,13.62,13.63,13.71,13.52,266635,365020136.0,1.4,0.07,0.01,2.19,13.65,13.479,13.039,12.539,13.61,13.456,13.189,12.686,63.748,0.32,0.261,0.294,3652482.0
明泰铝业,601677,2025-08-25,13.64,13.49,13.76,13.27,774666,1053345778.0,3.6,-1.03,-0.14,6.36,13.618,13.525,13.076,12.564,13.57,13.462,13.217,12.712,59.742,0.304,0.269,0.308,2877816.0
明泰铝业,601677,2025-08-26,13.45,13.58,13.66,13.3,386454,526302376.0,2.67,0.67,0.09,3.17,13.602,13.585,13.117,12.591,13.574,13.483,13.252,12.74,61.42,0.295,0.275,0.312,3264270.0
明泰铝业,601677,2025-08-27,13.58,13.17,13.62,13.17,373701,504983294.0,3.31,-3.02,-0.41,3.07,13.498,13.572,13.144,12.609,13.439,13.426,13.244,12.755,50.992,0.252,0.27,0.321,2890569.0
明泰铝业,601677,2025-08-28,13.15,13.3,13.34,12.94,302786,401908531.0,3.04,0.99,0.13,2.49,13.434,13.586,13.196,12.632,13.393,13.403,13.249,12.772,53.677,0.226,0.261,0.327,3193355.0
明泰铝业,601677,2025-08-29,13.3,13.36,13.45,13.24,285582,384174627.0,1.58,0.45,0.06,2.34,13.38,13.515,13.25,12.655,13.382,13.396,13.26,12.792,54.906,0.208,0.251,0.319,3478937.0
明泰铝业,601677,2025-09-01,13.38,13.26,13.44,13.22,261945,350963982.0,1.65,-0.75,-0.1,2.15,13.334,13.476,13.29,12.677,13.341,13.371,13.26,12.807,52.411,0.183,0.237,0.312,3216992.0
明泰铝业,601677,2025-09-02,13.3,13.16,13.35,13.07,281368,373423407.0,2.11,-0.75,-0.1,2.31,13.25,13.426,13.318,12.697,13.281,13.333,13.25,12.819,49.966,0.154,0.22,0.309,2935624.0
明泰铝业,601677,2025-09-03,13.24,12.98,13.29,12.96,206196,271494756.0,2.51,-1.37,-0.18,1.69,13.212,13.355,13.336,12.712,13.181,13.268,13.225,12.824,45.823,0.115,0.199,0.311,2729428.0
明泰铝业,601677,2025-09-04,12.98,12.99,13.19,12.84,313041,410697791.0,2.7,0.08,0.01,2.57,13.15,13.292,13.35,12.724,13.117,13.218,13.202,12.829,46.091,0.083,0.176,0.314,3042469.0
明泰铝业,601677,2025-09-05,13.0,13.13,13.16,12.85,243764,321300679.0,2.39,1.08,0.14,2.0,13.104,13.242,13.361,12.741,13.121,13.202,13.195,12.839,49.825,0.069,0.155,0.313,3286233.0
明泰铝业,601677,2025-09-08,13.26,13.57,13.59,13.26,469798,638793689.0,2.51,3.35,0.44,3.86,13.166,13.25,13.388,12.767,13.271,13.269,13.231,12.863,59.355,0.092,0.142,0.324,3756031.0
明泰铝业,601677,2025-09-09,13.57,13.67,13.77,13.51,424455,583680364.0,1.92,0.74,0.1,3.48,13.268,13.259,13.422,12.793,13.404,13.342,13.273,12.89,61.16,0.118,0.137,0.319,4180486.0
明泰铝业,601677,2025-09-10,13.63,13.44,13.64,13.36,220922,300253084.0,2.05,-1.68,-0.23,1.81,13.36,13.286,13.429,12.816,13.416,13.36,13.289,12.908,55.098,0.117,0.133,0.319,3959564.0
明泰铝业,601677,2025-09-11,13.44,13.6,13.64,13.4,232874,318160525.0,1.79,1.19,0.16,1.91,13.482,13.316,13.451,12.844,13.477,13.403,13.318,12.93,58.202,0.129,0.132,0.313,4192438.0
明泰铝业,601677,2025-09-12,13.63,13.85,13.99,13.61,476267,664303974.0,2.79,1.84,0.25,3.91,13.626,13.365,13.44,12.876,13.602,13.485,13.369,12.961,62.557,0.156,0.137,0.319,4668705.0
明泰铝业,601677,2025-09-15,13.83,13.85,13.94,13.77,284351,396833327.0,1.23,0.0,0.0,2.33,13.682,13.424,13.45,12.909,13.684,13.551,13.415,12.99,62.557,0.176,0.145,0.308,4668705.0
明泰铝业,601677,2025-09-16,13.87,13.71,13.98,13.53,316258,435176937.0,3.25,-1.01,-0.14,2.6,13.69,13.479,13.453,12.937,13.693,13.58,13.443,13.013,58.592,0.178,0.152,0.318,4352447.0
明泰铝业,601677,2025-09-17,13.71,13.85,14.04,13.6,436436,607865881.0,3.21,1.02,0.14,3.58,13.772,13.566,13.461,12.966,13.745,13.629,13.482,13.041,61.238,0.189,0.159,0.327,4788883.0
明泰铝业,601677,2025-09-18,13.72,13.27,13.82,13.16,610518,825965203.0,4.77,-4.19,-0.58,5.01,13.706,13.594,13.443,12.982,13.587,13.564,13.462,13.048,47.653,0.149,0.157,0.353,4178365.0
明泰铝业,601677,2025-09-19,13.27,13.42,13.48,13.21,249553,336691610.0,2.03,1.13,0.15,2.05,13.62,13.623,13.433,12.999,13.531,13.538,13.458,13.06,50.699,0.128,0.151,0.347,4427918.0
明泰铝业,601677,2025-09-22,13.49,13.32,13.5,13.18,235973,315842671.0,2.38,-0.75,-0.1,1.94,13.514,13.598,13.424,13.016,13.461,13.498,13.445,13.069,48.666,0.102,0.142,0.345,4191945.0
明泰铝业,601677,2025-09-23,13.28,13.07,13.35,12.93,222950,293767113.0,3.15,-1.88,-0.25,1.83,13.386,13.538,13.399,13.027,13.331,13.42,13.409,13.069,43.924,0.061,0.125,0.35,3968995.0
明泰铝业,601677,2025-09-24,13.0,13.46,13.53,12.96,273056,365330912.0,4.36,2.98,0.39,2.24,13.308,13.54,13.413,13.043,13.374,13.427,13.414,13.082,51.812,0.059,0.112,0.366,4242051.0
明泰铝业,601677,2025-09-25,13.59,13.51,13.75,13.38,335305,457875564.0,2.75,0.37,0.05,2.75,13.356,13.531,13.424,13.061,13.419,13.442,13.423,13.096,52.73,0.061,0.102,0.366,4577356.0
明泰铝业,601677,2025-09-26,13.5,13.64,13.74,13.41,274638,377528544.0,2.44,0.96,0.13,2.25,13.4,13.51,13.438,13.083,13.493,13.478,13.444,13.114,55.125,0.072,0.096,0.364,4851994.0
明泰铝业,601677,2025-09-29,13.74,14.04,14.05,13.55,514233,718938519.0,3.67,2.93,0.4,4.22,13.544,13.529,13.477,13.111,13.675,13.58,13.5,13.144,61.573,0.112,0.099,0.373,5366227.0
明泰铝业,601677,2025-09-30,14.1,14.31,14.38,14.05,493603,709709431.0,2.35,1.92,0.27,4.05,13.792,13.589,13.534,13.141,13.887,13.713,13.577,13.182,65.208,0.163,0.112,0.371,5859830.0
明泰铝业,601677,2025-10-09,14.6,14.8,14.87,14.48,702607,1042394711.0,2.73,3.42,0.49,5.77,14.06,13.684,13.625,13.182,14.191,13.911,13.694,13.235,70.636,0.24,0.138,0.385,6562437.0
明泰铝业,601677,2025-10-10,14.6,14.65,14.78,14.46,396904,585449149.0,2.16,-1.01,-0.15,3.26,14.288,13.822,13.708,13.219,14.344,14.045,13.785,13.282,67.181,0.286,0.167,0.381,6165533.0
明泰铝业,601677,2025-10-13,14.0,14.4,14.46,13.98,395232,564343181.0,3.28,-1.71,-0.25,3.24,14.44,13.92,13.772,13.249,14.363,14.11,13.844,13.318,61.758,0.299,0.194,0.402,5770301.0
明泰铝业,601677,2025-10-14,14.56,14.25,14.91,14.17,514393,753753250.0,5.14,-1.04,-0.15,4.22,14.482,14.013,13.806,13.277,14.325,14.135,13.882,13.349,58.697,0.294,0.214,0.426,5255908.0
明泰铝业,601677,2025-10-15,14.25,14.48,14.48,14.2,289040,417903495.0,1.96,1.61,0.23,2.37,14.516,14.154,13.846,13.311,14.377,14.198,13.939,13.386,61.822,0.305,0.232,0.416,5544948.0
明泰铝业,601677,2025-10-16,14.37,14.34,14.45,14.25,240043,346432180.0,1.38,-0.97,-0.14,1.97,14.424,14.242,13.891,13.343,14.365,14.224,13.977,13.417,58.901,0.299,0.245,0.402,5304905.0
明泰铝业,601677,2025-10-17,14.4,14.25,14.71,14.21,352054,510958505.0,3.49,-0.63,-0.09,2.89,14.344,14.316,13.924,13.375,14.326,14.228,14.003,13.445,57.035,0.283,0.253,0.409,4952851.0
明泰铝业,601677,2025-10-20,14.27,14.38,14.67,14.15,353307,513416784.0,3.65,0.91,0.13,2.9,14.34,14.39,13.95,13.408,14.344,14.256,14.039,13.475,59.053,0.278,0.258,0.417,5306158.0
明泰铝业,601677,2025-10-21,14.48,14.51,14.63,14.36,293487,429062663.0,1.88,0.9,0.13,2.41,14.392,14.437,13.983,13.438,14.399,14.302,14.084,13.509,61.024,0.282,0.263,0.407,5599645.0
明泰铝业,601677,2025-10-22,14.4,14.35,14.49,14.28,223090,322899172.0,1.45,-1.1,-0.16,1.83,14.366,14.441,14.015,13.463,14.383,14.311,14.109,13.537,57.364,0.268,0.264,0.394,5376555.0
明泰铝业,601677,2025-10-23,14.4,14.68,14.69,14.31,334320,489196275.0,2.65,2.3,0.33,2.74,14.434,14.429,14.057,13.496,14.482,14.378,14.164,13.574,62.376,0.281,0.267,0.393,5710875.0
明泰铝业,601677,2025-10-24,14.75,14.6,15.0,14.51,418566,618790399.0,3.34,-0.54,-0.08,3.44,14.504,14.424,14.123,13.523,14.521,14.418,14.205,13.608,60.519,0.282,0.27,0.4,5292309.0
明泰铝业,601677,2025-10-27,14.55,14.48,14.63,14.39,365957,534512545.0,1.64,-0.82,-0.12,3.0,14.524,14.432,14.176,13.549,14.508,14.43,14.231,13.636,57.741,0.269,0.27,0.389,4926352.0
明泰铝业,601677,2025-10-28,14.42,14.29,14.62,14.23,279635,405347583.0,2.69,-1.31,-0.19,2.3,14.48,14.436,14.225,13.575,14.435,14.404,14.237,13.658,53.55,0.241,0.264,0.389,4646717.0
明泰铝业,601677,2025-10-29,14.31,14.88,15.0,14.27,582745,864421485.0,5.11,4.13,0.59,4.78,14.586,14.476,14.315,13.61,14.583,14.491,14.298,13.698,62.622,0.264,0.264,0.413,5229462.0
明泰铝业,601677,2025-10-30,14.88,15.01,15.2,14.73,490950,740110008.0,3.16,0.87,0.13,4.03,14.652,14.543,14.393,13.65,14.726,14.585,14.366,13.741,64.278,0.289,0.269,0.417,5720412.0
明泰铝业,601677,2025-10-31,15.02,14.97,15.17,14.88,359468,543526874.0,1.93,-0.27,-0.04,2.95,14.726,14.615,14.466,13.695,14.807,14.655,14.424,13.781,63.348,0.302,0.275,0.408,5360944.0
明泰铝业,601677,2025-11-03,14.98,15.25,15.26,14.71,470131,710468818.0,3.67,1.87,0.28,3.86,14.88,14.702,14.546,13.744,14.955,14.763,14.502,13.829,66.951,0.331,0.287,0.418,5831075.0
明泰铝业,601677,2025-11-04,15.29,14.82,15.51,14.75,408405,618846383.0,4.98,-2.82,-0.43,3.35,14.986,14.733,14.585,13.784,14.91,14.774,14.533,13.862,57.588,0.315,0.292,0.443,5422670.0
明泰铝业,601677,2025-11-05,14.61,14.76,14.91,14.38,384926,567336547.0,3.58,-0.4,-0.06,3.16,14.962,14.774,14.608,13.82,14.86,14.771,14.554,13.891,56.402,0.295,0.293,0.449,5037744.0
明泰铝业,601677,2025-11-06,14.78,15.39,15.8,14.7,657911,1013932857.0,7.45,4.27,0.63,5.4,15.038,14.845,14.637,13.866,15.037,14.884,14.634,13.94,64.634,0.326,0.299,0.495,5695655.0
明泰铝业,601677,2025-11-07,15.25,15.3,15.44,15.17,405289,624382190.0,1.75,-0.58,-0.09,3.33,15.104,14.915,14.67,13.909,15.124,14.959,14.697,13.985,62.81,0.339,0.307,0.479,5290366.0
明泰铝业,601677,2025-11-10,15.29,15.29,15.6,15.12,430015,663146088.0,3.14,-0.07,-0.01,3.53,15.112,14.996,14.714,13.949,15.18,15.019,14.754,14.028,62.598,0.345,0.315,0.479,4860351.0
明泰铝业,601677,2025-11-11,15.29,15.03,15.4,15.01,315745,480310216.0,2.55,-1.7,-0.26,2.59,15.154,15.07,14.753,13.982,15.13,15.021,14.78,14.061,57.206,0.325,0.317,0.473,4544606.0
明泰铝业,601677,2025-11-12,15.04,15.52,15.59,14.92,527790,816229109.0,4.46,3.26,0.49,4.33,15.306,15.134,14.805,14.024,15.26,15.112,14.85,14.109,63.574,0.345,0.323,0.487,5072396.0
明泰铝业,601677,2025-11-13,15.6,15.68,15.82,15.4,504583,792499143.0,2.71,1.03,0.16,4.14,15.364,15.201,14.872,14.064,15.4,15.215,14.929,14.16,65.385,0.369,0.332,0.482,5576979.0
明泰铝业,601677,2025-11-14,15.45,15.32,15.6,15.31,343670,534554455.0,1.85,-2.3,-0.36,2.82,15.368,15.236,14.926,14.1,15.373,15.234,14.967,14.198,58.354,0.355,0.336,0.474,5233309.0
明泰铝业,601677,2025-11-17,15.2,14.98,15.2,14.92,357092,539748303.0,1.83,-2.22,-0.34,2.93,15.306,15.209,14.956,14.115,15.242,15.188,14.968,14.224,52.601,0.313,0.332,0.469,4876217.0
明泰铝业,601677,2025-11-18,14.94,14.49,15.03,14.33,415273,609150220.0,4.67,-3.27,-0.49,3.41,15.198,15.176,14.955,14.129,14.991,15.061,14.922,14.232,45.621,0.237,0.313,0.485,4460944.0
明泰铝业,601677,2025-11-19,14.57,14.46,14.71,14.31,228771,330274104.0,2.76,-0.21,-0.03,1.88,14.986,15.146,14.96,14.143,14.814,14.952,14.878,14.24,45.225,0.173,0.285,0.479,4232173.0
明泰铝业,601677,2025-11-20,14.54,14.48,14.96,14.45,309204,453955638.0,3.53,0.14,0.02,2.54,14.746,15.055,14.95,14.156,14.703,14.866,14.84,14.248,45.564,0.122,0.252,0.482,4541377.0
明泰铝业,601677,2025-11-21,14.26,13.84,14.35,13.82,422208,591259497.0,3.66,-4.42,-0.64,3.47,14.45,14.909,14.912,14.159,14.415,14.68,14.745,14.234,37.554,0.03,0.208,0.494,4119169.0
明泰铝业,601677,2025-11-24,13.92,14.03,14.19,13.81,202118,282781040.0,2.75,1.37,0.19,1.66,14.26,14.783,14.89,14.166,14.287,14.561,14.677,14.228,40.877,-0.028,0.161,0.486,4321287.0
明泰铝业,601677,2025-11-25,14.14,14.02,14.28,14.0,218010,308368354.0,2.0,-0.07,-0.01,1.79,14.166,14.682,14.876,14.175,14.198,14.463,14.614,14.221,40.754,-0.073,0.114,0.471,4103277.0
明泰铝业,601677,2025-11-26,14.05,13.92,14.08,13.88,150969,211056264.0,1.43,-0.71,-0.1,1.24,14.058,14.522,14.828,14.18,14.105,14.364,14.548,14.211,39.476,-0.116,0.068,0.452,3952308.0
明泰铝业,601677,2025-11-27,14.03,13.89,14.18,13.87,167068,234169617.0,2.23,-0.22,-0.03,1.37,13.94,14.343,14.772,14.192,14.034,14.278,14.486,14.201,39.08,-0.151,0.024,0.442,3785240.0
明泰铝业,601677,2025-11-28,13.87,13.95,13.99,13.7,157840,218950380.0,2.09,0.43,0.06,1.3,13.962,14.206,14.721,14.203,14.006,14.218,14.435,14.192,40.368,-0.171,-0.015,0.431,3943080.0
明泰铝业,601677,2025-12-01,14.07,14.14,14.27,14.05,258054,364786226.0,1.58,1.36,0.19,2.12,13.984,14.122,14.666,14.216,14.05,14.204,14.407,14.191,44.38,-0.17,-0.046,0.423,4201134.0
明泰铝业,601677,2025-12-02,14.06,13.96,14.07,13.86,155118,216571532.0,1.49,-1.27,-0.18,1.27,13.972,14.069,14.622,14.228,14.02,14.16,14.364,14.183,41.53,-0.182,-0.073,0.413,4046016.0
明泰铝业,601677,2025-12-03,13.96,14.13,14.28,13.87,266209,376362215.0,2.94,1.22,0.17,2.19,14.014,14.036,14.591,14.244,14.057,14.154,14.342,14.181,45.115,-0.175,-0.094,0.413,4312225.0
明泰铝业,601677,2025-12-04,14.23,14.14,14.27,14.1,165201,233986444.0,1.2,0.07,0.01,1.36,14.064,14.002,14.528,14.264,14.085,14.152,14.323,14.18,45.328,-0.167,-0.108,0.395,4477426.0
明泰铝业,601677,2025-12-05,14.1,14.54,14.66,14.1,364049,526309902.0,3.96,2.83,0.4,2.99,14.182,14.072,14.49,14.289,14.236,14.222,14.343,14.192,53.139,-0.127,-0.112,0.407,4841475.0
明泰铝业,601677,2025-12-08,14.53,14.35,14.57,14.25,273151,391618313.0,2.2,-1.31,-0.19,2.24,14.224,14.104,14.444,14.31,14.274,14.246,14.344,14.197,49.52,-0.11,-0.112,0.401,4568324.0
明泰铝业,601677,2025-12-09,14.29,13.98,14.35,13.89,263668,370754605.0,3.21,-2.58,-0.37,2.16,14.228,14.1,14.391,14.316,14.176,14.197,14.309,14.19,43.331,-0.124,-0.114,0.405,4304656.0
明泰铝业,601677,2025-12-10,14.01,14.0,14.05,13.85,164231,228812963.0,1.43,0.14,0.02,1.35,14.202,14.108,14.315,14.322,14.117,14.161,14.28,14.184,43.74,-0.133,-0.118,0.39,4468887.0
明泰铝业,601677,2025-12-11,14.08,13.98,14.13,13.9,180352,252686282.0,1.64,-0.14,-0.02,1.48,14.17,14.117,14.23,14.331,14.072,14.128,14.251,14.177,43.402,-0.139,-0.122,0.379,4288535.0
明泰铝业,601677,2025-12-12,14.1,14.02,14.13,13.98,138327,194334703.0,1.07,0.29,0.04,1.14,14.066,14.124,14.165,14.338,14.054,14.109,14.229,14.172,44.328,-0.14,-0.126,0.363,4426862.0
明泰铝业,601677,2025-12-15,13.92,14.03,14.22,13.89,149819,210914185.0,2.35,0.07,0.01,1.23,14.002,14.113,14.118,14.341,14.046,14.094,14.21,14.167,44.572,-0.137,-0.128,0.36,4576681.0
明泰铝业,601677,2025-12-16,13.95,13.68,13.97,13.55,191803,262699831.0,2.99,-2.49,-0.35,1.57,13.942,14.085,14.077,14.338,13.924,14.019,14.16,14.151,38.252,-0.162,-0.135,0.369,4384878.0
明泰铝业,601677,2025-12-17,13.71,14.24,14.3,13.69,335705,472414828.0,4.46,4.09,0.56,2.76,13.99,14.096,14.066,14.347,14.029,14.059,14.167,14.154,50.376,-0.135,-0.135,0.387,4720583.0
明泰铝业,601677,2025-12-18,14.17,14.14,14.34,14.12,134214,190677973.0,1.54,-0.7,-0.1,1.1,14.022,14.096,14.049,14.352,14.066,14.074,14.165,14.154,48.543,-0.12,-0.132,0.375,4586369.0
明泰铝业,601677,2025-12-19,14.13,14.28,14.34,14.1,197982,282395947.0,1.7,0.99,0.14,1.63,14.074,14.07,14.071,14.369,14.138,14.111,14.176,14.158,51.219,-0.096,-0.125,0.365,4784351.0
明泰铝业,601677,2025-12-22,14.38,14.34,14.4,14.31,12353,17726140.0,0.63,0.42,0.06,0.1,14.136,14.069,14.086,14.384,14.205,14.153,14.191,14.164,52.362,-0.071,-0.114,0.348,4796704.0
