ts_code,trade_date,open,high,low,close,pre_close,change,pct_chg,vol,amount,MA_5,MA_10,MA_20,MA_60,EMA_5,EMA_10,EMA_20,EMA_60,RSI,DIF,DEA,ATR,OBV
600028.SH,2024-11-11,6.28,6.29,6.21,6.23,6.33,-0.1,-1.5798,1749819.81,1090977.688,,,,,,,,,,,,,1749819.81
600030.SH,2024-11-11,33.55,35.6,33.1,34.88,34.88,0.0,0.0,5133058.43,17642461.682,,,,,,,,,,,,,5133058.43
600031.SH,2024-11-11,18.5,18.59,18.1,18.58,18.5,0.08,0.4324,811579.98,1490081.616,,,,,,,,,,,,,811579.98
600036.SH,2024-11-11,38.3,38.7,37.89,38.33,38.8,-0.47,-1.2113,703145.55,2682610.299,,,,,,,,,,,,,703145.55
600050.SH,2024-11-11,5.18,5.23,5.13,5.22,5.19,0.03,0.578,2463273.15,1276751.352,,,,,,,,,,,,,2463273.15
600104.SH,2024-11-11,13.32,13.84,13.3,13.83,13.43,0.4,2.9784,586588.99,796287.124,,,,,,,,,,,,,586588.99
600111.SH,2024-11-11,25.41,26.1,25.28,25.83,25.83,0.0,0.0,1280029.88,3286594.885,,,,,,,,,,,,,1280029.88
600150.SH,2024-11-11,37.62,37.98,37.0,37.65,37.51,0.14,0.3732,702692.79,2627575.229,,,,,,,,,,,,,702692.79
600276.SH,2024-11-11,48.99,49.67,48.3,49.43,49.5,-0.07,-0.1414,586791.68,2870267.472,,,,,,,,,,,,,586791.68
600309.SH,2024-11-11,80.35,81.26,79.58,80.87,81.56,-0.69,-0.846,274189.08,2201482.497,,,,,,,,,,,,,274189.08
600406.SH,2024-11-11,26.85,27.27,26.84,27.02,27.3,-0.28,-1.0256,283076.07,764767.835,,,,,,,,,,,,,283076.07
600519.SH,2024-11-11,1590.0,1609.95,1567.19,1598.01,1609.97,-11.96,-0.7429,43853.65,6957095.385,,,,,,,,,,,,,43853.65
600690.SH,2024-11-11,28.63,28.86,28.15,28.46,29.15,-0.69,-2.3671,559896.27,1587688.452,,,,,,,,,,,,,559896.27
600760.SH,2024-11-11,60.96,61.85,57.88,59.88,61.07,-1.19,-1.9486,1228458.29,7330051.429,,,,,,,,,,,,,1228458.29
600809.SH,2024-11-11,220.35,226.58,216.6,226.0,226.1,-0.1,-0.0442,86283.9,1903580.875,,,,,,,,,,,,,86283.9
600887.SH,2024-11-11,29.61,30.09,29.29,30.01,30.13,-0.12,-0.3983,608347.85,1807909.782,,,,,,,,,,,,,608347.85
600900.SH,2024-11-11,27.46,27.63,27.36,27.48,27.62,-0.14,-0.5069,939962.02,2579507.983,,,,,,,,,,,,,939962.02
601012.SH,2024-11-11,19.08,20.18,19.03,20.02,19.23,0.79,4.1082,2400595.54,4752825.093,,,,,,,,,,,,,2400595.54
601088.SH,2024-11-11,39.69,39.8,39.03,39.38,40.19,-0.81,-2.0154,338166.02,1329739.611,,,,,,,,,,,,,338166.02
601127.SH,2024-11-11,131.51,140.95,131.5,140.3,134.22,6.08,4.5299,835936.57,11540306.698,,,,,,,,,,,,,835936.57
601166.SH,2024-11-11,18.5,18.6,18.26,18.38,18.7,-0.32,-1.7112,819390.53,1503980.594,,,,,,,,,,,,,819390.53
601211.SH,2024-11-11,20.52,21.27,20.45,20.88,20.97,-0.09,-0.4292,975609.9,2032312.483,,,,,,,,,,,,,975609.9
601225.SH,2024-11-11,23.8,24.05,23.3,23.5,24.2,-0.7,-2.8926,661650.2,1553835.581,,,,,,,,,,,,,661650.2
601288.SH,2024-11-11,4.73,4.74,4.68,4.69,4.76,-0.07,-1.4706,4960115.83,2333128.901,,,,,,,,,,,,,4960115.83
601318.SH,2024-11-11,58.13,58.52,57.52,58.4,59.12,-0.72,-1.2179,917160.07,5320862.805,,,,,,,,,,,,,917160.07
601328.SH,2024-11-11,7.16,7.21,7.1,7.11,7.22,-0.11,-1.5235,1258465.43,896760.613,,,,,,,,,,,,,1258465.43
601398.SH,2024-11-11,6.08,6.09,6.02,6.04,6.11,-0.07,-1.1457,3987301.71,2410772.377,,,,,,,,,,,,,3987301.71
601601.SH,2024-11-11,37.5,37.75,36.13,36.97,38.09,-1.12,-2.9404,654870.94,2404160.594,,,,,,,,,,,,,654870.94
601628.SH,2024-11-11,48.4,48.4,46.55,47.39,48.95,-1.56,-3.1869,261743.2,1234606.947,,,,,,,,,,,,,261743.2
601658.SH,2024-11-11,5.23,5.27,5.18,5.2,5.29,-0.09,-1.7013,1895538.36,987428.134,,,,,,,,,,,,,1895538.36
601668.SH,2024-11-11,6.25,6.33,6.12,6.19,6.3,-0.11,-1.746,3947348.62,2438793.461,,,,,,,,,,,,,3947348.62
601728.SH,2024-11-11,6.5,6.52,6.4,6.52,6.51,0.01,0.1536,1476619.18,952425.282,,,,,,,,,,,,,1476619.18
601816.SH,2024-11-11,5.63,5.65,5.55,5.59,5.67,-0.08,-1.4109,1277118.9,712638.607,,,,,,,,,,,,,1277118.9
601857.SH,2024-11-11,8.2,8.2,8.02,8.09,8.25,-0.16,-1.9394,2487678.11,2009778.978,,,,,,,,,,,,,2487678.11
601888.SH,2024-11-11,74.42,74.58,72.86,74.43,75.8,-1.37,-1.8074,376774.0,2780059.464,,,,,,,,,,,,,376774.0
601899.SH,2024-11-11,16.8,16.81,16.08,16.51,17.09,-0.58,-3.3938,3427065.02,5620690.507,,,,,,,,,,,,,3427065.02
601919.SH,2024-11-11,14.68,14.72,14.46,14.67,14.85,-0.18,-1.2121,1375921.56,2005722.33,,,,,,,,,,,,,1375921.56
601985.SH,2024-11-11,10.04,10.05,9.83,9.91,10.08,-0.17,-1.6865,1581108.32,1566411.642,,,,,,,,,,,,,1581108.32
601988.SH,2024-11-11,4.84,4.84,4.8,4.81,4.86,-0.05,-1.0288,2264692.37,1090190.563,,,,,,,,,,,,,2264692.37
603019.SH,2024-11-11,79.85,87.38,79.85,87.38,79.44,7.94,9.995,1654755.03,14003193.653,,,,,,,,,,,,,1654755.03
603259.SH,2024-11-11,55.5,57.85,55.38,57.43,56.12,1.31,2.3343,652272.33,3692920.572,,,,,,,,,,,,,652272.33
603501.SH,2024-11-11,111.68,116.65,111.68,116.01,111.66,4.35,3.8958,427696.3,4894604.029,,,,,,,,,,,,,427696.3
603993.SH,2024-11-11,8.01,8.04,7.8,7.92,8.1,-0.18,-2.2222,2810829.94,2218430.554,,,,,,,,,,,,,2810829.94
688008.SH,2024-11-11,72.0,78.16,71.0,78.11,70.63,7.48,10.5904,794879.66,5947635.583,,,,,,,,,,,,,794879.66
688012.SH,2024-11-11,223.5,249.0,223.0,245.15,217.15,28.0,12.8943,216785.63,5172961.127,,,,,,,,,,,,,216785.63
688041.SH,2024-11-11,133.5,142.97,131.1,139.05,136.99,2.06,1.5038,577104.12,7782626.091,,,,,,,,,,,,,577104.12
688111.SH,2024-11-11,283.02,309.89,283.02,296.9,282.32,14.58,5.1644,111867.49,3344230.02,,,,,,,,,,,,,111867.49
688256.SH,2024-11-11,420.01,448.0,415.5,430.51,431.0,-0.49,-0.1137,153608.87,6635052.639,,,,,,,,,,,,,153608.87
688981.SH,2024-11-11,104.6,108.3,100.62,104.98,100.3,4.68,4.666,1380690.18,14543774.859,,,,,,,,,,,,,1380690.18
600028.SH,2024-11-12,6.2,6.26,6.18,6.18,6.23,-0.05,-0.8026,1611398.46,1001109.643,,,,,,,,,,,,,138421.35
600030.SH,2024-11-12,34.89,35.1,33.18,33.93,34.88,-0.95,-2.7236,4145650.34,14166082.324,,,,,,,,,,,,,987408.09
600031.SH,2024-11-12,18.6,18.83,18.17,18.25,18.58,-0.33,-1.7761,772939.0,1429521.497,,,,,,,,,,,,,38640.98
600036.SH,2024-11-12,38.19,38.84,37.51,37.59,38.33,-0.74,-1.9306,893289.28,3399364.219,,,,,,,,,,,,,-190143.73
600050.SH,2024-11-12,5.21,5.21,5.07,5.09,5.22,-0.13,-2.4904,2975773.12,1528415.851,,,,,,,,,,,,,-512499.97
600104.SH,2024-11-12,14.19,15.21,14.15,15.21,13.83,1.38,9.9783,2027627.63,3024438.339,,,,,,,,,,,,,2614216.62
600111.SH,2024-11-12,25.84,26.17,24.96,25.16,25.83,-0.67,-2.5939,1262909.65,3218875.659,,,,,,,,,,,,,17120.23
600150.SH,2024-11-12,37.6,37.79,36.57,36.73,37.65,-0.92,-2.4436,706070.43,2619844.147,,,,,,,,,,,,,-3377.64
600276.SH,2024-11-12,49.43,50.78,49.05,49.29,49.43,-0.14,-0.2832,767356.8,3839811.096,,,,,,,,,,,,,-180565.12
600309.SH,2024-11-12,81.8,82.98,80.15,80.5,80.87,-0.37,-0.4575,288344.45,2354548.313,,,,,,,,,,,,,-14155.37
600406.SH,2024-11-12,26.67,27.52,26.19,26.24,27.02,-0.78,-2.8868,477525.65,1270720.619,,,,,,,,,,,,,-194449.58
600519.SH,2024-11-12,1589.0,1623.0,1573.95,1577.2,1598.01,-20.81,-1.3022,49222.66,7844798.676,,,,,,,,,,,,,-5369.01
600690.SH,2024-11-12,28.46,29.83,28.41,28.89,28.46,0.43,1.5109,801476.01,2348510.106,,,,,,,,,,,,,1361372.28
600760.SH,2024-11-12,59.3,59.36,54.0,55.21,59.88,-4.67,-7.7989,1124632.57,6306217.724,,,,,,,,,,,,,103825.72
600809.SH,2024-11-12,227.0,230.4,221.2,222.0,226.0,-4.0,-1.7699,66435.03,1498652.189,,,,,,,,,,,,,19848.87
600887.SH,2024-11-12,29.9,30.48,29.65,29.8,30.01,-0.21,-0.6998,593731.85,1784851.123,,,,,,,,,,,,,14616.0
600900.SH,2024-11-12,27.48,27.63,26.95,26.97,27.48,-0.51,-1.8559,2017466.71,5479470.999,,,,,,,,,,,,,-1077504.69
601012.SH,2024-11-12,20.07,21.17,19.91,20.1,20.02,0.08,0.3996,2921408.68,5999069.5,,,,,,,,,,,,,5322004.22
601088.SH,2024-11-12,39.22,39.66,38.88,38.91,39.38,-0.47,-1.1935,357722.96,1399425.976,,,,,,,,,,,,,-19556.94
601127.SH,2024-11-12,141.24,142.9,132.6,134.57,140.3,-5.73,-4.0841,862461.42,11853239.288,,,,,,,,,,,,,-26524.85
601166.SH,2024-11-12,18.35,18.63,18.11,18.13,18.38,-0.25,-1.3602,811100.06,1484547.091,,,,,,,,,,,,,8290.47
601211.SH,2024-11-12,20.77,21.19,20.25,20.42,20.88,-0.46,-2.2031,928781.95,1928935.808,,,,,,,,,,,,,46827.95
601225.SH,2024-11-12,23.35,23.65,23.13,23.16,23.5,-0.34,-1.4468,456234.48,1066455.859,,,,,,,,,,,,,205415.72
601288.SH,2024-11-12,4.68,4.72,4.64,4.65,4.69,-0.04,-0.8529,4527653.23,2115787.157,,,,,,,,,,,,,432462.6
601318.SH,2024-11-12,58.4,58.97,56.88,57.01,58.4,-1.39,-2.3801,962892.75,5557347.301,,,,,,,,,,,,,-45732.68
601328.SH,2024-11-12,7.1,7.22,7.08,7.08,7.11,-0.03,-0.4219,1380626.83,984517.973,,,,,,,,,,,,,-122161.4
601398.SH,2024-11-12,6.04,6.07,6.0,6.0,6.04,-0.04,-0.6623,3292741.55,1984275.396,,,,,,,,,,,,,694560.16
601601.SH,2024-11-12,36.75,37.55,35.54,35.78,36.97,-1.19,-3.2188,574826.28,2090484.393,,,,,,,,,,,,,80044.66
601628.SH,2024-11-12,47.45,48.09,45.1,45.52,47.39,-1.87,-3.946,247520.22,1145217.896,,,,,,,,,,,,,14222.98
601658.SH,2024-11-12,5.2,5.25,5.13,5.15,5.2,-0.05,-0.9615,1602100.08,830732.384,,,,,,,,,,,,,293438.28
601668.SH,2024-11-12,6.15,6.23,6.06,6.09,6.19,-0.1,-1.6155,3044535.1,1869890.938,,,,,,,,,,,,,902813.52
601728.SH,2024-11-12,6.5,6.5,6.35,6.36,6.52,-0.16,-2.454,1697349.41,1089619.554,,,,,,,,,,,,,-220730.23
601816.SH,2024-11-12,5.57,5.62,5.5,5.51,5.59,-0.08,-1.4311,1466969.35,815057.778,,,,,,,,,,,,,-189850.45
601857.SH,2024-11-12,8.03,8.16,7.99,8.0,8.09,-0.09,-1.1125,2130889.44,1716917.877,,,,,,,,,,,,,356788.67
601888.SH,2024-11-12,74.43,76.42,73.77,74.2,74.43,-0.23,-0.309,321487.98,2417154.149,,,,,,,,,,,,,55286.02
601899.SH,2024-11-12,16.1,16.45,15.8,15.98,16.51,-0.53,-3.2102,2856313.63,4602711.828,,,,,,,,,,,,,570751.39
601919.SH,2024-11-12,14.65,14.91,14.41,14.5,14.67,-0.17,-1.1588,1360038.16,1991475.59,,,,,,,,,,,,,15883.4
601985.SH,2024-11-12,9.88,9.94,9.71,9.75,9.91,-0.16,-1.6145,1628889.99,1598687.763,,,,,,,,,,,,,-47781.67
601988.SH,2024-11-12,4.81,4.85,4.79,4.79,4.81,-0.02,-0.4158,1765403.27,849353.304,,,,,,,,,,,,,499289.1
603019.SH,2024-11-12,89.93,89.93,81.01,83.9,87.38,-3.48,-3.9826,1867923.56,15816684.123,,,,,,,,,,,,,-213168.53
603259.SH,2024-11-12,57.52,61.0,57.16,58.3,57.43,0.87,1.5149,1127148.05,6665577.346,,,,,,,,,,,,,1779420.38
603501.SH,2024-11-12,117.0,119.16,113.96,115.24,116.01,-0.77,-0.6637,379344.31,4393264.548,,,,,,,,,,,,,48351.99
603993.SH,2024-11-12,7.83,7.98,7.61,7.68,7.92,-0.24,-3.0303,3131696.57,2437559.894,,,,,,,,,,,,,-320866.63
688008.SH,2024-11-12,78.9,79.3,73.7,74.4,78.11,-3.71,-4.7497,653968.18,4967452.664,,,,,,,,,,,,,140911.48
688012.SH,2024-11-12,243.0,256.99,239.0,246.3,245.15,1.15,0.4691,184423.42,4549845.334,,,,,,,,,,,,,401209.05
688041.SH,2024-11-12,136.0,137.39,129.32,129.41,139.05,-9.64,-6.9328,447249.08,5922228.426,,,,,,,,,,,,,129855.04
688111.SH,2024-11-12,299.64,301.88,281.0,284.09,296.9,-12.81,-4.3146,70527.34,2049539.529,,,,,,,,,,,,,41340.15
688256.SH,2024-11-12,425.0,444.12,411.01,422.99,430.51,-7.52,-1.7468,113930.18,4862060.425,,,,,,,,,,,,,39678.69
688981.SH,2024-11-12,102.6,104.87,100.0,101.11,104.98,-3.87,-3.6864,1088667.59,11121892.127,,,,,,,,,,,,,292022.59
600028.SH,2024-11-13,6.18,6.28,6.17,6.24,6.18,0.06,0.9709,1389170.14,866175.804,,,,,,,,,,,,,1527591.49
600030.SH,2024-11-13,33.0,33.49,32.47,32.92,33.93,-1.01,-2.9767,3647055.39,12011916.259,,,,,,,,,,,,,-2659647.3
600031.SH,2024-11-13,18.19,18.58,18.19,18.53,18.25,0.28,1.5342,718481.22,1324388.865,,,,,,,,,,,,,757122.2
600036.SH,2024-11-13,37.59,37.98,37.51,37.82,37.59,0.23,0.6119,485304.4,1833809.094,,,,,,,,,,,,,295160.67
600050.SH,2024-11-13,5.05,5.6,5.05,5.46,5.09,0.37,7.2692,12781016.41,6986930.412,,,,,,,,,,,,,12268516.44
600104.SH,2024-11-13,15.84,16.73,15.81,16.73,15.21,1.52,9.9934,1421804.81,2347295.916,,,,,,,,,,,,,4036021.43
600111.SH,2024-11-13,25.13,26.4,25.07,25.55,25.16,0.39,1.5501,1231523.64,3178078.785,,,,,,,,,,,,,1248643.87
600150.SH,2024-11-13,36.55,38.85,36.51,38.8,36.73,2.07,5.6357,1493482.05,5716871.662,,,,,,,,,,,,,1490104.41
600276.SH,2024-11-13,49.16,50.26,49.06,49.35,49.29,0.06,0.1217,409141.37,2023644.063,,,,,,,,,,,,,228576.25
600309.SH,2024-11-13,79.65,80.5,79.58,79.91,80.5,-0.59,-0.7329,167561.71,1338684.22,,,,,,,,,,,,,-181717.08
600406.SH,2024-11-13,26.24,26.99,26.21,26.9,26.24,0.66,2.5152,344272.61,920221.522,,,,,,,,,,,,,149823.03
600519.SH,2024-11-13,1568.0,1586.66,1561.28,1578.5,1577.2,1.3,0.0824,29125.26,4594445.032,,,,,,,,,,,,,23756.25
600690.SH,2024-11-13,28.99,30.0,28.8,29.6,28.89,0.71,2.4576,841143.06,2492560.463,,,,,,,,,,,,,2202515.34
600760.SH,2024-11-13,54.15,55.11,53.08,54.83,55.21,-0.38,-0.6883,588846.09,3182292.783,,,,,,,,,,,,,-485020.37
600809.SH,2024-11-13,218.56,224.55,218.0,223.03,222.0,1.03,0.464,38892.14,863526.404,,,,,,,,,,,,,58741.01
600887.SH,2024-11-13,29.7,30.25,29.5,30.01,29.8,0.21,0.7047,525447.27,1574041.406,,,,,,,,,,,,,540063.27
600900.SH,2024-11-13,26.88,27.49,26.78,27.39,26.97,0.42,1.5573,1551882.22,4230284.151,,,,,,,,,,,,,474377.53
601012.SH,2024-11-13,19.8,20.18,19.68,20.08,20.1,-0.02,-0.0995,1544077.96,3070609.819,,,,,,,,,,,,,3777926.26
601088.SH,2024-11-13,38.77,39.9,38.67,39.37,38.91,0.46,1.1822,357783.06,1411951.434,,,,,,,,,,,,,338226.12
601127.SH,2024-11-13,132.79,145.0,130.89,144.43,134.57,9.86,7.327,852513.86,11740072.181,,,,,,,,,,,,,825989.01
601166.SH,2024-11-13,18.12,18.26,18.08,18.15,18.13,0.02,0.1103,583419.22,1059457.764,,,,,,,,,,,,,591709.69
601211.SH,2024-11-13,20.27,20.66,20.18,20.48,20.42,0.06,0.2938,618182.93,1261553.204,,,,,,,,,,,,,665010.88
601225.SH,2024-11-13,23.12,24.04,23.08,23.63,23.16,0.47,2.0294,500748.33,1183442.729,,,,,,,,,,,,,706164.05
601288.SH,2024-11-13,4.65,4.69,4.63,4.66,4.65,0.01,0.2151,3366148.96,1569033.564,,,,,,,,,,,,,3798611.56
601318.SH,2024-11-13,56.7,57.5,56.62,57.19,57.01,0.18,0.3157,618244.93,3532487.702,,,,,,,,,,,,,572512.25
601328.SH,2024-11-13,7.08,7.14,7.06,7.09,7.08,0.01,0.1412,850796.04,604479.14,,,,,,,,,,,,,728634.64
601398.SH,2024-11-13,6.0,6.07,5.98,6.04,6.0,0.04,0.6667,3438857.92,2075207.458,,,,,,,,,,,,,4133418.08
601601.SH,2024-11-13,35.5,36.42,35.5,36.02,35.78,0.24,0.6708,272782.14,982221.281,,,,,,,,,,,,,352826.8
601628.SH,2024-11-13,44.82,45.93,44.73,45.19,45.32,-0.13,-0.2868,138935.09,630558.241,,,,,,,,,,,,,-124712.11
601658.SH,2024-11-13,5.13,5.2,5.12,5.19,5.15,0.04,0.7767,1170113.72,605442.633,,,,,,,,,,,,,1463552.0
601668.SH,2024-11-13,6.06,6.2,6.06,6.13,6.09,0.04,0.6568,2292457.58,1406463.08,,,,,,,,,,,,,3195271.1
601728.SH,2024-11-13,6.36,6.96,6.35,6.7,6.36,0.34,5.3459,5021153.42,3359034.838,,,,,,,,,,,,,4800423.19
601816.SH,2024-11-13,5.5,5.59,5.49,5.57,5.51,0.06,1.0889,1189727.9,661267.864,,,,,,,,,,,,,999877.45
601857.SH,2024-11-13,7.99,8.16,7.97,8.07,8.0,0.07,0.875,2233180.88,1803260.184,,,,,,,,,,,,,2589969.55
601888.SH,2024-11-13,73.72,75.96,73.5,74.16,74.2,-0.04,-0.0539,208397.41,1545215.437,,,,,,,,,,,,,-153111.39
601899.SH,2024-11-13,15.93,16.17,15.9,16.0,15.98,0.02,0.1252,1439938.51,2308724.718,,,,,,,,,,,,,2010689.9
601919.SH,2024-11-13,14.45,14.66,14.42,14.6,14.5,0.1,0.6897,915134.69,1331848.129,,,,,,,,,,,,,931018.09
601985.SH,2024-11-13,9.81,10.09,9.74,10.01,9.75,0.26,2.6667,2067812.55,2061809.249,,,,,,,,,,,,,2020030.88
601988.SH,2024-11-13,4.79,4.83,4.78,4.82,4.79,0.03,0.6263,1398411.11,672646.397,,,,,,,,,,,,,1897700.21
603019.SH,2024-11-13,81.91,85.59,81.58,82.7,83.9,-1.2,-1.4303,1108986.16,9246765.149,,,,,,,,,,,,,-1322154.69
603259.SH,2024-11-13,57.57,58.2,55.6,56.56,58.3,-1.74,-2.9846,758129.69,4284794.271,,,,,,,,,,,,,1021290.69
603501.SH,2024-11-13,114.0,114.9,111.68,113.55,115.24,-1.69,-1.4665,249549.04,2820951.615,,,,,,,,,,,,,-201197.05
603993.SH,2024-11-13,7.6,7.74,7.58,7.67,7.68,-0.01,-0.1302,1769396.47,1354863.159,,,,,,,,,,,,,-2090263.1
688008.SH,2024-11-13,73.75,75.49,72.85,75.39,74.4,0.99,1.3306,433683.23,3206310.071,,,,,,,,,,,,,574594.71
688012.SH,2024-11-13,240.0,249.66,237.02,242.5,246.3,-3.8,-1.5428,123350.26,2993225.496,,,,,,,,,,,,,277858.79
688041.SH,2024-11-13,127.44,132.9,127.1,131.51,129.41,2.1,1.6227,285141.84,3719590.399,,,,,,,,,,,,,414996.88
688111.SH,2024-11-13,281.0,326.0,281.0,313.0,284.09,28.91,10.1764,145397.02,4432789.665,,,,,,,,,,,,,186737.17
688256.SH,2024-11-13,423.35,490.88,415.0,474.0,422.99,51.01,12.0594,165600.79,7414351.249,,,,,,,,,,,,,205279.48
688981.SH,2024-11-13,99.9,100.9,97.88,99.14,101.11,-1.97,-1.9484,807594.77,7999842.265,,,,,,,,,,,,,-515572.18
600028.SH,2024-11-14,6.23,6.34,6.22,6.27,6.24,0.03,0.4808,2004562.36,1261952.228,,,,,,,,,,,,,3532153.85
600030.SH,2024-11-14,32.93,33.63,32.59,32.67,32.92,-0.25,-0.7594,2554450.67,8452182.996,,,,,,,,,,,,,-5214097.97
600031.SH,2024-11-14,18.57,18.86,18.36,18.5,18.53,-0.03,-0.1619,937737.13,1751569.13,,,,,,,,,,,,,-180614.93
600036.SH,2024-11-14,37.66,38.48,37.53,38.06,37.82,0.24,0.6346,676440.3,2585688.546,,,,,,,,,,,,,971600.97
600050.SH,2024-11-14,5.32,5.7,5.26,5.47,5.46,0.01,0.1832,11018124.55,6009117.017,,,,,,,,,,,,,23286640.99
600104.SH,2024-11-14,16.99,17.6,15.3,16.72,16.73,-0.01,-0.0598,3457336.24,5592655.756,,,,,,,,,,,,,578685.19
600111.SH,2024-11-14,25.18,25.32,24.1,24.13,25.55,-1.42,-5.5577,1145621.53,2821662.076,,,,,,,,,,,,,103022.34
600150.SH,2024-11-14,38.3,39.03,37.62,37.72,38.8,-1.08,-2.7835,785945.74,3006577.902,,,,,,,,,,,,,704158.67
600276.SH,2024-11-14,49.27,49.7,48.43,48.45,49.35,-0.9,-1.8237,389091.69,1911896.966,,,,,,,,,,,,,-160515.44
600309.SH,2024-11-14,79.51,79.91,77.99,78.07,79.91,-1.84,-2.3026,174972.3,1382547.307,,,,,,,,,,,,,-356689.38
600406.SH,2024-11-14,26.67,27.15,26.36,26.42,26.9,-0.48,-1.7844,230132.53,615278.575,,,,,,,,,,,,,-80309.5
600519.SH,2024-11-14,1570.0,1594.45,1565.65,1573.8,1578.5,-4.7,-0.2978,29248.14,4617144.097,,,,,,,,,,,,,-5491.89
600690.SH,2024-11-14,29.48,30.29,29.23,29.93,29.6,0.33,1.1149,578536.86,1731261.962,,,,,,,,,,,,,2781052.2
600760.SH,2024-11-14,54.88,54.92,51.87,52.13,54.83,-2.7,-4.9243,528329.02,2803953.26,,,,,,,,,,,,,-1013349.39
600809.SH,2024-11-14,220.65,225.89,220.09,221.21,223.03,-1.82,-0.816,49626.14,1104400.905,,,,,,,,,,,,,9114.87
600887.SH,2024-11-14,29.91,30.15,29.58,29.61,30.01,-0.4,-1.3329,440354.78,1315695.899,,,,,,,,,,,,,99708.49
600900.SH,2024-11-14,27.35,27.69,27.23,27.42,27.39,0.03,0.1095,986466.16,2714473.179,,,,,,,,,,,,,1460843.69
601012.SH,2024-11-14,20.3,20.34,19.16,19.19,20.08,-0.89,-4.4323,1419299.45,2785287.62,,,,,,,,,,,,,2358626.81
601088.SH,2024-11-14,39.11,40.1,38.93,39.61,39.37,0.24,0.6096,331769.88,1320144.091,,,,,,,,,,,,,669996.0
601127.SH,2024-11-14,143.98,149.48,139.01,140.31,144.43,-4.12,-2.8526,781607.06,11220793.151,,,,,,,,,,,,,44381.95
601166.SH,2024-11-14,18.11,18.4,18.06,18.19,18.15,0.04,0.2204,677474.89,1237263.313,,,,,,,,,,,,,1269184.58
601211.SH,2024-11-14,20.47,20.73,20.28,20.28,20.48,-0.2,-0.9766,585063.54,1199179.489,,,,,,,,,,,,,79947.34
601225.SH,2024-11-14,23.51,23.85,23.28,23.44,23.63,-0.19,-0.8041,308018.26,728003.676,,,,,,,,,,,,,398145.79
601288.SH,2024-11-14,4.65,4.72,4.64,4.69,4.66,0.03,0.6438,4517015.88,2121665.775,,,,,,,,,,,,,8315627.44
601318.SH,2024-11-14,57.19,58.09,56.9,57.0,57.19,-0.19,-0.3322,663231.83,3815907.812,,,,,,,,,,,,,-90719.58
601328.SH,2024-11-14,7.08,7.2,7.06,7.13,7.09,0.04,0.5642,1290917.92,923008.089,,,,,,,,,,,,,2019552.56
601398.SH,2024-11-14,6.03,6.1,6.01,6.07,6.04,0.03,0.4967,3735264.84,2271181.11,,,,,,,,,,,,,7868682.92
601601.SH,2024-11-14,35.93,36.53,35.66,35.7,36.02,-0.32,-0.8884,366325.26,1322224.04,,,,,,,,,,,,,-13498.46
601628.SH,2024-11-14,45.01,46.77,44.79,45.75,45.19,0.56,1.2392,223007.7,1028821.01,,,,,,,,,,,,,98295.59
601658.SH,2024-11-14,5.16,5.24,5.14,5.19,5.19,0.0,0.0,1559280.01,812399.349,,,,,,,,,,,,,1463552.0
601668.SH,2024-11-14,6.15,6.17,6.09,6.09,6.13,-0.04,-0.6525,2000445.26,1227442.024,,,,,,,,,,,,,1194825.84
601728.SH,2024-11-14,6.56,6.71,6.46,6.56,6.7,-0.14,-2.0896,2640002.69,1732374.454,,,,,,,,,,,,,2160420.5
601816.SH,2024-11-14,5.55,5.58,5.52,5.53,5.57,-0.04,-0.7181,1190311.16,660693.415,,,,,,,,,,,,,-190433.71
601857.SH,2024-11-14,8.03,8.15,8.02,8.03,8.07,-0.04,-0.4957,1850581.27,1497145.402,,,,,,,,,,,,,739388.28
601888.SH,2024-11-14,74.17,74.31,71.89,72.09,74.16,-2.07,-2.7913,196874.9,1436893.793,,,,,,,,,,,,,-349986.29
601899.SH,2024-11-14,15.9,15.94,15.58,15.61,16.0,-0.39,-2.4375,1947269.21,3066365.949,,,,,,,,,,,,,63420.69
601919.SH,2024-11-14,14.65,14.74,14.37,14.38,14.6,-0.22,-1.5068,971980.42,1411497.326,,,,,,,,,,,,,-40962.33
601985.SH,2024-11-14,10.0,10.1,9.85,9.86,10.01,-0.15,-1.4985,1278873.3,1274737.849,,,,,,,,,,,,,741157.58
601988.SH,2024-11-14,4.8,4.86,4.78,4.84,4.82,0.02,0.4149,2229949.87,1076933.147,,,,,,,,,,,,,4127650.08
603019.SH,2024-11-14,81.2,81.2,76.55,76.86,82.7,-5.84,-7.0617,1419799.16,11138243.173,,,,,,,,,,,,,-2741953.85
603259.SH,2024-11-14,56.19,56.77,54.25,54.4,56.56,-2.16,-3.819,567267.57,3140925.612,,,,,,,,,,,,,454023.12
603501.SH,2024-11-14,113.55,113.99,110.0,110.33,113.55,-3.22,-2.8358,227798.38,2544677.487,,,,,,,,,,,,,-428995.43
603993.SH,2024-11-14,7.61,7.63,7.43,7.44,7.67,-0.23,-2.9987,2011448.55,1512244.016,,,,,,,,,,,,,-4101711.65
688008.SH,2024-11-14,74.99,75.7,71.55,71.7,75.39,-3.69,-4.8945,385429.79,2831929.742,,,,,,,,,,,,,189164.92
688012.SH,2024-11-14,240.01,245.0,232.95,235.0,242.5,-7.5,-3.0928,129976.97,3109500.399,,,,,,,,,,,,,147881.82
688041.SH,2024-11-14,129.8,132.9,126.38,126.7,131.51,-4.81,-3.6575,295969.01,3833863.24,,,,,,,,,,,,,119027.87
688111.SH,2024-11-14,312.49,329.5,300.68,303.0,313.0,-10.0,-3.1949,114119.48,3588542.86,,,,,,,,,,,,,72617.69
688256.SH,2024-11-14,469.26,494.88,465.01,469.0,474.0,-5.0,-1.0549,104447.13,5005409.405,,,,,,,,,,,,,100832.35
688981.SH,2024-11-14,99.13,102.0,96.61,96.87,99.14,-2.27,-2.2897,761941.02,7549646.077,,,,,,,,,,,,,-1277513.2
600028.SH,2024-11-15,6.26,6.38,6.24,6.32,6.27,0.05,0.7974,2046629.84,1293378.082,6.248,,,,6.248,,,,,,,,5578783.69
600030.SH,2024-11-15,32.67,33.0,31.11,31.13,32.67,-1.54,-4.7138,3022570.08,9658174.454,33.106,,,,33.106,,,,,,,,-8236668.05
600031.SH,2024-11-15,18.44,18.7,18.21,18.23,18.5,-0.27,-1.4595,626979.56,1153942.595,18.418,,,,18.418,,,,,,,,-807594.49
600036.SH,2024-11-15,38.08,38.57,37.81,37.82,38.06,-0.24,-0.6306,699276.88,2671344.642,37.924,,,,37.924,,,,,,,,272324.09
600050.SH,2024-11-15,5.4,6.02,5.4,5.81,5.47,0.34,6.2157,16820485.11,9724362.938,5.41,,,,5.41,,,,,,,,40107126.1
600104.SH,2024-11-15,16.2,17.99,15.85,17.27,16.72,0.55,3.2895,2850973.72,4773901.138,15.952,,,,15.952,,,,,,,,3429658.91
600111.SH,2024-11-15,24.09,24.24,23.31,23.32,24.13,-0.81,-3.3568,812327.52,1927464.066,24.798,,,,24.798,,,,,,,,-709305.18
600150.SH,2024-11-15,37.6,38.21,36.89,36.89,37.72,-0.83,-2.2004,606109.36,2261232.355,37.558,,,,37.558,,,,,,,,98049.31
600276.SH,2024-11-15,48.27,48.7,47.7,47.7,48.45,-0.75,-1.548,330869.81,1593427.809,48.844,,,,48.844,,,,,,,,-491385.25
600309.SH,2024-11-15,78.07,78.86,76.8,76.99,78.07,-1.08,-1.3834,188633.74,1460729.289,79.268,,,,79.268,,,,,,,,-545323.12
600406.SH,2024-11-15,26.21,26.79,25.91,26.21,26.42,-0.21,-0.7949,260459.87,686194.822,26.558,,,,26.558,,,,,,,,-340769.37
600519.SH,2024-11-15,1569.0,1583.8,1553.0,1559.0,1573.8,-14.8,-0.9404,33761.12,5295326.892,1577.302,,,,1577.302,,,,,,,,-39253.01
600690.SH,2024-11-15,29.83,30.16,29.07,29.59,29.93,-0.34,-1.136,500831.95,1487942.141,29.294,,,,29.294,,,,,,,,2280220.25
600760.SH,2024-11-15,51.86,52.69,50.45,50.45,52.13,-1.68,-3.2227,441476.96,2277620.33,54.5,,,,54.5,,,,,,,,-1454826.35
600809.SH,2024-11-15,220.02,222.83,216.1,216.82,221.21,-4.39,-1.9845,66722.59,1464591.123,221.812,,,,221.812,,,,,,,,-57607.72
600887.SH,2024-11-15,29.57,29.95,29.23,29.29,29.61,-0.32,-1.0807,482750.45,1429803.457,29.744,,,,29.744,,,,,,,,-383041.96
600900.SH,2024-11-15,27.37,27.49,27.1,27.1,27.42,-0.32,-1.167,935808.93,2550153.94,27.272,,,,27.272,,,,,,,,525034.76
601012.SH,2024-11-15,19.19,19.38,18.5,18.52,19.19,-0.67,-3.4914,1421012.84,2694306.667,19.582,,,,19.582,,,,,,,,937613.97
601088.SH,2024-11-15,39.58,40.4,39.2,40.14,39.61,0.53,1.338,413474.55,1652894.76,39.482,,,,39.482,,,,,,,,1083470.55
601127.SH,2024-11-15,138.6,140.65,130.71,131.5,140.31,-8.81,-6.279,798257.56,10792552.409,138.222,,,,138.222,,,,,,,,-753875.61
601166.SH,2024-11-15,18.17,18.34,18.05,18.05,18.19,-0.14,-0.7697,713659.43,1297804.346,18.18,,,,18.18,,,,,,,,555525.15
601211.SH,2024-11-15,20.2,20.45,19.58,19.58,20.28,-0.7,-3.4517,642496.87,1285136.044,20.328,,,,20.328,,,,,,,,-562549.53
601225.SH,2024-11-15,23.44,23.78,23.22,23.53,23.44,0.09,0.384,362126.16,854883.857,23.452,,,,23.452,,,,,,,,760271.95
601288.SH,2024-11-15,4.69,4.75,4.65,4.7,4.69,0.01,0.2132,5136855.57,2421716.445,4.678,,,,4.678,,,,,,,,13452483.01
601318.SH,2024-11-15,56.9,57.48,55.8,55.8,57.0,-1.2,-2.1053,780597.14,4413936.48,57.08,,,,57.08,,,,,,,,-871316.72
601328.SH,2024-11-15,7.12,7.19,7.05,7.12,7.13,-0.01,-0.1403,1300923.76,928179.078,7.106,,,,7.106,,,,,,,,718628.8
601398.SH,2024-11-15,6.06,6.11,6.03,6.05,6.07,-0.02,-0.3295,3845232.75,2337086.119,6.04,,,,6.04,,,,,,,,4023450.17
601601.SH,2024-11-15,35.6,36.0,35.06,35.06,35.7,-0.64,-1.7927,309543.89,1101016.801,35.906,,,,35.906,,,,,,,,-323042.35
601628.SH,2024-11-15,45.54,46.18,44.68,44.68,45.75,-1.07,-2.3388,145237.91,655561.291,45.706,,,,45.706,,,,,,,,-46942.32
601658.SH,2024-11-15,5.19,5.3,5.16,5.25,5.19,0.06,1.1561,2137006.87,1120934.638,5.196,,,,5.196,,,,,,,,3600558.87
601668.SH,2024-11-15,6.09,6.14,6.05,6.05,6.09,-0.04,-0.6568,1974963.12,1203850.629,6.11,,,,6.11,,,,,,,,-780137.28
601728.SH,2024-11-15,6.5,6.97,6.5,6.7,6.56,0.14,2.1341,3961647.76,2674444.022,6.568,,,,6.568,,,,,,,,6122068.26
601816.SH,2024-11-15,5.52,5.76,5.51,5.66,5.53,0.13,2.3508,2715087.68,1534469.542,5.572,,,,5.572,,,,,,,,2524653.97
601857.SH,2024-11-15,8.03,8.1,7.98,8.03,8.03,0.0,0.0,1853546.6,1489484.687,8.044,,,,8.044,,,,,,,,739388.28
601888.SH,2024-11-15,72.02,72.5,70.71,70.72,72.09,-1.37,-1.9004,212900.32,1523964.891,73.12,,,,73.12,,,,,,,,-562886.61
601899.SH,2024-11-15,15.6,16.1,15.52,15.62,15.61,0.01,0.0641,1863567.48,2954520.861,15.944,,,,15.944,,,,,,,,1926988.17
601919.SH,2024-11-15,14.49,14.83,14.42,14.51,14.38,0.13,0.904,1438621.57,2105346.839,14.532,,,,14.532,,,,,,,,1397659.24
601985.SH,2024-11-15,9.86,10.03,9.79,9.92,9.86,0.06,0.6085,1299013.83,1289714.93,9.89,,,,9.89,,,,,,,,2040171.41
601988.SH,2024-11-15,4.83,4.9,4.79,4.86,4.84,0.02,0.4132,2699257.29,1311011.436,4.824,,,,4.824,,,,,,,,6826907.37
603019.SH,2024-11-15,76.0,76.9,71.98,72.53,76.86,-4.33,-5.6336,1515401.09,11220648.89,80.674,,,,80.674,,,,,,,,-4257354.94
603259.SH,2024-11-15,53.98,54.45,52.87,52.87,54.4,-1.53,-2.8125,533735.84,2858876.964,55.912,,,,55.912,,,,,,,,-79712.72
603501.SH,2024-11-15,110.01,111.65,107.15,107.63,110.33,-2.7,-2.4472,205440.15,2245189.059,112.552,,,,112.552,,,,,,,,-634435.58
603993.SH,2024-11-15,7.44,7.63,7.41,7.46,7.44,0.02,0.2688,1462023.25,1101095.614,7.634,,,,7.634,,,,,,,,-2639688.4
688008.SH,2024-11-15,71.62,72.3,68.5,68.73,71.7,-2.97,-4.1423,362912.1,2565298.847,73.666,,,,73.666,,,,,,,,-173747.18
688012.SH,2024-11-15,232.0,235.0,211.7,212.2,235.0,-22.8,-9.7021,199878.2,4413421.914,236.23,,,,236.23,,,,,,,,-51996.38
688041.SH,2024-11-15,126.21,128.61,121.9,121.9,126.7,-4.8,-3.7885,231038.05,2891839.474,129.714,,,,129.714,,,,,,,,-112010.18
688111.SH,2024-11-15,300.02,315.2,286.0,287.88,303.0,-15.12,-4.9901,105608.06,3170829.791,296.974,,,,296.974,,,,,,,,-32990.37
688256.SH,2024-11-15,474.9,483.0,450.0,453.68,469.0,-15.32,-3.2665,93978.02,4391637.847,450.036,,,,450.036,,,,,,,,6854.33
688981.SH,2024-11-15,96.87,98.7,94.9,94.91,96.87,-1.96,-2.0233,710667.43,6874215.101,99.402,,,,99.402,,,,,,,,-1988180.63
600028.SH,2024-11-18,6.33,6.45,6.32,6.36,6.32,0.04,0.6329,2169056.92,1388637.173,6.274,,,,6.285,,,,,,,,7747840.61
600030.SH,2024-11-18,31.05,31.41,30.38,30.67,31.13,-0.46,-1.4777,2450263.83,7563239.7,32.264,,,,32.294,,,,,,,,-10686931.88
600031.SH,2024-11-18,18.24,18.38,17.73,17.83,18.23,-0.4,-2.1942,904452.56,1636629.813,18.268,,,,18.222,,,,,,,,-1712047.05
600036.SH,2024-11-18,38.05,38.66,37.8,37.9,37.82,0.08,0.2115,763448.07,2918992.44,37.838,,,,37.916,,,,,,,,1035772.16
600050.SH,2024-11-18,5.8,6.2,5.63,5.8,5.81,-0.01,-0.1721,17121587.38,10090550.036,5.526,,,,5.54,,,,,,,,22985538.72
600104.SH,2024-11-18,19.0,19.0,18.0,18.35,17.27,1.08,6.2536,2878846.95,5429579.525,16.856,,,,16.751,,,,,,,,6308505.86
600111.SH,2024-11-18,23.3,23.55,22.6,22.81,23.32,-0.51,-2.187,703063.02,1617691.083,24.194,,,,24.135,,,,,,,,-1412368.2
600150.SH,2024-11-18,36.95,37.55,36.28,36.71,36.89,-0.18,-0.4879,530825.39,1957389.072,37.37,,,,37.275,,,,,,,,-432776.08
600276.SH,2024-11-18,47.71,48.06,47.0,47.2,47.7,-0.5,-1.0482,303535.55,1443825.224,48.398,,,,48.296,,,,,,,,-794920.8
600309.SH,2024-11-18,77.0,78.8,76.0,76.36,76.99,-0.63,-0.8183,226835.39,1758091.149,78.366,,,,78.299,,,,,,,,-772158.51
600406.SH,2024-11-18,26.21,26.66,26.13,26.32,26.21,0.11,0.4197,202661.42,536038.664,26.418,,,,26.479,,,,,,,,-138107.95
600519.SH,2024-11-18,1562.0,1575.99,1555.0,1559.0,1559.0,0.0,0.0,27092.19,4237197.499,1569.5,,,,1571.201,,,,,,,,-39253.01
600690.SH,2024-11-18,29.24,29.68,28.62,28.8,29.59,-0.79,-2.6698,424089.87,1231310.425,29.362,,,,29.129,,,,,,,,1856130.38
600760.SH,2024-11-18,50.52,52.0,49.04,49.34,50.45,-1.11,-2.2002,468175.4,2372421.005,52.392,,,,52.78,,,,,,,,-1923001.75
600809.SH,2024-11-18,215.0,219.0,211.6,212.92,216.82,-3.9,-1.7987,56972.59,1225053.407,219.196,,,,218.848,,,,,,,,-114580.31
600887.SH,2024-11-18,29.29,29.55,28.86,28.98,29.29,-0.31,-1.0584,400261.69,1170735.839,29.538,,,,29.489,,,,,,,,-783303.65
600900.SH,2024-11-18,27.16,27.54,27.09,27.42,27.1,0.32,1.1808,1190517.9,3261120.178,27.26,,,,27.321,,,,,,,,1715552.66
601012.SH,2024-11-18,18.49,18.76,18.11,18.21,18.52,-0.31,-1.6739,1087822.88,1997738.213,19.22,,,,19.125,,,,,,,,-150208.91
601088.SH,2024-11-18,39.99,41.5,39.93,41.43,40.14,1.29,3.2138,572251.24,2354747.666,39.892,,,,40.131,,,,,,,,1655721.79
601127.SH,2024-11-18,131.09,132.0,122.53,124.75,131.5,-6.75,-5.1331,767665.18,9741612.462,135.112,,,,133.731,,,,,,,,-1521540.79
601166.SH,2024-11-18,18.2,18.98,18.2,18.51,18.05,0.46,2.5485,1681920.49,3137214.797,18.206,,,,18.29,,,,,,,,2237445.64
601211.SH,2024-11-18,19.6,19.86,19.42,19.58,19.58,0.0,0.0,526885.04,1034187.089,20.068,,,,20.079,,,,,,,,-562549.53
601225.SH,2024-11-18,23.63,24.2,23.6,23.86,23.53,0.33,1.4025,498987.72,1192802.978,23.524,,,,23.588,,,,,,,,1259259.67
601288.SH,2024-11-18,4.72,4.83,4.72,4.8,4.7,0.1,2.1277,7050667.89,3377855.459,4.7,,,,4.719,,,,,,,,20503150.9
601318.SH,2024-11-18,56.1,57.16,55.38,55.76,55.8,-0.04,-0.0717,684296.46,3851412.802,56.552,,,,56.64,,,,,,,,-1555613.18
601328.SH,2024-11-18,7.16,7.39,7.16,7.29,7.12,0.17,2.3876,2088994.32,1527673.982,7.142,,,,7.167,,,,,,,,2807623.12
601398.SH,2024-11-18,6.08,6.24,6.07,6.19,6.05,0.14,2.314,6932424.8,4282442.406,6.07,,,,6.09,,,,,,,,10955874.97
601601.SH,2024-11-18,35.28,36.56,35.06,35.54,35.06,0.48,1.3691,400185.49,1436945.405,35.62,,,,35.784,,,,,,,,77143.14
601628.SH,2024-11-18,45.17,46.29,44.21,44.72,44.68,0.04,0.0895,168325.68,762098.58,45.172,,,,45.377,,,,,,,,121383.36
601658.SH,2024-11-18,5.28,5.4,5.28,5.33,5.25,0.08,1.5238,2728915.92,1461457.052,5.222,,,,5.241,,,,,,,,6329474.79
601668.SH,2024-11-18,6.18,6.44,6.18,6.28,6.05,0.23,3.8017,6547471.26,4141070.348,6.128,,,,6.167,,,,,,,,5767333.98
601728.SH,2024-11-18,6.71,6.92,6.61,6.75,6.7,0.05,0.7463,3153631.61,2132797.92,6.614,,,,6.629,,,,,,,,9275699.87
601816.SH,2024-11-18,5.67,5.77,5.65,5.68,5.66,0.02,0.3534,2368550.01,1355330.371,5.59,,,,5.608,,,,,,,,4893203.98
601857.SH,2024-11-18,8.04,8.23,8.03,8.15,8.03,0.12,1.4944,2782130.49,2270719.679,8.056,,,,8.079,,,,,,,,3521518.77
601888.SH,2024-11-18,70.75,71.53,69.28,69.77,70.72,-0.95,-1.3433,191197.98,1346254.643,72.188,,,,72.003,,,,,,,,-754084.59
601899.SH,2024-11-18,15.76,15.99,15.59,15.71,15.62,0.09,0.5762,1760793.71,2781021.688,15.784,,,,15.866,,,,,,,,3687781.88
601919.SH,2024-11-18,14.68,15.08,14.55,14.64,14.51,0.13,0.8959,2068834.35,3063926.032,14.526,,,,14.568,,,,,,,,3466493.59
601985.SH,2024-11-18,10.0,10.19,9.91,9.99,9.92,0.07,0.7056,1704571.6,1711589.63,9.906,,,,9.923,,,,,,,,3744743.01
601988.SH,2024-11-18,4.88,5.03,4.88,5.0,4.86,0.14,2.8807,4371190.3,2181676.739,4.862,,,,4.883,,,,,,,,11198097.67
603019.SH,2024-11-18,72.53,73.93,70.2,71.35,72.53,-1.18,-1.6269,1096340.99,7878376.965,77.468,,,,77.566,,,,,,,,-5353695.93
603259.SH,2024-11-18,52.47,53.1,51.36,51.62,52.87,-1.25,-2.3643,482398.19,2514439.796,54.75,,,,54.481,,,,,,,,-562110.91
603501.SH,2024-11-18,107.63,108.43,104.0,104.95,107.63,-2.68,-2.49,193954.27,2055659.793,110.34,,,,110.018,,,,,,,,-828389.85
603993.SH,2024-11-18,7.42,7.58,7.33,7.4,7.46,-0.06,-0.8043,1716236.09,1279332.082,7.53,,,,7.556,,,,,,,,-4355924.49
688008.SH,2024-11-18,68.72,69.19,65.77,66.2,68.73,-2.53,-3.6811,362256.25,2435111.336,71.284,,,,71.177,,,,,,,,-536003.43
688012.SH,2024-11-18,214.0,219.6,207.75,211.08,212.2,-1.12,-0.5278,140412.33,2993020.005,229.416,,,,227.847,,,,,,,,-192408.71
688041.SH,2024-11-18,122.9,126.79,121.35,123.11,121.9,1.21,0.9926,252104.01,3119928.327,126.526,,,,127.513,,,,,,,,140093.83
688111.SH,2024-11-18,290.0,292.9,267.3,272.24,287.88,-15.64,-5.4328,82522.1,2273888.945,292.042,,,,288.729,,,,,,,,-115512.47
688256.SH,2024-11-18,450.0,476.36,440.58,448.66,453.68,-5.02,-1.1065,82476.91,3753337.084,453.666,,,,449.577,,,,,,,,-75622.58
688981.SH,2024-11-18,95.7,97.5,91.37,92.3,94.91,-2.61,-2.75,828974.03,7818657.52,96.866,,,,97.035,,,,,,,,-2817154.66
600028.SH,2024-11-19,6.38,6.39,6.26,6.29,6.36,-0.07,-1.1006,1780213.52,1121273.287,6.296,,,,6.287,,,,,,,,5967627.09
600030.SH,2024-11-19,30.7,31.52,30.48,31.3,30.67,0.63,2.0541,2194106.12,6795769.179,31.738,,,,31.963,,,,,,,,-8492825.76
600031.SH,2024-11-19,17.76,17.96,17.62,17.89,17.83,0.06,0.3365,501315.09,891083.657,18.196,,,,18.111,,,,,,,,-1210731.96
600036.SH,2024-11-19,37.91,38.18,37.45,37.72,37.9,-0.18,-0.4749,521248.55,1967719.175,37.864,,,,37.851,,,,,,,,514523.61
600050.SH,2024-11-19,5.64,5.68,5.34,5.48,5.8,-0.32,-5.5172,13135740.25,7190256.617,5.604,,,,5.52,,,,,,,,9849798.47
600104.SH,2024-11-19,17.12,17.41,16.52,16.52,18.35,-1.83,-9.9728,2676267.64,4502089.382,17.118,,,,16.674,,,,,,,,3632238.22
600111.SH,2024-11-19,22.93,23.35,22.52,23.21,22.81,0.4,1.7536,665979.9,1529881.456,23.804,,,,23.827,,,,,,,,-746388.3
600150.SH,2024-11-19,36.72,37.03,35.52,36.26,36.71,-0.45,-1.2258,600985.13,2164721.647,37.276,,,,36.937,,,,,,,,-1033761.21
600276.SH,2024-11-19,47.24,47.8,46.84,47.43,47.2,0.23,0.4873,260304.58,1230951.482,48.026,,,,48.007,,,,,,,,-534616.22
600309.SH,2024-11-19,76.7,77.2,76.2,77.13,76.36,0.77,1.0084,134705.55,1034368.855,77.692,,,,77.909,,,,,,,,-637452.96
600406.SH,2024-11-19,26.33,26.74,26.12,26.39,26.32,0.07,0.266,159739.0,420957.2,26.448,,,,26.449,,,,,,,,21631.05
600519.SH,2024-11-19,1565.0,1569.37,1525.0,1541.92,1559.0,-17.08,-1.0956,33266.43,5138831.155,1562.444,,,,1561.441,,,,,,,,-72519.44
600690.SH,2024-11-19,28.84,29.24,28.72,28.95,28.8,0.15,0.5208,339875.15,985039.158,29.374,,,,29.07,,,,,,,,2196005.53
600760.SH,2024-11-19,49.1,50.09,48.15,50.05,49.34,0.71,1.439,415367.78,2047543.557,51.36,,,,51.87,,,,,,,,-1507633.97
600809.SH,2024-11-19,215.0,215.97,202.61,209.07,212.92,-3.85,-1.8082,91905.93,1910064.25,216.61,,,,215.589,,,,,,,,-206486.24
600887.SH,2024-11-19,28.87,29.22,28.4,28.87,28.98,-0.11,-0.3796,415587.75,1195941.448,29.352,,,,29.283,,,,,,,,-1198891.4
600900.SH,2024-11-19,27.4,27.5,27.17,27.37,27.42,-0.05,-0.1823,956802.8,2615794.24,27.34,,,,27.338,,,,,,,,758749.86
601012.SH,2024-11-19,18.34,18.73,17.89,18.64,18.21,0.43,2.3613,980803.66,1798205.881,18.928,,,,18.963,,,,,,,,830594.75
601088.SH,2024-11-19,41.43,41.64,40.66,41.11,41.43,-0.32,-0.7724,349896.5,1439136.955,40.332,,,,40.458,,,,,,,,1305825.29
601127.SH,2024-11-19,124.99,129.55,122.68,129.39,124.75,4.64,3.7194,621506.5,7827075.006,134.076,,,,132.284,,,,,,,,-900034.29
601166.SH,2024-11-19,18.51,18.72,18.21,18.33,18.51,-0.18,-0.9724,984692.68,1813886.974,18.246,,,,18.303,,,,,,,,1252752.96
601211.SH,2024-11-19,19.7,19.76,19.32,19.64,19.58,0.06,0.3064,472207.4,921728.318,19.912,,,,19.932,,,,,,,,-90342.13
601225.SH,2024-11-19,23.88,23.97,23.43,23.71,23.86,-0.15,-0.6287,392501.41,930465.747,23.634,,,,23.629,,,,,,,,866758.26
601288.SH,2024-11-19,4.8,4.82,4.7,4.75,4.8,-0.05,-1.0417,5684594.72,2708267.165,4.72,,,,4.729,,,,,,,,14818556.18
601318.SH,2024-11-19,56.0,56.12,55.1,55.61,55.76,-0.15,-0.269,528193.0,2934893.274,56.272,,,,56.297,,,,,,,,-2083806.18
601328.SH,2024-11-19,7.29,7.38,7.19,7.24,7.29,-0.05,-0.6859,1288262.08,936503.217,7.174,,,,7.192,,,,,,,,1519361.04
601398.SH,2024-11-19,6.18,6.22,6.07,6.15,6.19,-0.04,-0.6462,4294987.1,2648795.351,6.1,,,,6.11,,,,,,,,6660887.87
601601.SH,2024-11-19,35.54,35.68,34.75,35.13,35.54,-0.41,-1.1536,306316.29,1075379.253,35.49,,,,35.566,,,,,,,,-229173.15
601628.SH,2024-11-19,44.52,44.72,43.25,44.31,44.72,-0.41,-0.9168,168051.19,738114.173,44.93,,,,45.022,,,,,,,,-46667.83
601658.SH,2024-11-19,5.34,5.39,5.25,5.3,5.33,-0.03,-0.5629,1851077.63,983724.424,5.252,,,,5.26,,,,,,,,4478397.16
601668.SH,2024-11-19,6.23,6.24,6.06,6.1,6.28,-0.18,-2.8662,4479043.43,2743349.874,6.13,,,,6.144,,,,,,,,1288290.55
601728.SH,2024-11-19,6.69,6.71,6.42,6.53,6.75,-0.22,-3.2593,2621917.09,1713233.055,6.648,,,,6.596,,,,,,,,6653782.78
601816.SH,2024-11-19,5.67,5.73,5.59,5.64,5.68,-0.04,-0.7042,1511360.91,852951.394,5.616,,,,5.619,,,,,,,,3381843.07
601857.SH,2024-11-19,8.19,8.2,8.06,8.13,8.15,-0.02,-0.2454,1697556.27,1375912.252,8.082,,,,8.096,,,,,,,,1823962.5
601888.SH,2024-11-19,70.0,70.4,68.47,70.31,69.77,0.54,0.774,168759.59,1175245.646,71.41,,,,71.439,,,,,,,,-585325.0
601899.SH,2024-11-19,16.0,16.43,16.0,16.21,15.71,0.5,3.1827,2600998.89,4215053.447,15.83,,,,15.981,,,,,,,,6288780.77
601919.SH,2024-11-19,14.6,14.6,14.32,14.48,14.64,-0.16,-1.0929,1283755.76,1852862.638,14.522,,,,14.539,,,,,,,,2182737.83
601985.SH,2024-11-19,10.0,10.04,9.85,9.93,9.99,-0.06,-0.6006,1196397.45,1186114.026,9.942,,,,9.926,,,,,,,,2548345.56
601988.SH,2024-11-19,5.01,5.05,4.91,4.98,5.0,-0.02,-0.4,2543577.24,1268152.728,4.9,,,,4.915,,,,,,,,8654520.43
603019.SH,2024-11-19,70.9,78.42,69.85,77.19,71.35,5.84,8.185,1460369.94,10733249.107,76.126,,,,77.441,,,,,,,,-3893325.99
603259.SH,2024-11-19,51.93,52.58,50.69,52.08,51.62,0.46,0.8911,422373.17,2180513.267,53.506,,,,53.681,,,,,,,,-139737.74
603501.SH,2024-11-19,104.95,106.8,103.0,106.33,104.95,1.38,1.3149,182227.3,1915437.72,108.558,,,,108.789,,,,,,,,-646162.55
603993.SH,2024-11-19,7.54,7.65,7.44,7.64,7.4,0.24,3.2432,1845656.72,1394765.032,7.522,,,,7.584,,,,,,,,-2510267.77
688008.SH,2024-11-19,66.77,68.55,65.51,68.16,66.2,1.96,2.9607,331096.59,2219437.232,70.036,,,,70.172,,,,,,,,-204906.84
688012.SH,2024-11-19,213.33,217.5,205.97,215.15,211.08,4.07,1.9282,125710.86,2668622.814,223.186,,,,223.614,,,,,,,,-66697.85
688041.SH,2024-11-19,123.22,127.78,122.37,127.2,123.11,4.09,3.3222,216128.36,2702243.036,126.084,,,,127.408,,,,,,,,356222.19
688111.SH,2024-11-19,274.3,282.0,268.0,278.99,272.24,6.75,2.4794,48227.69,1322112.037,291.022,,,,285.483,,,,,,,,-67284.78
688256.SH,2024-11-19,450.0,465.0,425.0,461.0,448.66,12.34,2.7504,97371.49,4325527.019,461.268,,,,453.385,,,,,,,,21748.91
688981.SH,2024-11-19,92.1,95.39,90.22,94.9,92.3,2.6,2.8169,831596.84,7685226.379,95.624,,,,96.323,,,,,,,,-1985557.82
600028.SH,2024-11-20,6.27,6.37,6.26,6.34,6.29,0.05,0.7949,1393591.18,881622.992,6.316,,,,6.305,,,,,,,,7361218.27
600030.SH,2024-11-20,31.34,32.16,31.01,31.74,31.3,0.44,1.4058,2172904.26,6873427.378,31.502,,,,31.888,,,,,,,,-6319921.5
600031.SH,2024-11-20,17.89,17.92,17.74,17.85,17.89,-0.04,-0.2236,359085.39,639987.712,18.06,,,,18.024,,,,,,,,-1569817.35
600036.SH,2024-11-20,37.8,37.85,37.4,37.48,37.72,-0.24,-0.6363,451291.26,1693331.536,37.796,,,,37.727,,,,,,,,63232.35
600050.SH,2024-11-20,5.4,5.53,5.35,5.48,5.48,0.0,0.0,7555784.77,4117015.676,5.608,,,,5.507,,,,,,,,9849798.47
600104.SH,2024-11-20,16.3,17.32,16.3,17.15,16.52,0.63,3.8136,2332130.4,3912620.288,17.202,,,,16.833,,,,,,,,5964368.62
600111.SH,2024-11-20,23.22,23.58,23.1,23.42,23.21,0.21,0.9048,610553.26,1428097.825,23.378,,,,23.691,,,,,,,,-135835.04
600150.SH,2024-11-20,36.26,36.31,35.8,36.25,36.26,-0.01,-0.0276,371547.0,1339331.751,36.766,,,,36.708,,,,,,,,-1405308.21
600276.SH,2024-11-20,47.44,50.79,47.44,50.46,47.43,3.03,6.3884,1095673.59,5459304.163,48.248,,,,48.825,,,,,,,,561057.37
600309.SH,2024-11-20,77.0,77.05,76.0,76.79,77.13,-0.34,-0.4408,197161.85,1506098.581,77.068,,,,77.536,,,,,,,,-834614.81
600406.SH,2024-11-20,26.41,26.55,26.12,26.47,26.39,0.08,0.3031,153579.93,404856.9,26.362,,,,26.456,,,,,,,,175210.98
600519.SH,2024-11-20,1543.0,1553.97,1531.3,1544.81,1541.92,2.89,0.1874,21344.55,3292675.257,1555.706,,,,1555.897,,,,,,,,-51174.89
600690.SH,2024-11-20,28.88,29.1,28.57,28.93,28.95,-0.02,-0.0691,306458.29,884393.233,29.24,,,,29.023,,,,,,,,1889547.24
600760.SH,2024-11-20,49.58,50.97,49.11,50.8,50.05,0.75,1.4985,379095.21,1900253.233,50.554,,,,51.513,,,,,,,,-1128538.76
600809.SH,2024-11-20,208.55,212.4,206.41,210.0,209.07,0.93,0.4448,42294.95,885549.477,214.004,,,,213.726,,,,,,,,-164191.29
600887.SH,2024-11-20,28.9,29.2,28.63,29.04,28.87,0.17,0.5888,286531.24,830306.989,29.158,,,,29.202,,,,,,,,-912360.16
600900.SH,2024-11-20,27.37,27.75,27.21,27.62,27.37,0.25,0.9134,998049.39,2747324.911,27.386,,,,27.432,,,,,,,,1756799.25
601012.SH,2024-11-20,18.65,18.71,18.35,18.6,18.64,-0.04,-0.2146,745677.09,1381754.452,18.632,,,,18.842,,,,,,,,84917.66
601088.SH,2024-11-20,40.85,41.24,40.8,41.04,41.11,-0.07,-0.1703,221818.12,909162.37,40.666,,,,40.652,,,,,,,,1084007.17
601127.SH,2024-11-20,127.1,131.33,127.01,129.72,129.39,0.33,0.255,428884.55,5538804.783,131.134,,,,131.429,,,,,,,,-471149.74
601166.SH,2024-11-20,18.35,18.36,18.19,18.22,18.33,-0.11,-0.6001,640151.48,1168660.688,18.26,,,,18.276,,,,,,,,612601.48
601211.SH,2024-11-20,19.6,19.63,19.41,19.55,19.64,-0.09,-0.4582,362467.0,707562.974,19.726,,,,19.805,,,,,,,,-452809.13
601225.SH,2024-11-20,23.7,23.99,23.52,23.9,23.71,0.19,0.8013,285945.34,680322.129,23.688,,,,23.719,,,,,,,,1152703.6
601288.SH,2024-11-20,4.74,4.79,4.73,4.77,4.75,0.02,0.4211,3619546.3,1725711.317,4.742,,,,4.743,,,,,,,,18438102.48
601318.SH,2024-11-20,55.62,55.8,55.2,55.46,55.61,-0.15,-0.2697,469971.45,2605295.42,55.926,,,,56.018,,,,,,,,-2553777.63
601328.SH,2024-11-20,7.22,7.27,7.19,7.19,7.24,-0.05,-0.6906,945127.25,682144.73,7.194,,,,7.191,,,,,,,,574233.79
601398.SH,2024-11-20,6.13,6.18,6.12,6.14,6.15,-0.01,-0.1626,2682420.57,1649596.256,6.12,,,,6.12,,,,,,,,3978467.3
601601.SH,2024-11-20,35.06,35.35,34.77,35.12,35.13,-0.01,-0.0285,223753.47,783670.727,35.31,,,,35.417,,,,,,,,-452926.62
601628.SH,2024-11-20,44.1,44.5,43.69,44.18,44.31,-0.13,-0.2934,87248.77,384336.127,44.728,,,,44.741,,,,,,,,-133916.6
601658.SH,2024-11-20,5.3,5.34,5.27,5.31,5.3,0.01,0.1887,1142543.6,606383.253,5.276,,,,5.277,,,,,,,,5620940.76
601668.SH,2024-11-20,6.1,6.12,6.07,6.1,6.1,0.0,0.0,2063652.52,1256278.128,6.124,,,,6.13,,,,,,,,1288290.55
601728.SH,2024-11-20,6.47,6.64,6.46,6.63,6.53,0.1,1.5314,1765301.39,1161245.424,6.634,,,,6.607,,,,,,,,8419084.17
601816.SH,2024-11-20,5.63,5.66,5.57,5.58,5.64,-0.06,-1.0638,1382758.27,776100.134,5.618,,,,5.606,,,,,,,,1999084.8
601857.SH,2024-11-20,8.1,8.15,8.06,8.13,8.13,0.0,0.0,1175676.57,953324.0,8.094,,,,8.107,,,,,,,,1823962.5
601888.SH,2024-11-20,70.19,70.79,69.8,70.4,70.31,0.09,0.128,136588.27,959384.481,70.658,,,,71.093,,,,,,,,-448736.73
601899.SH,2024-11-20,16.29,16.3,15.94,16.03,16.21,-0.18,-1.1104,1460525.92,2347972.312,15.836,,,,15.997,,,,,,,,4828254.85
601919.SH,2024-11-20,14.38,14.55,14.36,14.52,14.48,0.04,0.2762,693373.26,1002675.779,14.506,,,,14.532,,,,,,,,2876111.09
601985.SH,2024-11-20,9.9,10.02,9.84,10.0,9.93,0.07,0.7049,1164373.52,1158575.971,9.94,,,,9.95,,,,,,,,3712719.08
601988.SH,2024-11-20,4.98,5.0,4.94,4.96,4.98,-0.02,-0.4016,1695159.45,842721.892,4.928,,,,4.93,,,,,,,,6959360.98
603019.SH,2024-11-20,75.88,80.89,74.9,77.7,77.19,0.51,0.6607,1325649.53,10271353.857,75.126,,,,77.527,,,,,,,,-2567676.46
603259.SH,2024-11-20,51.8,53.08,51.68,52.57,52.08,0.49,0.9409,451492.62,2371766.515,52.708,,,,53.311,,,,,,,,311754.88
603501.SH,2024-11-20,106.0,106.6,104.76,105.86,106.33,-0.47,-0.442,143696.15,1518834.402,107.02,,,,107.812,,,,,,,,-789858.7
603993.SH,2024-11-20,7.65,7.66,7.56,7.61,7.64,-0.03,-0.3927,1009003.79,767226.2,7.51,,,,7.593,,,,,,,,-3519271.56
688008.SH,2024-11-20,67.5,68.67,67.17,67.96,68.16,-0.2,-0.2934,251465.5,1706511.765,68.55,,,,69.434,,,,,,,,-456372.34
688012.SH,2024-11-20,214.0,216.4,210.13,213.01,215.15,-2.14,-0.9947,92611.21,1976142.756,217.288,,,,220.08,,,,,,,,-159309.06
688041.SH,2024-11-20,127.21,129.75,125.1,126.54,127.2,-0.66,-0.5189,197065.99,2500334.604,125.09,,,,127.119,,,,,,,,159156.2
688111.SH,2024-11-20,278.0,294.8,277.0,288.07,278.99,9.08,3.2546,69217.07,1978036.307,286.036,,,,286.345,,,,,,,,1932.29
688256.SH,2024-11-20,456.0,479.65,449.01,475.0,461.0,14.0,3.0369,93300.8,4328962.25,461.468,,,,460.59,,,,,,,,115049.71
688981.SH,2024-11-20,94.0,94.57,92.6,93.28,94.9,-1.62,-1.7071,585074.95,5461026.114,94.452,,,,95.309,,,,,,,,-2570632.77
600028.SH,2024-11-21,6.33,6.37,6.31,6.33,6.34,-0.01,-0.1577,931972.75,590705.961,6.328,,,,6.313,,,,,,,,6429245.52
600030.SH,2024-11-21,31.52,32.12,31.38,31.89,31.74,0.15,0.4726,1904305.9,6042276.754,31.346,,,,31.889,,,,,,,,-4415615.6
600031.SH,2024-11-21,17.8,17.91,17.65,17.74,17.85,-0.11,-0.6162,340332.86,603500.964,17.908,,,,17.929,,,,,,,,-1910150.21
600036.SH,2024-11-21,37.48,37.66,37.27,37.43,37.48,-0.05,-0.1334,350336.14,1309684.433,37.67,,,,37.628,,,,,,,,-287103.79
600050.SH,2024-11-21,5.46,5.51,5.31,5.37,5.48,-0.11,-2.0073,6257145.7,3370254.146,5.588,,,,5.461,,,,,,,,3592652.77
600104.SH,2024-11-21,16.88,18.86,16.87,18.28,17.15,1.13,6.5889,2127508.56,3859044.606,17.514,,,,17.315,,,,,,,,8091877.18
600111.SH,2024-11-21,23.41,23.56,23.05,23.26,23.42,-0.16,-0.6832,487461.78,1135699.996,23.204,,,,23.548,,,,,,,,-623296.82
600150.SH,2024-11-21,36.24,36.58,36.09,36.33,36.25,0.08,0.2207,305508.02,1108358.553,36.488,,,,36.582,,,,,,,,-1099800.19
600276.SH,2024-11-21,50.31,50.97,49.75,50.19,50.46,-0.27,-0.5351,488474.93,2454422.663,48.596,,,,49.28,,,,,,,,72582.44
600309.SH,2024-11-21,77.13,77.24,76.26,76.68,76.79,-0.11,-0.1432,141897.79,1088138.601,76.79,,,,77.251,,,,,,,,-976512.6
600406.SH,2024-11-21,26.55,26.79,26.4,26.75,26.47,0.28,1.0578,227609.2,606479.029,26.428,,,,26.554,,,,,,,,402820.18
600519.SH,2024-11-21,1543.87,1548.99,1532.0,1545.13,1544.81,0.32,0.0207,18261.79,2810933.515,1549.972,,,,1552.308,,,,,,,,-32913.1
600690.SH,2024-11-21,28.95,29.07,28.58,28.8,28.93,-0.13,-0.4494,312767.53,900097.355,29.014,,,,28.949,,,,,,,,1576779.71
600760.SH,2024-11-21,50.42,50.48,49.72,50.03,50.8,-0.77,-1.5157,265738.23,1330035.492,50.134,,,,51.019,,,,,,,,-1394276.99
600809.SH,2024-11-21,210.0,212.2,206.68,208.48,210.0,-1.52,-0.7238,45485.38,948273.949,211.458,,,,211.977,,,,,,,,-209676.67
600887.SH,2024-11-21,28.91,29.28,28.9,29.17,29.04,0.13,0.4477,239625.33,696695.953,29.07,,,,29.191,,,,,,,,-672734.83
600900.SH,2024-11-21,27.56,27.7,27.54,27.67,27.62,0.05,0.181,678484.91,1875901.033,27.436,,,,27.511,,,,,,,,2435284.16
601012.SH,2024-11-21,18.98,19.15,18.45,18.61,18.6,0.01,0.0538,964468.81,1806966.949,18.516,,,,18.765,,,,,,,,1049386.47
601088.SH,2024-11-21,40.96,41.56,40.9,41.19,41.04,0.15,0.3655,202641.11,836026.891,40.982,,,,40.831,,,,,,,,1286648.28
601127.SH,2024-11-21,128.79,131.58,127.62,129.15,129.72,-0.57,-0.4394,347045.68,4492914.131,128.902,,,,130.67,,,,,,,,-818195.42
601166.SH,2024-11-21,18.21,18.28,18.14,18.24,18.22,0.02,0.1098,439913.86,800507.808,18.27,,,,18.264,,,,,,,,1052515.34
601211.SH,2024-11-21,20.11,20.18,19.45,19.81,19.55,0.26,1.3299,924597.12,1829225.712,19.632,,,,19.807,,,,,,,,471787.99
601225.SH,2024-11-21,23.8,24.29,23.8,24.05,23.9,0.15,0.6276,304427.12,733946.811,23.81,,,,23.829,,,,,,,,1457130.72
601288.SH,2024-11-21,4.76,4.78,4.75,4.77,4.77,0.0,0.0,2186033.0,1041078.305,4.758,,,,4.752,,,,,,,,18438102.48
601318.SH,2024-11-21,55.49,55.67,55.12,55.49,55.46,0.03,0.0541,410244.89,2269302.644,55.624,,,,55.842,,,,,,,,-2143532.74
601328.SH,2024-11-21,7.18,7.22,7.17,7.21,7.19,0.02,0.2782,643676.1,462573.529,7.21,,,,7.197,,,,,,,,1217909.89
601398.SH,2024-11-21,6.13,6.15,6.11,6.13,6.14,-0.01,-0.1629,1809107.03,1107466.761,6.132,,,,6.123,,,,,,,,2169360.27
601601.SH,2024-11-21,35.12,35.35,34.73,35.28,35.12,0.16,0.4556,221173.41,776095.816,35.226,,,,35.372,,,,,,,,-231753.21
601628.SH,2024-11-21,44.0,44.45,43.8,44.39,44.18,0.21,0.4753,86062.79,379605.6,44.456,,,,44.624,,,,,,,,-47853.81
601658.SH,2024-11-21,5.3,5.32,5.28,5.3,5.31,-0.01,-0.1883,766913.29,406066.522,5.298,,,,5.285,,,,,,,,4854027.47
601668.SH,2024-11-21,6.09,6.14,6.08,6.11,6.1,0.01,0.1639,1824455.44,1114042.62,6.128,,,,6.123,,,,,,,,3112745.99
601728.SH,2024-11-21,6.6,6.66,6.48,6.52,6.63,-0.11,-1.6591,1291975.23,845886.692,6.626,,,,6.578,,,,,,,,7127108.94
601816.SH,2024-11-21,5.58,5.63,5.56,5.62,5.58,0.04,0.7168,896811.99,502012.928,5.636,,,,5.611,,,,,,,,2895896.79
601857.SH,2024-11-21,8.11,8.16,8.08,8.11,8.13,-0.02,-0.246,1034575.9,840590.756,8.11,,,,8.108,,,,,,,,789386.6
601888.SH,2024-11-21,70.19,70.37,69.54,70.01,70.4,-0.39,-0.554,121053.06,846281.885,70.242,,,,70.732,,,,,,,,-569789.79
601899.SH,2024-11-21,16.04,16.23,15.97,16.16,16.03,0.13,0.811,1353773.78,2177155.617,15.946,,,,16.051,,,,,,,,6182028.63
601919.SH,2024-11-21,14.51,14.54,14.39,14.5,14.52,-0.02,-0.1377,630940.66,912606.514,14.53,,,,14.522,,,,,,,,2245170.43
601985.SH,2024-11-21,9.98,10.22,9.97,10.13,10.0,0.13,1.3,1441564.13,1459207.104,9.994,,,,10.01,,,,,,,,5154283.21
601988.SH,2024-11-21,4.95,4.98,4.94,4.96,4.96,0.0,0.0,1057666.1,523785.91,4.952,,,,4.94,,,,,,,,6959360.98
603019.SH,2024-11-21,76.79,80.5,76.28,78.93,77.7,1.23,1.583,1052847.54,8304546.26,75.54,,,,77.995,,,,,,,,-1514828.92
603259.SH,2024-11-21,52.45,52.46,51.74,52.17,52.57,-0.4,-0.7609,289348.43,1506554.239,52.262,,,,52.93,,,,,,,,22406.45
603501.SH,2024-11-21,105.86,106.2,104.23,104.92,105.86,-0.94,-0.888,134393.45,1414916.007,105.938,,,,106.848,,,,,,,,-924252.15
603993.SH,2024-11-21,7.6,7.64,7.56,7.61,7.61,0.0,0.0,881980.66,670389.15,7.544,,,,7.598,,,,,,,,-3519271.56
688008.SH,2024-11-21,67.8,68.85,66.84,67.6,67.96,-0.36,-0.5297,260358.58,1771095.193,67.73,,,,68.823,,,,,,,,-716730.92
688012.SH,2024-11-21,211.02,219.87,210.0,216.5,213.01,3.49,1.6384,104305.27,2258923.279,213.588,,,,218.886,,,,,,,,-55003.79
688041.SH,2024-11-21,125.6,131.44,125.51,128.5,126.54,1.96,1.5489,260849.75,3367446.92,125.45,,,,127.579,,,,,,,,420005.95
688111.SH,2024-11-21,294.5,321.78,289.5,313.11,288.07,25.04,8.6923,109442.66,3356335.73,288.058,,,,295.267,,,,,,,,111374.95
688256.SH,2024-11-21,474.99,525.0,470.64,514.32,475.0,39.32,8.2779,120663.33,6058022.891,470.532,,,,478.5,,,,,,,,235713.04
688981.SH,2024-11-21,93.0,94.9,92.5,93.5,93.28,0.22,0.2358,561971.06,5261662.792,93.778,,,,94.706,,,,,,,,-2008661.71
600028.SH,2024-11-22,6.33,6.37,6.27,6.27,6.33,-0.06,-0.9479,1372774.72,867142.804,6.318,6.283,,,6.299,6.283,,,,,,,5056470.8
600030.SH,2024-11-22,31.89,31.98,30.24,30.33,31.89,-1.56,-4.8918,2305779.43,7164401.757,31.186,32.146,,,31.369,32.146,,,,,,,-6721395.03
600031.SH,2024-11-22,17.74,17.85,17.27,17.28,17.74,-0.46,-2.593,533958.34,938006.15,17.718,18.068,,,17.713,18.068,,,,,,,-2444108.55
600036.SH,2024-11-22,37.43,37.55,36.36,36.45,37.43,-0.98,-2.6182,690490.9,2544524.441,37.396,37.66,,,37.235,37.66,,,,,,,-977594.69
600050.SH,2024-11-22,5.38,5.46,5.2,5.2,5.37,-0.17,-3.1657,6346925.94,3384883.804,5.466,5.438,,,5.374,5.438,,,,,,,-2754273.17
600104.SH,2024-11-22,18.05,19.14,17.68,17.98,18.28,-0.3,-1.6411,2403542.84,4455456.49,17.656,16.804,,,17.537,16.804,,,,,,,5688334.34
600111.SH,2024-11-22,23.35,24.58,22.71,23.63,23.26,0.37,1.5907,1409586.72,3338671.182,23.266,24.032,,,23.575,24.032,,,,,,,786289.9
600150.SH,2024-11-22,36.35,36.36,35.08,35.17,36.33,-1.16,-3.193,455521.39,1624954.134,36.144,36.851,,,36.111,36.851,,,,,,,-1555321.58
600276.SH,2024-11-22,50.19,50.63,48.2,48.27,50.19,-1.92,-3.8255,501547.61,2463628.941,48.71,48.777,,,48.943,48.777,,,,,,,-428965.17
600309.SH,2024-11-22,76.29,76.5,73.77,73.89,76.68,-2.79,-3.6385,310177.48,2322443.277,76.17,77.719,,,76.13,77.719,,,,,,,-1286690.08
600406.SH,2024-11-22,26.84,26.85,25.8,25.81,26.75,-0.94,-3.514,279374.54,732106.669,26.348,26.453,,,26.306,26.453,,,,,,,123445.64
600519.SH,2024-11-22,1541.15,1547.77,1507.82,1507.82,1545.13,-37.31,-2.4147,33436.11,5107288.992,1539.736,1558.519,,,1537.479,1558.519,,,,,,,-66349.21
600690.SH,2024-11-22,28.77,29.65,28.68,28.9,28.8,0.1,0.3472,457000.56,1337024.49,28.876,29.085,,,28.932,29.085,,,,,,,2033780.27
600760.SH,2024-11-22,49.63,51.47,49.01,49.4,50.03,-0.63,-1.2592,430620.28,2164183.266,49.924,52.212,,,50.479,52.212,,,,,,,-1824897.27
600809.SH,2024-11-22,208.5,209.42,199.14,199.4,208.48,-9.08,-4.3553,68625.33,1393024.858,207.974,214.893,,,207.785,214.893,,,,,,,-278302.0
600887.SH,2024-11-22,29.17,29.2,28.36,28.4,29.17,-0.77,-2.6397,292499.07,841696.294,28.892,29.318,,,28.928,29.318,,,,,,,-965233.9
600900.SH,2024-11-22,27.67,27.78,27.26,27.26,27.67,-0.41,-1.4817,971291.06,2668597.372,27.468,27.37,,,27.427,27.37,,,,,,,1463993.1
601012.SH,2024-11-22,18.5,18.57,17.71,17.75,18.61,-0.86,-4.6212,1048357.83,1902125.473,18.362,18.972,,,18.426,18.972,,,,,,,1028.64
601088.SH,2024-11-22,41.19,41.32,39.8,39.8,41.19,-1.39,-3.3746,273446.13,1102845.127,40.914,40.198,,,40.487,40.198,,,,,,,1013202.15
601127.SH,2024-11-22,130.35,130.35,123.68,123.99,129.15,-5.16,-3.9954,372253.28,4712419.971,127.4,132.811,,,128.443,132.811,,,,,,,-1190448.7
601166.SH,2024-11-22,18.25,18.29,17.8,17.8,18.24,-0.44,-2.4123,848441.35,1528594.115,18.22,18.2,,,18.109,18.2,,,,,,,204073.99
601211.SH,2024-11-22,19.99,20.05,19.1,19.12,19.81,-0.69,-3.4831,704392.94,1382470.051,19.54,19.934,,,19.578,19.934,,,,,,,-232604.95
601225.SH,2024-11-22,24.06,24.22,23.35,23.41,24.05,-0.64,-2.6611,384777.1,907888.959,23.786,23.619,,,23.69,23.619,,,,,,,1072353.62
601288.SH,2024-11-22,4.77,4.79,4.7,4.7,4.77,-0.07,-1.4675,3192658.0,1513295.0,4.758,4.718,,,4.735,4.718,,,,,,,15245444.48
601318.SH,2024-11-22,55.47,55.47,53.0,53.03,55.49,-2.46,-4.4332,1006808.13,5439029.187,55.07,56.075,,,54.905,56.075,,,,,,,-3150340.87
601328.SH,2024-11-22,7.21,7.23,7.07,7.08,7.21,-0.13,-1.8031,1098676.15,784129.812,7.202,7.154,,,7.158,7.154,,,,,,,119233.74
601398.SH,2024-11-22,6.14,6.15,6.05,6.05,6.13,-0.08,-1.3051,2978202.81,1814510.786,6.132,6.086,,,6.099,6.086,,,,,,,-808842.54
601601.SH,2024-11-22,35.24,35.5,33.8,33.85,35.28,-1.43,-4.0533,295863.17,1021587.96,34.984,35.445,,,34.864,35.445,,,,,,,-527616.38
601628.SH,2024-11-22,44.38,44.82,41.71,41.77,44.39,-2.62,-5.9022,211645.89,905095.658,43.874,44.79,,,43.673,44.79,,,,,,,-259499.7
601658.SH,2024-11-22,5.3,5.33,5.19,5.2,5.3,-0.1,-1.8868,1444627.01,758126.643,5.288,5.242,,,5.256,5.242,,,,,,,3409400.46
601668.SH,2024-11-22,6.1,6.11,5.95,5.95,6.11,-0.16,-2.6187,2915255.02,1757788.38,6.108,6.109,,,6.065,6.109,,,,,,,197490.97
601728.SH,2024-11-22,6.5,6.6,6.4,6.42,6.52,-0.1,-1.5337,1398866.0,907941.946,6.57,6.569,,,6.525,6.569,,,,,,,5728242.94
601816.SH,2024-11-22,5.62,5.67,5.53,5.53,5.62,-0.09,-1.6014,1273814.0,714892.63,5.61,5.591,,,5.584,5.591,,,,,,,1622082.79
601857.SH,2024-11-22,8.13,8.19,8.01,8.01,8.11,-0.1,-1.233,1664004.15,1345765.046,8.106,8.075,,,8.076,8.075,,,,,,,-874617.55
601888.SH,2024-11-22,69.95,70.44,67.4,67.4,70.01,-2.61,-3.728,179078.5,1233493.636,69.578,71.349,,,69.621,71.349,,,,,,,-748868.29
601899.SH,2024-11-22,16.18,16.2,15.76,15.76,16.16,-0.4,-2.4752,1252431.44,1995032.918,15.974,15.959,,,15.954,15.959,,,,,,,4929597.19
601919.SH,2024-11-22,14.48,14.57,14.11,14.12,14.5,-0.38,-2.6207,985582.35,1410290.132,14.452,14.492,,,14.388,14.492,,,,,,,1259588.08
601985.SH,2024-11-22,10.2,10.28,9.87,9.87,10.13,-0.26,-2.5666,1303302.65,1308866.549,9.984,9.937,,,9.963,9.937,,,,,,,3850980.56
601988.SH,2024-11-22,4.96,4.98,4.91,4.91,4.96,-0.05,-1.0081,1580135.31,780729.305,4.962,4.893,,,4.93,4.893,,,,,,,5379225.67
603019.SH,2024-11-22,78.91,79.88,74.58,74.85,78.93,-4.08,-5.1691,1000200.43,7736360.374,76.004,78.339,,,76.946,78.339,,,,,,,-2515029.35
603259.SH,2024-11-22,52.01,52.01,49.56,49.63,52.17,-2.54,-4.8687,539043.98,2732774.875,51.614,53.763,,,51.83,53.763,,,,,,,-516637.53
603501.SH,2024-11-22,105.03,106.33,99.0,99.52,104.92,-5.4,-5.1468,256484.5,2635980.61,104.316,108.434,,,104.406,108.434,,,,,,,-1180736.65
603993.SH,2024-11-22,7.58,7.61,7.32,7.32,7.61,-0.29,-3.8108,1324819.6,985948.84,7.516,7.575,,,7.506,7.575,,,,,,,-4844091.16
688008.SH,2024-11-22,67.81,68.88,63.88,63.91,67.6,-3.69,-5.4586,347760.61,2304432.049,66.766,70.216,,,67.185,70.216,,,,,,,-1064491.53
688012.SH,2024-11-22,218.0,223.33,209.32,209.46,216.5,-7.04,-3.2517,109894.03,2373871.383,213.04,224.635,,,215.744,224.635,,,,,,,-164897.82
688041.SH,2024-11-22,128.7,132.22,123.17,123.9,128.5,-4.6,-3.5798,257154.58,3291711.791,125.85,127.782,,,126.353,127.782,,,,,,,162851.37
688111.SH,2024-11-22,308.96,330.0,305.0,305.5,313.11,-7.61,-2.4305,100845.5,3205803.276,291.582,294.278,,,298.678,294.278,,,,,,,10529.45
688256.SH,2024-11-22,510.0,521.54,490.01,492.0,514.32,-22.32,-4.3397,87027.58,4373599.416,478.196,464.116,,,483.0,464.116,,,,,,,148685.46
688981.SH,2024-11-22,94.7,95.5,88.55,88.77,93.5,-4.73,-5.0588,792401.08,7262624.326,92.55,95.976,,,92.727,95.976,,,,,,,-2801062.79
600028.SH,2024-11-25,6.3,6.44,6.28,6.33,6.27,0.06,0.9569,2094831.98,1334644.725,6.312,6.293,,,6.309,6.292,,,,,,,7151302.78
600030.SH,2024-11-25,30.33,30.5,29.14,29.66,30.33,-0.67,-2.209,2318101.13,6880269.269,30.984,31.624,,,30.8,31.694,,,,,,,-9039496.16
600031.SH,2024-11-25,17.28,17.7,17.02,17.12,17.28,-0.16,-0.9259,507616.73,877356.457,17.576,17.922,,,17.515,17.896,,,,,,,-2951725.28
600036.SH,2024-11-25,36.7,36.86,36.12,36.22,36.45,-0.23,-0.631,534094.73,1945383.41,37.06,37.449,,,36.897,37.398,,,,,,,-1511689.42
600050.SH,2024-11-25,5.22,5.24,5.08,5.11,5.2,-0.09,-1.7308,4780738.28,2462316.781,5.328,5.427,,,5.286,5.378,,,,,,,-7535011.45
600104.SH,2024-11-25,18.9,19.78,18.3,19.5,17.98,1.52,8.4538,3075108.75,5893120.781,17.886,17.371,,,18.191,17.294,,,,,,,8763443.09
600111.SH,2024-11-25,23.4,23.8,22.78,23.03,23.63,-0.6,-2.5391,806409.2,1873418.831,23.31,23.752,,,23.393,23.85,,,,,,,-20119.3
600150.SH,2024-11-25,35.16,35.78,34.81,35.11,35.17,-0.06,-0.1706,364782.7,1283538.014,35.824,36.597,,,35.778,36.534,,,,,,,-1920104.28
600276.SH,2024-11-25,48.6,49.49,47.76,47.76,48.27,-0.51,-1.0566,436128.7,2119573.829,48.822,48.61,,,48.549,48.592,,,,,,,-865093.87
600309.SH,2024-11-25,73.89,74.44,72.46,73.0,73.89,-0.89,-1.2045,179755.69,1318123.553,75.498,76.932,,,75.087,76.861,,,,,,,-1466445.77
600406.SH,2024-11-25,25.8,25.91,25.03,25.07,25.81,-0.74,-2.8671,330957.88,840011.41,26.098,26.258,,,25.894,26.202,,,,,,,-207512.24
600519.SH,2024-11-25,1511.0,1532.0,1496.67,1498.57,1507.82,-9.25,-0.6135,33185.56,5011136.234,1527.65,1548.575,,,1524.509,1547.619,,,,,,,-99534.77
600690.SH,2024-11-25,29.17,29.6,28.01,28.11,28.9,-0.79,-2.7336,408545.02,1167291.092,28.738,29.05,,,28.658,28.908,,,,,,,1625235.25
600760.SH,2024-11-25,48.51,48.93,46.98,47.82,49.4,-1.58,-3.1984,354416.2,1693143.877,49.62,51.006,,,49.593,51.413,,,,,,,-2179313.47
600809.SH,2024-11-25,201.38,203.57,195.3,197.74,199.4,-1.66,-0.8325,56083.75,1115040.845,204.938,212.067,,,204.437,211.774,,,,,,,-334385.75
600887.SH,2024-11-25,28.4,28.68,28.17,28.22,28.4,-0.18,-0.6338,410986.29,1165494.151,28.74,29.139,,,28.692,29.118,,,,,,,-1376220.19
600900.SH,2024-11-25,27.39,27.59,27.03,27.13,27.26,-0.13,-0.4769,1014087.71,2767754.675,27.41,27.335,,,27.328,27.326,,,,,,,449905.39
601012.SH,2024-11-25,17.7,17.92,17.55,17.81,17.75,0.06,0.338,711743.77,1263982.359,18.282,18.751,,,18.221,18.761,,,,,,,712772.41
601088.SH,2024-11-25,40.18,40.37,39.5,40.11,39.8,0.31,0.7789,237381.54,947580.67,40.65,40.271,,,40.362,40.182,,,,,,,1250583.69
601127.SH,2024-11-25,122.55,123.79,118.43,121.35,123.99,-2.64,-2.1292,425957.75,5149743.926,126.72,130.916,,,126.079,130.727,,,,,,,-1616406.45
601166.SH,2024-11-25,17.91,17.99,17.71,17.76,17.8,-0.04,-0.2247,645260.27,1152007.049,18.07,18.138,,,17.993,18.12,,,,,,,-441186.28
601211.SH,2024-11-25,19.12,19.19,18.73,18.99,19.12,-0.13,-0.6799,519837.58,987106.949,19.422,19.745,,,19.382,19.762,,,,,,,-752442.53
601225.SH,2024-11-25,23.69,23.72,23.16,23.18,23.41,-0.23,-0.9825,262445.18,614160.21,23.65,23.587,,,23.52,23.539,,,,,,,809908.44
601288.SH,2024-11-25,4.72,4.75,4.7,4.73,4.7,0.03,0.6383,3310716.0,1567610.887,4.744,4.722,,,4.733,4.72,,,,,,,18556160.48
601318.SH,2024-11-25,53.0,53.25,52.14,52.57,53.03,-0.46,-0.8674,702698.26,3704922.205,54.432,55.492,,,54.126,55.438,,,,,,,-3853039.13
601328.SH,2024-11-25,7.12,7.19,7.08,7.13,7.08,0.05,0.7062,1217296.99,870980.528,7.17,7.156,,,7.149,7.15,,,,,,,1336530.73
601398.SH,2024-11-25,6.06,6.13,6.05,6.07,6.05,0.02,0.3306,2903722.07,1770698.664,6.108,6.089,,,6.089,6.083,,,,,,,2094879.53
601601.SH,2024-11-25,34.03,34.11,33.16,33.49,33.85,-0.36,-1.0635,270328.95,907391.567,34.574,35.097,,,34.406,35.09,,,,,,,-797945.33
601628.SH,2024-11-25,41.65,41.96,40.6,40.96,41.77,-0.81,-1.9392,145327.11,599390.501,43.122,44.147,,,42.768,44.094,,,,,,,-404826.81
601658.SH,2024-11-25,5.2,5.28,5.19,5.24,5.2,0.04,0.7692,1487582.96,779712.342,5.27,5.246,,,5.251,5.242,,,,,,,4896983.42
601668.SH,2024-11-25,5.99,6.0,5.87,5.89,5.95,-0.06,-1.0084,2196076.93,1302616.578,6.03,6.079,,,6.007,6.069,,,,,,,-1998585.96
601728.SH,2024-11-25,6.43,6.52,6.33,6.38,6.42,-0.04,-0.6231,1417608.69,909968.756,6.496,6.555,,,6.477,6.535,,,,,,,4310634.25
601816.SH,2024-11-25,5.56,5.61,5.47,5.51,5.53,-0.02,-0.3617,1325821.89,734118.07,5.576,5.583,,,5.559,5.576,,,,,,,296260.9
601857.SH,2024-11-25,8.05,8.15,8.0,8.03,8.01,0.02,0.2497,1515802.29,1222692.183,8.082,8.069,,,8.06,8.067,,,,,,,641184.74
601888.SH,2024-11-25,67.6,68.65,67.45,68.0,67.4,0.6,0.8902,148716.42,1012194.591,69.224,70.706,,,69.081,70.74,,,,,,,-600151.87
601899.SH,2024-11-25,15.88,16.04,15.47,15.55,15.76,-0.21,-1.3325,1197932.19,1883870.367,15.942,15.863,,,15.82,15.885,,,,,,,3731665.0
601919.SH,2024-11-25,14.12,14.29,13.84,13.99,14.12,-0.13,-0.9207,996410.1,1401029.37,14.322,14.424,,,14.255,14.401,,,,,,,263177.98
601985.SH,2024-11-25,9.86,9.89,9.41,9.53,9.87,-0.34,-3.4448,1982317.51,1911953.285,9.892,9.899,,,9.819,9.863,,,,,,,1868663.05
601988.SH,2024-11-25,4.92,4.97,4.9,4.91,4.91,0.0,0.0,1714040.01,846260.242,4.944,4.903,,,4.923,4.896,,,,,,,5379225.67
603019.SH,2024-11-25,74.6,79.59,72.86,79.07,74.85,4.22,5.6379,1154214.53,8775794.527,77.548,77.508,,,77.654,78.472,,,,,,,-1360814.82
603259.SH,2024-11-25,49.63,50.14,48.55,49.1,49.63,-0.53,-1.0679,348252.44,1716881.201,51.11,52.93,,,50.92,52.915,,,,,,,-864889.97
603501.SH,2024-11-25,99.55,100.15,95.8,97.03,99.52,-2.49,-2.502,191941.14,1874310.544,102.732,106.536,,,101.947,106.361,,,,,,,-1372677.79
603993.SH,2024-11-25,7.35,7.44,7.22,7.27,7.32,-0.05,-0.6831,1056268.8,773826.639,7.49,7.51,,,7.427,7.52,,,,,,,-5900359.96
688008.SH,2024-11-25,63.6,64.3,62.0,63.63,63.91,-0.28,-0.4381,274235.29,1730585.599,66.252,68.768,,,66.0,69.019,,,,,,,-1338726.82
688012.SH,2024-11-25,208.18,212.28,203.21,203.48,209.46,-5.98,-2.855,97234.1,2012804.32,211.52,220.468,,,211.656,220.789,,,,,,,-262131.92
688041.SH,2024-11-25,124.05,125.2,116.17,118.26,123.9,-5.64,-4.5521,280936.48,3338292.52,124.88,125.703,,,123.655,126.051,,,,,,,-118085.11
688111.SH,2024-11-25,313.0,316.6,285.05,293.72,305.5,-11.78,-3.856,82742.93,2434064.153,295.878,293.96,,,297.025,294.177,,,,,,,-72213.48
688256.SH,2024-11-25,499.87,503.58,469.0,489.0,492.0,-3.0,-0.6098,90342.01,4337897.991,486.264,469.965,,,485.0,468.64,,,,,,,58343.45
688981.SH,2024-11-25,88.76,88.77,84.52,86.16,88.77,-2.61,-2.9402,769059.09,6619040.919,91.322,94.094,,,90.538,94.191,,,,,,,-3570121.88
600028.SH,2024-11-26,6.29,6.37,6.22,6.36,6.33,0.03,0.4739,1392898.9,879845.481,6.326,6.311,,,6.326,6.304,,,,,,,8544201.68
600030.SH,2024-11-26,29.68,30.25,29.59,29.72,29.66,0.06,0.2023,1365192.65,4077617.099,30.668,31.203,,,30.44,31.335,,,,,,,-7674303.51
600031.SH,2024-11-26,17.16,17.23,16.99,17.05,17.12,-0.07,-0.4089,324947.79,555307.56,17.408,17.802,,,17.36,17.742,,,,,,,-3276673.07
600036.SH,2024-11-26,36.03,36.58,35.84,36.39,36.22,0.17,0.4694,459421.21,1666651.768,36.794,37.329,,,36.728,37.215,,,,,,,-1052268.21
600050.SH,2024-11-26,5.12,5.2,5.09,5.1,5.11,-0.01,-0.1957,4022545.29,2063590.9,5.252,5.428,,,5.224,5.328,,,,,,,-11557556.74
600104.SH,2024-11-26,18.76,19.14,18.31,18.37,19.5,-1.13,-5.7949,1736973.15,3244546.741,18.256,17.687,,,18.251,17.49,,,,,,,7026469.94
600111.SH,2024-11-26,22.97,23.75,22.78,22.79,23.03,-0.24,-1.0421,496069.38,1146593.805,23.226,23.515,,,23.192,23.657,,,,,,,-516188.68
600150.SH,2024-11-26,35.2,35.48,34.95,35.21,35.11,0.1,0.2848,251458.38,885804.238,35.614,36.445,,,35.588,36.294,,,,,,,-1668645.9
600276.SH,2024-11-26,47.86,49.56,47.8,48.68,47.76,0.92,1.9263,399756.02,1955082.311,49.072,48.549,,,48.593,48.608,,,,,,,-465337.85
600309.SH,2024-11-26,72.72,73.45,72.31,72.9,73.0,-0.1,-0.137,106052.1,772608.555,74.652,76.172,,,74.358,76.141,,,,,,,-1572497.87
600406.SH,2024-11-26,25.0,25.24,24.81,24.93,25.07,-0.14,-0.5584,196877.23,492067.723,25.806,26.127,,,25.573,25.97,,,,,,,-404389.47
600519.SH,2024-11-26,1498.57,1518.88,1488.88,1509.0,1498.57,10.43,0.696,25744.79,3876885.984,1521.066,1541.755,,,1519.339,1540.598,,,,,,,-73789.98
600690.SH,2024-11-26,28.0,28.58,27.71,28.29,28.11,0.18,0.6403,333192.78,942044.95,28.606,28.99,,,28.536,28.795,,,,,,,1958428.03
600760.SH,2024-11-26,47.57,48.4,47.52,47.58,47.82,-0.24,-0.5019,185588.08,889977.836,49.126,50.243,,,48.922,50.716,,,,,,,-2364901.55
600809.SH,2024-11-26,197.0,202.8,196.3,201.0,197.74,3.26,1.6486,53776.87,1080103.323,203.324,209.967,,,203.291,209.815,,,,,,,-280608.88
600887.SH,2024-11-26,28.28,28.9,28.17,28.57,28.22,0.35,1.2403,341083.79,976009.665,28.68,29.016,,,28.651,29.019,,,,,,,-1035136.4
600900.SH,2024-11-26,27.1,27.19,26.91,27.0,27.13,-0.13,-0.4792,883063.8,2387017.997,27.336,27.338,,,27.219,27.267,,,,,,,-433158.41
601012.SH,2024-11-26,17.99,18.55,17.9,18.0,17.81,0.19,1.0668,937227.56,1709683.46,18.154,18.541,,,18.147,18.622,,,,,,,1649999.97
601088.SH,2024-11-26,39.63,40.12,39.15,39.8,40.11,-0.31,-0.7729,189375.11,754243.135,40.388,40.36,,,40.174,40.113,,,,,,,1061208.58
601127.SH,2024-11-26,121.0,123.95,120.0,120.61,121.35,-0.74,-0.6098,269215.0,3273401.047,124.964,129.52,,,124.256,128.888,,,,,,,-1885621.45
601166.SH,2024-11-26,17.75,18.05,17.67,17.96,17.76,0.2,1.1261,624652.27,1117604.825,17.996,18.121,,,17.982,18.091,,,,,,,183465.99
601211.SH,2024-11-26,18.9,19.12,18.88,18.98,18.99,-0.01,-0.0527,304585.6,578083.383,19.29,19.601,,,19.248,19.62,,,,,,,-1057028.13
601225.SH,2024-11-26,23.11,23.66,23.0,23.38,23.18,0.2,0.8628,223470.24,523386.77,23.584,23.609,,,23.473,23.51,,,,,,,1033378.68
601288.SH,2024-11-26,4.73,4.83,4.71,4.81,4.73,0.08,1.6913,5055429.0,2416670.303,4.756,4.738,,,4.759,4.737,,,,,,,23611589.48
601318.SH,2024-11-26,52.5,53.27,52.37,53.05,52.57,0.48,0.9131,407618.23,2156122.895,53.92,55.096,,,53.768,55.004,,,,,,,-3445420.9
601328.SH,2024-11-26,7.13,7.34,7.12,7.33,7.13,0.2,2.805,2027040.89,1473695.357,7.188,7.181,,,7.209,7.182,,,,,,,3363571.62
601398.SH,2024-11-26,6.07,6.18,6.05,6.16,6.07,0.09,1.4827,3300041.49,2021400.613,6.11,6.105,,,6.113,6.097,,,,,,,5394921.02
601601.SH,2024-11-26,33.4,33.9,33.24,33.45,33.49,-0.04,-0.1194,164837.32,552552.455,34.238,34.864,,,34.087,34.791,,,,,,,-962782.65
601628.SH,2024-11-26,40.95,41.72,40.7,41.29,40.96,0.33,0.8057,98218.46,405374.761,42.518,43.724,,,42.276,43.584,,,,,,,-306608.35
601658.SH,2024-11-26,5.23,5.34,5.21,5.33,5.24,0.09,1.7176,1410893.88,748184.549,5.276,5.264,,,5.277,5.258,,,,,,,6307877.3
601668.SH,2024-11-26,5.88,5.94,5.86,5.92,5.89,0.03,0.5093,1598331.38,942786.853,5.994,6.062,,,5.978,6.042,,,,,,,-400254.58
601728.SH,2024-11-26,6.38,6.47,6.34,6.43,6.38,0.05,0.7837,932017.64,599882.708,6.476,6.562,,,6.461,6.516,,,,,,,5242651.89
601816.SH,2024-11-26,5.5,5.58,5.48,5.55,5.51,0.04,0.726,976424.19,541866.585,5.558,5.587,,,5.556,5.571,,,,,,,1272685.09
601857.SH,2024-11-26,7.97,8.03,7.84,8.02,8.03,-0.01,-0.1245,1313712.51,1044289.9,8.06,8.071,,,8.047,8.058,,,,,,,-672527.77
601888.SH,2024-11-26,67.7,68.75,67.59,67.84,68.0,-0.16,-0.2353,106907.96,727803.248,68.73,70.07,,,68.667,70.213,,,,,,,-707059.83
601899.SH,2024-11-26,15.4,15.68,15.37,15.54,15.55,-0.01,-0.0643,914522.06,1421300.26,15.808,15.819,,,15.726,15.822,,,,,,,2817142.94
601919.SH,2024-11-26,13.81,13.93,13.56,13.83,13.99,-0.16,-1.1437,1091081.41,1498693.558,14.192,14.357,,,14.113,14.297,,,,,,,-827903.43
601985.SH,2024-11-26,9.46,9.55,9.35,9.41,9.53,-0.12,-1.2592,1076284.36,1014642.569,9.788,9.865,,,9.683,9.781,,,,,,,792378.69
601988.SH,2024-11-26,4.91,5.0,4.88,4.99,4.91,0.08,1.6293,1972688.44,977059.179,4.946,4.923,,,4.946,4.913,,,,,,,7351914.11
603019.SH,2024-11-26,78.28,79.04,76.02,76.04,79.07,-3.03,-3.832,769733.28,5969438.148,77.318,76.722,,,77.116,78.03,,,,,,,-2130548.1
603259.SH,2024-11-26,49.29,49.85,48.94,49.0,49.1,-0.1,-0.2037,252699.05,1246059.208,50.494,52.0,,,50.28,52.203,,,,,,,-1117589.02
603501.SH,2024-11-26,96.9,97.8,95.98,96.35,97.03,-0.68,-0.7008,136170.95,1318803.093,100.736,104.647,,,100.081,104.54,,,,,,,-1508848.74
603993.SH,2024-11-26,7.25,7.39,7.24,7.29,7.27,0.02,0.2751,687244.78,501919.641,7.42,7.471,,,7.381,7.478,,,,,,,-5213115.18
688008.SH,2024-11-26,63.28,64.27,62.92,63.11,63.63,-0.52,-0.8172,163496.42,1038623.093,65.242,67.639,,,65.037,67.944,,,,,,,-1502223.24
688012.SH,2024-11-26,205.39,208.0,203.98,205.24,203.48,1.76,0.8649,60462.76,1244023.472,209.538,216.362,,,209.517,217.962,,,,,,,-201669.16
688041.SH,2024-11-26,117.97,119.45,117.11,118.1,118.26,-0.16,-0.1353,124717.61,1477502.87,123.06,124.572,,,121.803,124.605,,,,,,,-242802.72
688111.SH,2024-11-26,288.0,296.65,283.0,285.62,293.72,-8.1,-2.7577,56463.43,1630771.09,297.204,294.113,,,293.224,292.621,,,,,,,-128676.91
688256.SH,2024-11-26,484.0,494.9,476.8,485.9,489.0,-3.1,-0.6339,45453.27,2209649.265,491.244,476.256,,,485.3,471.778,,,,,,,12890.18
688981.SH,2024-11-26,85.97,86.66,85.03,85.1,86.16,-1.06,-1.2303,353635.42,3031752.239,89.362,92.493,,,88.725,92.538,,,,,,,-3923757.3
600028.SH,2024-11-27,6.36,6.38,6.32,6.38,6.36,0.02,0.3145,1266794.24,804768.007,6.334,6.325,,,6.344,6.318,,,,,,,9810995.92
600030.SH,2024-11-27,29.69,30.29,29.49,30.28,29.72,0.56,1.8843,1783033.9,5342614.122,30.376,30.939,,,30.386,31.143,,,,,,,-5891269.61
600031.SH,2024-11-27,17.07,17.37,16.97,17.36,17.05,0.31,1.8182,405571.5,698028.0,17.31,17.685,,,17.36,17.672,,,,,,,-2871101.57
600036.SH,2024-11-27,36.39,36.68,36.11,36.6,36.39,0.21,0.5771,392076.88,1429782.933,36.618,37.207,,,36.685,37.103,,,,,,,-660191.33
600050.SH,2024-11-27,5.08,5.23,5.06,5.22,5.1,0.12,2.3529,4791788.89,2468845.149,5.2,5.404,,,5.223,5.308,,,,,,,-6765767.85
600104.SH,2024-11-27,18.17,18.63,17.1,17.93,18.37,-0.44,-2.3952,2192359.69,3903123.029,18.412,17.807,,,18.144,17.57,,,,,,,4834110.25
600111.SH,2024-11-27,22.61,22.95,21.95,22.94,22.79,0.15,0.6582,652624.05,1460539.24,23.13,23.254,,,23.108,23.527,,,,,,,136435.37
600150.SH,2024-11-27,35.3,35.94,34.93,35.88,35.21,0.67,1.9029,398293.55,1416193.811,35.54,36.153,,,35.686,36.218,,,,,,,-1270352.35
600276.SH,2024-11-27,48.62,50.2,48.58,49.99,48.68,1.31,2.691,574543.6,2862205.754,48.978,48.613,,,49.058,48.859,,,,,,,109205.75
600309.SH,2024-11-27,72.88,74.55,72.58,74.48,72.9,1.58,2.1674,150980.61,1112405.398,74.19,75.629,,,74.399,75.839,,,,,,,-1421517.26
600406.SH,2024-11-27,24.93,25.03,24.59,25.0,24.93,0.07,0.2808,206784.26,514014.993,25.512,25.937,,,25.382,25.794,,,,,,,-197605.21
600519.SH,2024-11-27,1509.0,1522.15,1505.0,1519.05,1509.0,10.05,0.666,25934.17,3927607.772,1515.914,1535.81,,,1519.243,1536.68,,,,,,,-47855.81
600690.SH,2024-11-27,28.29,28.99,28.13,28.77,28.29,0.48,1.6967,254704.14,729283.651,28.574,28.907,,,28.614,28.791,,,,,,,2213132.17
600760.SH,2024-11-27,47.58,49.5,47.08,49.48,47.58,1.9,3.9933,336218.4,1635855.128,48.862,49.708,,,49.108,50.492,,,,,,,-2028683.15
600809.SH,2024-11-27,200.3,204.86,198.88,202.4,201.0,1.4,0.6965,47173.22,951888.002,201.804,207.904,,,202.994,208.467,,,,,,,-233435.66
600887.SH,2024-11-27,28.5,28.98,28.4,28.87,28.57,0.3,1.0501,302227.19,869636.266,28.646,28.902,,,28.724,28.992,,,,,,,-732909.21
600900.SH,2024-11-27,26.98,27.45,26.98,27.39,27.0,0.39,1.4444,1024693.14,2795306.804,27.29,27.338,,,27.276,27.289,,,,,,,591534.73
601012.SH,2024-11-27,18.05,18.39,17.87,18.35,18.0,0.35,1.9444,754879.03,1367008.14,18.104,18.368,,,18.215,18.573,,,,,,,2404879.0
601088.SH,2024-11-27,39.81,40.67,39.65,40.6,39.8,0.8,2.0101,252597.47,1019940.911,40.3,40.483,,,40.316,40.201,,,,,,,1313806.05
601127.SH,2024-11-27,122.0,124.48,119.34,123.89,120.61,3.28,2.7195,454811.98,5570912.675,123.798,127.466,,,124.134,127.979,,,,,,,-1430809.47
601166.SH,2024-11-27,17.95,18.12,17.8,18.11,17.96,0.15,0.8352,479128.2,861930.83,17.974,18.117,,,18.025,18.094,,,,,,,662594.19
601211.SH,2024-11-27,18.85,19.09,18.78,19.08,18.98,0.1,0.5269,399937.45,757770.867,19.196,19.461,,,19.192,19.522,,,,,,,-657090.68
601225.SH,2024-11-27,23.39,23.7,23.15,23.62,23.38,0.24,1.0265,222871.57,524211.702,23.528,23.608,,,23.522,23.53,,,,,,,1256250.25
601288.SH,2024-11-27,4.8,4.86,4.79,4.83,4.81,0.02,0.4158,4272565.85,2060642.417,4.768,4.755,,,4.782,4.754,,,,,,,27884155.33
601318.SH,2024-11-27,53.06,53.6,52.79,53.55,53.05,0.5,0.9425,444463.66,2366194.483,53.538,54.732,,,53.695,54.739,,,,,,,-3000957.24
601328.SH,2024-11-27,7.32,7.48,7.31,7.47,7.33,0.14,1.91,1602794.56,1186559.133,7.244,7.219,,,7.296,7.235,,,,,,,4966366.18
601398.SH,2024-11-27,6.15,6.22,6.14,6.2,6.16,0.04,0.6494,2883173.76,1783808.194,6.122,6.121,,,6.142,6.116,,,,,,,8278094.78
601601.SH,2024-11-27,33.28,33.9,33.09,33.88,33.45,0.43,1.2855,203727.22,683309.934,33.99,34.65,,,34.018,34.626,,,,,,,-759055.43
601628.SH,2024-11-27,41.23,42.44,40.76,42.31,41.29,1.02,2.4703,137017.58,571703.117,42.144,43.436,,,42.287,43.352,,,,,,,-169590.77
601658.SH,2024-11-27,5.31,5.37,5.27,5.34,5.33,0.01,0.1876,1180984.78,628477.027,5.282,5.279,,,5.298,5.273,,,,,,,7488862.08
601668.SH,2024-11-27,5.92,5.97,5.87,5.96,5.92,0.04,0.6757,1538755.31,911173.539,5.966,6.045,,,5.972,6.027,,,,,,,1138500.73
601728.SH,2024-11-27,6.4,6.57,6.4,6.53,6.43,0.1,1.5552,1360503.99,885892.207,6.456,6.545,,,6.484,6.518,,,,,,,6603155.88
601816.SH,2024-11-27,5.56,5.65,5.53,5.65,5.55,0.1,1.8018,1209784.26,678136.49,5.572,5.595,,,5.587,5.586,,,,,,,2482469.35
601857.SH,2024-11-27,7.98,8.04,7.94,8.03,8.02,0.01,0.1247,960155.37,767807.338,8.04,8.067,,,8.041,8.053,,,,,,,287627.6
601888.SH,2024-11-27,67.6,68.69,67.07,68.68,67.84,0.84,1.2382,125040.21,849260.237,68.386,69.522,,,68.671,69.934,,,,,,,-582019.62
601899.SH,2024-11-27,15.55,15.68,15.33,15.68,15.54,0.14,0.9009,1101829.33,1711331.758,15.738,15.787,,,15.711,15.796,,,,,,,3918972.27
601919.SH,2024-11-27,13.69,13.9,13.5,13.89,13.83,0.06,0.4338,850985.58,1166879.106,14.066,14.286,,,14.039,14.223,,,,,,,23082.15
601985.SH,2024-11-27,9.42,9.49,9.36,9.48,9.41,0.07,0.7439,777296.35,733217.887,9.684,9.812,,,9.615,9.726,,,,,,,1569675.04
601988.SH,2024-11-27,4.98,5.05,4.98,5.04,4.99,0.05,1.002,2303338.81,1156796.65,4.962,4.945,,,4.977,4.936,,,,,,,9655252.92
603019.SH,2024-11-27,74.56,78.98,73.7,78.48,76.04,2.44,3.2088,960959.3,7421282.403,77.474,76.3,,,77.571,78.112,,,,,,,-1169588.8
603259.SH,2024-11-27,49.01,50.08,48.98,49.92,49.0,0.92,1.8776,354914.69,1759305.997,49.964,51.336,,,50.16,51.788,,,,,,,-762674.33
603501.SH,2024-11-27,95.98,98.5,94.84,98.49,96.35,2.14,2.2211,162504.76,1575635.666,99.262,103.141,,,99.551,103.44,,,,,,,-1346343.98
603993.SH,2024-11-27,7.25,7.3,7.14,7.3,7.29,0.01,0.1372,1219260.65,880041.697,7.358,7.434,,,7.354,7.445,,,,,,,-3993854.53
688008.SH,2024-11-27,63.01,66.75,62.6,66.69,63.11,3.58,5.6726,368979.73,2406600.187,64.988,66.769,,,65.588,67.716,,,,,,,-1133243.51
688012.SH,2024-11-27,204.1,213.02,198.66,211.84,205.24,6.6,3.2157,107300.36,2234541.828,209.304,213.296,,,210.292,216.849,,,,,,,-94368.8
688041.SH,2024-11-27,116.9,123.8,116.3,123.2,118.1,5.1,4.3184,208359.93,2525283.702,122.392,123.741,,,122.269,124.35,,,,,,,-34442.79
688111.SH,2024-11-27,283.0,302.11,273.38,300.5,285.62,14.88,5.2097,78551.78,2229577.125,299.69,292.863,,,295.649,294.053,,,,,,,-50125.13
688256.SH,2024-11-27,482.0,535.0,480.0,534.55,485.9,48.65,10.0123,99320.91,5088377.984,503.154,482.311,,,501.717,483.191,,,,,,,112211.09
688981.SH,2024-11-27,84.65,89.04,83.13,88.0,85.1,2.9,3.4078,774305.32,6702107.164,88.306,91.379,,,88.484,91.713,,,,,,,-3149451.98
600028.SH,2024-11-28,6.37,6.42,6.35,6.4,6.38,0.02,0.3135,1159043.6,740636.674,6.348,6.338,,,6.363,6.333,,,,,,,10970039.52
600030.SH,2024-11-28,30.36,30.41,29.81,29.87,30.28,-0.41,-1.354,1281967.4,3858994.298,29.972,30.659,,,30.214,30.912,,,,,,,-7173237.01
600031.SH,2024-11-28,17.4,17.45,17.13,17.29,17.36,-0.07,-0.4032,429680.15,742535.709,17.22,17.564,,,17.337,17.603,,,,,,,-3300781.72
600036.SH,2024-11-28,36.6,36.85,36.18,36.47,36.6,-0.13,-0.3552,451939.1,1647865.702,36.426,37.048,,,36.614,36.988,,,,,,,-1112130.43
600050.SH,2024-11-28,5.19,5.2,5.11,5.12,5.22,-0.1,-1.9157,3380375.92,1738704.184,5.15,5.369,,,5.188,5.274,,,,,,,-10146143.77
600104.SH,2024-11-28,17.78,17.9,16.94,17.43,17.93,-0.5,-2.7886,1426293.06,2484762.76,18.242,17.878,,,17.906,17.544,,,,,,,3407817.19
600111.SH,2024-11-28,22.86,22.93,22.5,22.53,22.94,-0.41,-1.7873,389298.69,884654.446,22.984,23.094,,,22.915,23.346,,,,,,,-252863.32
600150.SH,2024-11-28,35.87,35.87,35.21,35.27,35.88,-0.61,-1.7001,324824.28,1149870.634,35.328,35.908,,,35.547,36.046,,,,,,,-1595176.63
600276.SH,2024-11-28,49.95,50.75,49.32,49.7,49.99,-0.29,-0.5801,367210.23,1836357.877,48.88,48.738,,,49.272,49.012,,,,,,,-258004.48
600309.SH,2024-11-28,74.09,74.67,73.65,73.91,74.48,-0.57,-0.7653,111176.85,823603.875,73.636,75.213,,,74.236,75.488,,,,,,,-1532694.11
600406.SH,2024-11-28,25.02,25.02,24.51,24.61,25.0,-0.39,-1.56,231294.28,571502.018,25.084,25.756,,,25.125,25.579,,,,,,,-428899.49
600519.SH,2024-11-28,1522.0,1524.99,1502.0,1518.0,1519.05,-1.05,-0.0691,23952.03,3627662.382,1510.488,1530.23,,,1518.829,1533.283,,,,,,,-71807.84
600690.SH,2024-11-28,28.8,28.8,27.97,28.2,28.77,-0.57,-1.9812,301719.64,852161.69,28.454,28.734,,,28.476,28.683,,,,,,,1911412.53
600760.SH,2024-11-28,49.49,50.15,48.72,48.79,49.48,-0.69,-1.3945,228506.02,1128786.924,48.614,49.374,,,49.002,50.182,,,,,,,-2257189.17
600809.SH,2024-11-28,202.79,203.44,199.3,200.73,202.4,-1.67,-0.8251,37371.82,751583.127,200.254,205.856,,,202.239,207.06,,,,,,,-270807.48
600887.SH,2024-11-28,28.88,28.97,28.39,28.51,28.87,-0.36,-1.247,286014.41,819510.966,28.514,28.792,,,28.653,28.904,,,,,,,-1018923.62
600900.SH,2024-11-28,27.37,27.48,27.17,27.43,27.39,0.04,0.146,691606.3,1892727.089,27.242,27.339,,,27.327,27.315,,,,,,,1283141.03
601012.SH,2024-11-28,18.2,18.76,18.14,18.27,18.35,-0.08,-0.436,688242.5,1268653.008,18.036,18.276,,,18.233,18.518,,,,,,,1716636.5
601088.SH,2024-11-28,40.59,40.74,40.18,40.27,40.6,-0.33,-0.8128,157279.94,635920.735,40.116,40.549,,,40.301,40.214,,,,,,,1156526.11
601127.SH,2024-11-28,124.2,124.39,118.76,119.21,123.89,-4.68,-3.7775,386945.54,4714620.295,121.81,125.356,,,122.493,126.385,,,,,,,-1817755.01
601166.SH,2024-11-28,18.11,18.16,17.9,18.03,18.11,-0.08,-0.4417,476988.37,860265.921,17.932,18.101,,,18.026,18.083,,,,,,,185605.82
601211.SH,2024-11-28,19.07,19.12,18.77,18.77,19.08,-0.31,-1.6247,371356.77,702054.921,18.988,19.31,,,19.051,19.385,,,,,,,-1028447.45
601225.SH,2024-11-28,23.62,23.86,23.32,23.36,23.62,-0.26,-1.1008,224052.0,527650.001,23.39,23.6,,,23.468,23.499,,,,,,,1032198.25
601288.SH,2024-11-28,4.82,4.87,4.79,4.85,4.83,0.02,0.4141,4014822.7,1945257.35,4.784,4.771,,,4.805,4.771,,,,,,,31898978.03
601318.SH,2024-11-28,53.57,53.99,52.83,53.17,53.55,-0.38,-0.7096,425502.13,2268917.373,53.074,54.349,,,53.52,54.454,,,,,,,-3426459.37
601328.SH,2024-11-28,7.45,7.51,7.37,7.43,7.47,-0.04,-0.5355,991900.28,736737.212,7.288,7.249,,,7.341,7.27,,,,,,,3974465.9
601398.SH,2024-11-28,6.19,6.22,6.15,6.19,6.2,-0.01,-0.1613,2018400.11,1248696.415,6.134,6.133,,,6.158,6.129,,,,,,,6259694.67
601601.SH,2024-11-28,33.88,34.02,33.29,33.42,33.88,-0.46,-1.3577,184876.75,620502.649,33.618,34.422,,,33.819,34.407,,,,,,,-943932.18
601628.SH,2024-11-28,42.45,42.65,41.36,41.62,42.31,-0.69,-1.6308,116392.23,487263.901,41.59,43.023,,,42.065,43.037,,,,,,,-285983.0
601658.SH,2024-11-28,5.32,5.36,5.29,5.31,5.34,-0.03,-0.5618,1176504.1,626392.958,5.284,5.291,,,5.302,5.279,,,,,,,6312357.98
601668.SH,2024-11-28,5.96,6.01,5.93,5.97,5.96,0.01,0.1678,1845874.04,1101030.015,5.938,6.033,,,5.971,6.017,,,,,,,2984374.77
601728.SH,2024-11-28,6.53,6.56,6.42,6.44,6.53,-0.09,-1.3783,1015238.62,658071.612,6.44,6.533,,,6.469,6.504,,,,,,,5587917.26
601816.SH,2024-11-28,5.64,5.75,5.62,5.73,5.65,0.08,1.4159,1609061.55,917122.486,5.594,5.615,,,5.635,5.612,,,,,,,4091530.9
601857.SH,2024-11-28,8.02,8.06,7.99,8.03,8.03,0.0,0.0,756555.0,607167.983,8.024,8.067,,,8.038,8.049,,,,,,,287627.6
601888.SH,2024-11-28,68.68,69.2,68.08,68.28,68.68,-0.4,-0.5824,136563.72,936430.44,68.04,69.141,,,68.541,69.633,,,,,,,-718583.34
601899.SH,2024-11-28,15.65,15.72,15.46,15.53,15.68,-0.15,-0.9566,871587.37,1357463.153,15.612,15.779,,,15.651,15.748,,,,,,,3047384.9
601919.SH,2024-11-28,13.91,13.93,13.54,13.57,13.89,-0.32,-2.3038,821541.39,1123998.073,13.88,14.205,,,13.883,14.104,,,,,,,-798459.24
601985.SH,2024-11-28,9.45,9.48,9.28,9.42,9.48,-0.06,-0.6329,1369736.68,1285864.168,9.542,9.768,,,9.55,9.67,,,,,,,199938.36
601988.SH,2024-11-28,5.02,5.06,5.0,5.03,5.04,-0.01,-0.1984,1401858.64,705571.047,4.976,4.964,,,4.995,4.953,,,,,,,8253394.28
603019.SH,2024-11-28,78.48,86.0,78.01,81.74,78.48,3.26,4.1539,1511522.72,12423339.858,78.036,76.788,,,78.961,78.771,,,,,,,341933.92
603259.SH,2024-11-28,50.07,50.35,49.24,49.4,49.92,-0.52,-1.0417,264741.89,1315000.84,49.41,50.836,,,49.907,51.354,,,,,,,-1027416.22
603501.SH,2024-11-28,98.66,99.49,97.0,97.2,98.49,-1.29,-1.3098,131428.22,1289788.604,97.718,101.828,,,98.767,102.306,,,,,,,-1477772.2
603993.SH,2024-11-28,7.25,7.29,7.13,7.15,7.3,-0.15,-2.0548,1140983.0,820486.454,7.266,7.405,,,7.286,7.392,,,,,,,-5134837.53
688008.SH,2024-11-28,66.6,67.3,66.13,66.52,66.69,-0.17,-0.2549,247387.2,1648646.008,64.772,66.251,,,65.899,67.499,,,,,,,-1380630.71
688012.SH,2024-11-28,213.02,215.52,210.36,210.78,211.84,-1.06,-0.5004,98376.26,2095371.211,208.16,210.874,,,210.454,215.745,,,,,,,-192745.06
688041.SH,2024-11-28,123.95,128.8,122.44,126.0,123.2,2.8,2.2727,213448.84,2697715.247,121.892,123.671,,,123.513,124.65,,,,,,,179006.05
688111.SH,2024-11-28,295.6,309.79,294.95,295.2,300.5,-5.3,-1.7637,57870.83,1741865.263,296.108,292.083,,,295.499,294.262,,,,,,,-107995.96
688256.SH,2024-11-28,530.0,588.7,527.01,546.03,534.55,11.48,2.1476,109374.12,6079438.113,509.496,490.014,,,516.488,494.617,,,,,,,221585.21
688981.SH,2024-11-28,88.2,90.3,86.83,87.08,88.0,-0.92,-1.0455,611101.37,5379089.959,87.022,90.4,,,88.016,90.871,,,,,,,-3760553.35
600028.SH,2024-11-29,6.41,6.43,6.36,6.36,6.4,-0.04,-0.625,1278034.39,817165.483,6.366,6.342,,,6.362,6.338,,,61.017,,,0.107,9692005.13
600030.SH,2024-11-29,29.88,31.88,29.75,30.75,29.87,0.88,2.9461,2932909.11,9039101.215,30.056,30.621,,,30.393,30.882,,,28.422,,,1.254,-4240327.9
600031.SH,2024-11-29,17.33,17.65,17.25,17.48,17.29,0.19,1.0989,590493.92,1032891.239,17.26,17.489,,,17.385,17.581,,,30.216,,,0.435,-2710287.8
600036.SH,2024-11-29,36.59,37.0,36.31,36.34,36.47,-0.13,-0.3565,664379.99,2437776.752,36.404,36.9,,,36.522,36.87,,,24.156,,,0.753,-1776510.42
600050.SH,2024-11-29,5.14,5.2,5.12,5.15,5.12,0.03,0.5859,3610099.28,1863703.094,5.14,5.303,,,5.176,5.251,,,48.066,,,0.29,-6536044.49
600104.SH,2024-11-29,17.22,18.04,17.2,17.58,17.43,0.15,0.8606,1128924.74,1997437.435,18.162,17.909,,,17.797,17.551,,,65.407,,,1.551,4536741.93
600111.SH,2024-11-29,22.5,23.07,22.34,22.85,22.53,0.32,1.4203,520197.46,1182689.615,22.828,23.047,,,22.894,23.255,,,27.628,,,0.98,267334.14
600150.SH,2024-11-29,35.12,35.47,34.96,35.32,35.27,0.05,0.1418,382170.78,1345704.345,35.358,35.751,,,35.471,35.914,,,35.913,,,1.074,-1213005.85
600276.SH,2024-11-29,50.11,51.3,49.8,50.69,49.7,0.99,1.992,693040.72,3512492.251,49.364,49.037,,,49.745,49.317,,,55.33,,,1.601,435036.24
600309.SH,2024-11-29,74.0,75.0,73.09,74.29,73.91,0.38,0.5141,174087.67,1292006.144,73.716,74.943,,,74.254,75.27,,,22.674,,,1.755,-1358606.44
600406.SH,2024-11-29,24.78,24.98,24.51,24.68,24.61,0.07,0.2844,193221.89,478498.822,24.858,25.603,,,24.976,25.415,,,26.693,,,0.681,-235677.6
600519.SH,2024-11-29,1517.0,1555.0,1513.21,1525.74,1518.0,7.74,0.5099,36088.1,5534035.503,1514.072,1526.904,,,1521.132,1531.912,,,23.764,,,30.447,-35719.74
600690.SH,2024-11-29,28.19,28.8,28.1,28.33,28.2,0.13,0.461,332433.58,947877.695,28.34,28.608,,,28.427,28.619,,,48.738,,,0.942,2243846.11
600760.SH,2024-11-29,48.48,49.97,47.95,49.49,48.79,0.7,1.4347,240265.09,1180066.138,48.632,49.278,,,49.165,50.056,,,21.934,,,2.341,-2016924.08
600809.SH,2024-11-29,202.0,208.77,201.0,203.69,200.73,2.96,1.4746,57239.33,1171421.129,201.112,204.543,,,202.723,206.448,,,23.101,,,7.411,-213568.15
600887.SH,2024-11-29,28.55,29.0,28.42,28.58,28.51,0.07,0.2455,336322.14,964361.679,28.55,28.721,,,28.628,28.845,,,31.62,,,0.654,-682601.48
600900.SH,2024-11-29,27.44,27.7,27.3,27.32,27.43,-0.11,-0.401,1090264.2,2998565.91,27.254,27.361,,,27.325,27.316,,,47.468,,,0.447,192876.83
601012.SH,2024-11-29,18.3,18.64,18.18,18.5,18.27,0.23,1.2589,810693.99,1495120.558,18.186,18.274,,,18.322,18.515,,,31.991,,,0.713,2527330.49
601088.SH,2024-11-29,40.48,40.58,39.9,39.96,40.27,-0.31,-0.7698,186744.29,750723.71,40.148,40.531,,,40.187,40.168,,,54.155,,,0.975,969781.82
601127.SH,2024-11-29,119.21,123.9,116.75,121.59,119.21,2.38,1.9965,514265.07,6170530.616,121.33,124.365,,,122.192,125.513,,,34.327,,,7.396,-1303489.94
601166.SH,2024-11-29,18.06,18.23,18.03,18.05,18.03,0.02,0.1109,708221.73,1283874.387,17.982,18.101,,,18.034,18.077,,,42.326,,,0.358,893827.55
601211.SH,2024-11-29,18.74,19.49,18.67,18.93,18.77,0.16,0.8524,693380.92,1319963.553,18.95,19.245,,,19.011,19.302,,,19.814,,,0.551,-335066.53
601225.SH,2024-11-29,23.47,23.62,23.17,23.35,23.36,-0.01,-0.0428,228667.94,535256.823,23.378,23.582,,,23.429,23.472,,,47.851,,,0.601,803530.31
601288.SH,2024-11-29,4.87,4.88,4.8,4.81,4.85,-0.04,-0.8247,4284121.59,2073798.801,4.806,4.782,,,4.807,4.778,,,61.538,,,0.082,27614856.44
601318.SH,2024-11-29,53.15,54.42,53.04,53.25,53.17,0.08,0.1505,563570.55,3018761.403,53.118,54.094,,,53.43,54.235,,,16.515,,,1.26,-2862888.82
601328.SH,2024-11-29,7.45,7.5,7.32,7.33,7.43,-0.1,-1.3459,1209593.75,894719.478,7.338,7.27,,,7.337,7.281,,,60.577,,,0.148,2764872.15
601398.SH,2024-11-29,6.19,6.23,6.14,6.15,6.19,-0.04,-0.6462,2906465.13,1796519.084,6.154,6.143,,,6.155,6.133,,,59.016,,,0.094,3353229.54
601601.SH,2024-11-29,33.42,34.57,33.38,33.9,33.42,0.48,1.4363,292721.2,996068.83,33.628,34.306,,,33.846,34.314,,,26.917,,,1.029,-651210.98
601628.SH,2024-11-29,41.49,43.55,41.4,42.1,41.62,0.48,1.1533,171687.43,727127.666,41.656,42.765,,,42.076,42.867,,,24.976,,,1.664,-114295.57
601658.SH,2024-11-29,5.33,5.36,5.28,5.3,5.31,-0.01,-0.1883,1806874.27,960421.589,5.304,5.296,,,5.301,5.283,,,58.929,,,0.104,4505483.71
601668.SH,2024-11-29,5.97,6.03,5.95,5.98,5.97,0.01,0.1675,1794178.56,1074925.002,5.944,6.026,,,5.974,6.01,,,38.947,,,0.131,4778553.33
601728.SH,2024-11-29,6.44,6.53,6.44,6.47,6.44,0.03,0.4658,1042716.89,676816.235,6.45,6.51,,,6.47,6.498,,,48.503,,,0.244,6630634.15
601816.SH,2024-11-29,5.73,5.76,5.69,5.73,5.73,0.0,0.0,1292190.18,740710.93,5.634,5.622,,,5.667,5.633,,,58.75,,,0.118,4091530.9
601857.SH,2024-11-29,8.04,8.11,8.03,8.04,8.03,0.01,0.1245,1291504.25,1042135.82,8.03,8.068,,,8.038,8.047,,,45.098,,,0.135,1579131.85
601888.SH,2024-11-29,68.25,70.34,68.1,69.55,68.28,1.27,1.86,189113.64,1309933.894,68.47,69.024,,,68.877,69.618,,,28.893,,,1.841,-529469.7
601899.SH,2024-11-29,15.6,15.94,15.43,15.7,15.53,0.17,1.0947,1412604.43,2220567.458,15.6,15.787,,,15.667,15.739,,,36.177,,,0.44,4459989.33
601919.SH,2024-11-29,13.57,13.7,13.52,13.59,13.57,0.02,0.1474,762841.46,1039323.768,13.774,14.113,,,13.785,14.011,,,23.529,,,0.364,-35617.78
601985.SH,2024-11-29,9.4,9.51,9.36,9.43,9.42,0.01,0.1062,1067690.56,1008142.833,9.454,9.719,,,9.51,9.627,,,36.813,,,0.253,1267628.92
601988.SH,2024-11-29,5.04,5.1,5.01,5.01,5.03,-0.02,-0.3976,2008632.23,1014880.321,4.996,4.979,,,5.0,4.964,,,70.833,,,0.085,6244762.05
603019.SH,2024-11-29,80.2,85.95,80.11,84.8,81.74,3.06,3.7436,1232981.43,10278316.307,80.026,78.015,,,80.907,79.867,,,47.048,,,5.764,1574915.35
603259.SH,2024-11-29,49.4,50.68,49.29,50.14,49.4,0.74,1.498,353789.89,1768300.585,49.512,50.563,,,49.984,51.133,,,24.421,,,1.801,-673626.33
603501.SH,2024-11-29,96.69,100.18,96.25,98.64,97.2,1.44,1.4815,152833.19,1501656.319,97.542,100.929,,,98.725,101.639,,,18.175,,,3.776,-1324939.01
603993.SH,2024-11-29,7.15,7.35,7.07,7.28,7.15,0.13,1.8182,1606559.33,1162695.772,7.258,7.387,,,7.284,7.371,,,28.378,,,0.21,-3528278.2
688008.SH,2024-11-29,66.29,68.5,65.42,67.38,66.52,0.86,1.2928,307097.32,2059568.385,65.466,66.116,,,66.392,67.477,,,28.969,,,3.086,-1073533.39
688012.SH,2024-11-29,209.0,227.5,208.62,222.0,210.78,11.22,5.3231,126708.1,2778090.758,210.668,211.854,,,214.303,216.882,,,35.482,,,12.25,-66036.96
688041.SH,2024-11-29,125.61,129.0,123.1,125.81,126.0,-0.19,-0.1508,213074.53,2691220.262,122.274,124.062,,,124.278,124.861,,,36.139,,,6.455,-34068.48
688111.SH,2024-11-29,294.0,303.0,290.0,294.74,295.2,-0.46,-0.1558,63206.79,1872333.767,293.956,292.769,,,295.246,294.349,,,49.37,,,24.413,-171202.75
688256.SH,2024-11-29,542.0,590.0,540.38,561.0,546.03,14.97,2.7416,92890.18,5219224.251,523.296,500.746,,,531.325,506.686,,,75.783,,,41.654,314475.39
688981.SH,2024-11-29,86.83,93.45,85.64,90.1,87.08,3.02,3.4681,879403.58,7877287.511,87.288,89.919,,,88.71,90.731,,,27.009,,,4.53,-2881149.77
600028.SH,2024-12-02,6.34,6.35,6.29,6.31,6.36,-0.05,-0.7862,1601897.76,1010856.864,6.362,6.337,,,6.345,6.333,,,55.914,,,0.104,8090107.37
600030.SH,2024-12-02,30.6,31.46,30.49,31.27,30.75,0.52,1.6911,1932380.36,6024240.988,30.378,30.681,,,30.685,30.953,,,32.379,,,1.234,-2307947.54
600031.SH,2024-12-02,17.57,17.58,17.24,17.34,17.48,-0.14,-0.8009,805648.37,1399269.39,17.304,17.44,,,17.37,17.537,,,28.661,,,0.428,-3515936.17
600036.SH,2024-12-02,36.45,36.68,36.2,36.51,36.34,0.17,0.4678,424652.09,1548959.36,36.462,36.761,,,36.518,36.805,,,27.599,,,0.733,-1351858.33
600050.SH,2024-12-02,5.11,5.17,5.11,5.15,5.15,0.0,0.0,4100223.02,2104255.003,5.148,5.238,,,5.167,5.233,,,48.066,,,0.274,-6536044.49
600104.SH,2024-12-02,16.95,19.34,16.93,19.0,17.58,1.42,8.0774,2235837.14,4091618.353,18.062,17.974,,,18.198,17.814,,,69.268,,,1.613,6772579.07
600111.SH,2024-12-02,22.7,23.38,22.68,23.35,22.85,0.5,2.1882,618006.29,1429491.25,22.892,23.101,,,23.046,23.273,,,33.041,,,0.96,885340.43
600150.SH,2024-12-02,35.31,36.5,35.23,36.24,35.32,0.92,2.6048,578520.44,2078341.678,35.584,35.704,,,35.728,35.973,,,42.769,,,1.088,-634485.41
600276.SH,2024-12-02,50.6,50.79,50.02,50.45,50.69,-0.24,-0.4735,419764.62,2116109.033,49.902,49.362,,,49.98,49.523,,,54.146,,,1.541,15271.62
600309.SH,2024-12-02,74.2,75.49,73.9,75.39,74.29,1.1,1.4807,163287.11,1222202.924,74.194,74.846,,,74.633,75.292,,,29.601,,,1.743,-1195319.33
600406.SH,2024-12-02,24.81,24.81,24.43,24.64,24.68,-0.04,-0.1621,273312.76,672658.995,24.772,25.435,,,24.864,25.274,,,26.466,,,0.659,-508990.36
600519.SH,2024-12-02,1526.0,1529.99,1515.1,1525.0,1525.74,-0.74,-0.0485,26819.54,4086609.952,1519.358,1523.504,,,1522.422,1530.655,,,23.627,,,29.336,-62539.28
600690.SH,2024-12-02,28.21,28.81,27.81,28.65,28.33,0.32,1.1295,323119.89,917337.921,28.448,28.593,,,28.501,28.625,,,51.953,,,0.946,2566966.0
600760.SH,2024-12-02,49.4,50.1,49.21,49.8,49.49,0.31,0.6264,227618.06,1130734.002,49.028,49.324,,,49.376,50.01,,,23.317,,,2.237,-1789306.02
600809.SH,2024-12-02,201.01,205.2,200.02,201.47,203.69,-2.22,-1.0899,66155.13,1333849.019,201.858,203.398,,,202.305,205.543,,,21.842,,,7.252,-279723.28
600887.SH,2024-12-02,28.52,29.18,28.48,28.82,28.58,0.24,0.8397,439897.46,1271036.463,28.67,28.705,,,28.692,28.841,,,35.88,,,0.657,-242704.02
600900.SH,2024-12-02,27.39,27.71,27.3,27.61,27.32,0.29,1.0615,886298.95,2442141.195,27.35,27.38,,,27.42,27.369,,,52.193,,,0.444,1079175.78
601012.SH,2024-12-02,18.18,18.45,17.77,18.43,18.5,-0.07,-0.3784,1022824.32,1862712.745,18.31,18.296,,,18.358,18.499,,,31.429,,,0.714,1504506.17
601088.SH,2024-12-02,39.8,39.92,39.1,39.61,39.96,-0.35,-0.8759,371896.72,1464764.181,40.048,40.349,,,39.995,40.066,,,51.38,,,0.967,597885.1
601127.SH,2024-12-02,126.0,133.75,125.74,133.75,121.59,12.16,10.0008,462468.78,6011340.374,123.81,125.265,,,126.044,127.011,,,46.143,,,7.736,-841021.16
601166.SH,2024-12-02,18.05,18.23,18.0,18.19,18.05,0.14,0.7756,581067.46,1054504.292,18.068,18.069,,,18.086,18.097,,,46.105,,,0.349,1474895.01
601211.SH,2024-12-02,18.88,19.24,18.84,19.15,18.93,0.22,1.1622,513471.02,980800.061,18.982,19.202,,,19.057,19.275,,,25.294,,,0.54,178404.49
601225.SH,2024-12-02,23.39,23.59,23.06,23.52,23.35,0.17,0.7281,298848.35,699542.279,23.446,23.548,,,23.459,23.481,,,50.45,,,0.596,1102378.66
601288.SH,2024-12-02,4.82,4.82,4.77,4.82,4.81,0.01,0.2079,3545076.93,1701339.234,4.824,4.784,,,4.811,4.786,,,62.319,,,0.08,31159933.37
601318.SH,2024-12-02,53.2,54.23,53.18,54.01,53.25,0.76,1.4272,449605.9,2420512.864,53.406,53.919,,,53.623,54.194,,,24.546,,,1.245,-2413282.92
601328.SH,2024-12-02,7.31,7.33,7.2,7.24,7.33,-0.09,-1.2278,1751285.89,1265771.225,7.36,7.265,,,7.305,7.274,,,55.413,,,0.147,1013586.26
601398.SH,2024-12-02,6.16,6.16,6.1,6.13,6.15,-0.02,-0.3252,2417479.89,1480654.067,6.166,6.137,,,6.147,6.132,,,57.004,,,0.092,935749.65
601601.SH,2024-12-02,33.91,34.68,33.77,34.6,33.9,0.7,2.0649,275144.41,946344.15,33.85,34.212,,,34.097,34.366,,,34.358,,,1.021,-376066.57
601628.SH,2024-12-02,42.13,42.84,41.91,42.51,42.1,0.41,0.9739,117569.41,499468.544,41.966,42.544,,,42.221,42.802,,,27.985,,,1.611,3273.84
601658.SH,2024-12-02,5.33,5.38,5.25,5.37,5.3,0.07,1.3208,2103523.04,1119875.187,5.33,5.3,,,5.324,5.299,,,63.801,,,0.105,6609006.75
601668.SH,2024-12-02,5.95,6.04,5.95,6.03,5.98,0.05,0.8361,1870301.46,1121011.065,5.972,6.001,,,5.993,6.014,,,42.222,,,0.128,6648854.79
601728.SH,2024-12-02,6.45,6.5,6.44,6.49,6.47,0.02,0.3091,941515.07,609505.983,6.472,6.484,,,6.476,6.496,,,49.159,,,0.231,7572149.22
601816.SH,2024-12-02,5.85,6.13,5.84,6.03,5.73,0.3,5.2356,5754870.43,3463692.309,5.738,5.657,,,5.788,5.706,,,70.616,,,0.138,9846401.33
601857.SH,2024-12-02,8.06,8.07,7.99,8.02,8.04,-0.02,-0.2488,1300252.01,1042573.213,8.028,8.055,,,8.032,8.042,,,43.271,,,0.131,278879.84
601888.SH,2024-12-02,69.55,73.17,69.23,72.62,69.55,3.07,4.4141,340463.45,2455608.798,69.394,69.309,,,70.125,70.164,,,44.707,,,1.991,-189006.25
601899.SH,2024-12-02,15.72,15.77,15.5,15.56,15.7,-0.14,-0.8917,1683597.03,2628279.645,15.602,15.772,,,15.631,15.707,,,34.407,,,0.428,2776392.3
601919.SH,2024-12-02,13.68,13.92,13.68,13.9,13.59,0.31,2.2811,864991.88,1194895.066,13.756,14.039,,,13.823,13.991,,,34.284,,,0.362,829374.1
601985.SH,2024-12-02,9.41,9.54,9.33,9.5,9.41,0.09,0.9564,1170077.28,1104649.178,9.448,9.67,,,9.507,9.604,,,39.326,,,0.25,2437706.2
601988.SH,2024-12-02,5.01,5.02,4.96,5.01,5.01,0.0,0.0,1682688.82,838891.969,5.016,4.98,,,5.003,4.972,,,70.833,,,0.083,6244762.05
603019.SH,2024-12-02,84.8,86.84,82.67,83.8,84.8,-1.0,-1.1792,1129604.31,9507658.527,80.972,79.26,,,81.871,80.582,,,45.917,,,5.65,445311.04
603259.SH,2024-12-02,50.01,51.37,49.7,51.22,50.14,1.08,2.154,383674.87,1950961.604,49.936,50.523,,,50.396,51.149,,,30.124,,,1.791,-289951.46
603501.SH,2024-12-02,98.79,101.6,98.39,101.0,98.64,2.36,2.3925,170484.39,1714500.039,98.336,100.534,,,99.483,101.523,,,25.146,,,3.736,-1154454.62
603993.SH,2024-12-02,7.4,7.56,7.38,7.48,7.28,0.2,2.7473,1773595.36,1326914.403,7.3,7.395,,,7.349,7.391,,,37.477,,,0.215,-1754682.84
688008.SH,2024-12-02,68.64,69.97,68.05,69.13,67.38,1.75,2.5972,300298.65,2070585.348,66.566,66.409,,,67.305,67.778,,,33.856,,,3.051,-773234.74
688012.SH,2024-12-02,221.56,224.0,216.5,220.0,222.0,-2.0,-0.9009,119934.5,2633135.306,213.972,212.746,,,216.202,217.449,,,34.549,,,11.911,-185971.46
688041.SH,2024-12-02,126.45,130.33,126.04,126.89,125.81,1.08,0.8584,183856.4,2352106.582,124.0,124.44,,,125.149,125.23,,,37.657,,,6.317,149787.92
688111.SH,2024-12-02,294.07,304.64,289.38,294.69,294.74,-0.05,-0.017,52125.96,1545146.771,294.15,295.014,,,295.061,294.411,,,49.355,,,23.759,-223328.71
688256.SH,2024-12-02,561.0,584.53,535.69,562.0,561.0,1.0,0.1783,89897.05,5030552.962,537.896,512.08,,,541.55,516.743,,,75.886,,,42.168,404372.44
688981.SH,2024-12-02,89.9,90.69,88.01,89.49,90.1,-0.61,-0.677,640107.84,5727497.11,87.954,89.638,,,88.97,90.505,,,26.471,,,4.398,-3521257.61
600028.SH,2024-12-03,6.31,6.35,6.28,6.35,6.31,0.04,0.6339,1358055.75,858062.745,6.36,6.343,,,6.346,6.336,,,58.877,,,0.102,9448163.12
600030.SH,2024-12-03,31.27,31.46,30.7,31.08,31.27,-0.19,-0.6076,1542309.2,4787944.453,30.65,30.659,,,30.817,30.976,,,31.69,,,1.2,-3850256.74
600031.SH,2024-12-03,17.35,17.39,16.85,17.09,17.34,-0.25,-1.4418,949283.98,1616817.45,17.312,17.36,,,17.276,17.456,,,26.081,,,0.436,-4465220.15
600036.SH,2024-12-03,36.65,37.22,36.38,37.12,36.51,0.61,1.6708,721986.09,2658919.819,36.608,36.701,,,36.719,36.862,,,38.404,,,0.741,-629872.24
600050.SH,2024-12-03,5.14,5.18,5.1,5.17,5.15,0.02,0.3883,3851015.3,1979363.625,5.162,5.207,,,5.168,5.222,,,48.723,,,0.26,-2685029.19
600104.SH,2024-12-03,18.91,19.4,18.53,18.93,19.0,-0.07,-0.3684,1585613.2,3007290.682,18.174,18.215,,,18.442,18.017,,,68.86,,,1.56,5186965.87
600111.SH,2024-12-03,23.38,23.85,23.26,23.46,23.35,0.11,0.4711,724993.47,1706114.573,23.026,23.126,,,23.184,23.307,,,34.207,,,0.934,1610333.9
600150.SH,2024-12-03,36.25,36.25,35.6,35.88,36.24,-0.36,-0.9934,343099.28,1230178.4,35.718,35.666,,,35.778,35.956,,,40.924,,,1.057,-977584.69
600276.SH,2024-12-03,50.35,50.41,49.53,49.63,50.45,-0.82,-1.6254,396197.49,1972432.253,50.092,49.582,,,49.863,49.543,,,50.194,,,1.497,-380925.87
600309.SH,2024-12-03,75.38,75.44,74.62,75.06,75.39,-0.33,-0.4377,123770.74,929377.063,74.626,74.639,,,74.775,75.25,,,28.768,,,1.677,-1319090.07
600406.SH,2024-12-03,24.67,25.13,24.54,25.02,24.64,0.38,1.5422,349341.69,870902.307,24.79,25.298,,,24.916,25.228,,,32.354,,,0.654,-159648.67
600519.SH,2024-12-03,1524.0,1528.9,1516.08,1526.74,1525.0,1.74,0.1141,24806.62,3777197.199,1522.906,1521.986,,,1523.861,1529.943,,,24.724,,,28.156,-37732.66
600690.SH,2024-12-03,28.53,29.0,28.29,28.96,28.65,0.31,1.082,346085.91,992582.591,28.582,28.594,,,28.654,28.686,,,54.904,,,0.929,2913051.91
600760.SH,2024-12-03,49.7,49.76,48.09,48.55,49.8,-1.25,-2.51,233027.38,1135525.459,49.222,49.174,,,49.101,49.744,,,21.651,,,2.199,-2022333.4
600809.SH,2024-12-03,201.6,201.89,198.01,200.16,201.47,-1.31,-0.6502,50838.05,1013866.28,201.69,202.507,,,201.59,204.564,,,21.111,,,7.011,-330561.33
600887.SH,2024-12-03,28.82,29.34,28.55,29.26,28.82,0.44,1.5267,455112.76,1320226.238,28.808,28.744,,,28.882,28.917,,,42.903,,,0.666,212408.74
600900.SH,2024-12-03,27.62,28.1,27.54,27.95,27.61,0.34,1.2314,1343475.59,3742682.857,27.54,27.438,,,27.597,27.475,,,57.069,,,0.453,2422651.37
601012.SH,2024-12-03,18.55,18.69,18.25,18.48,18.43,0.05,0.2713,774522.89,1426455.96,18.406,18.28,,,18.399,18.496,,,32.342,,,0.695,2279029.06
601088.SH,2024-12-03,39.5,40.24,39.41,40.23,39.61,0.62,1.5653,268668.38,1071787.399,40.134,40.261,,,40.073,40.096,,,55.709,,,0.957,866553.48
601127.SH,2024-12-03,140.0,140.0,135.28,135.7,133.75,1.95,1.4579,745343.93,10235979.679,126.828,125.896,,,129.263,128.59,,,47.766,,,7.63,-95677.23
601166.SH,2024-12-03,18.18,18.45,18.12,18.45,18.19,0.26,1.4294,744987.48,1366282.52,18.166,18.081,,,18.207,18.161,,,52.35,,,0.347,2219882.49
601211.SH,2024-12-03,19.19,19.32,19.05,19.26,19.15,0.11,0.5744,433464.79,831693.187,19.038,19.164,,,19.125,19.272,,,27.945,,,0.521,611869.28
601225.SH,2024-12-03,23.53,24.17,23.45,24.07,23.52,0.55,2.3384,477696.95,1144733.267,23.584,23.584,,,23.663,23.588,,,57.782,,,0.605,1580075.61
601288.SH,2024-12-03,4.81,4.89,4.81,4.89,4.82,0.07,1.4523,4676731.4,2271131.514,4.84,4.798,,,4.837,4.805,,,67.318,,,0.08,35836664.77
601318.SH,2024-12-03,53.85,54.61,53.55,54.43,54.01,0.42,0.7776,470057.63,2544434.591,53.682,53.801,,,53.892,54.237,,,28.631,,,1.232,-1943225.29
601328.SH,2024-12-03,7.22,7.37,7.21,7.35,7.24,0.11,1.5193,1803155.83,1312262.948,7.364,7.276,,,7.32,7.288,,,59.911,,,0.148,2816742.09
601398.SH,2024-12-03,6.13,6.21,6.12,6.21,6.13,0.08,1.3051,3385172.03,2090169.39,6.176,6.143,,,6.168,6.147,,,62.511,,,0.092,4320921.68
601601.SH,2024-12-03,34.55,35.61,34.4,35.5,34.6,0.9,2.6012,433747.12,1521495.398,34.26,34.249,,,34.565,34.572,,,42.469,,,1.034,57680.55
601628.SH,2024-12-03,42.44,43.33,42.05,43.1,42.51,0.59,1.3879,112212.28,480002.187,42.328,42.423,,,42.514,42.856,,,32.198,,,1.588,115486.12
601658.SH,2024-12-03,5.35,5.48,5.33,5.48,5.37,0.11,2.0484,1856434.39,1004464.861,5.36,5.318,,,5.376,5.332,,,69.854,,,0.109,8465441.14
601668.SH,2024-12-03,6.02,6.1,5.99,6.09,6.03,0.06,0.995,2428812.74,1470544.87,6.006,6.0,,,6.025,6.028,,,45.968,,,0.127,9077667.53
601728.SH,2024-12-03,6.48,6.54,6.45,6.53,6.49,0.04,0.6163,961414.88,624691.336,6.492,6.484,,,6.494,6.503,,,50.516,,,0.221,8533564.1
601816.SH,2024-12-03,6.05,6.22,6.01,6.21,6.03,0.18,2.9851,2891312.16,1776956.118,5.87,5.714,,,5.928,5.797,,,75.222,,,0.143,12737713.49
601857.SH,2024-12-03,8.01,8.1,7.98,8.1,8.02,0.08,0.9975,1599734.33,1286566.304,8.044,8.052,,,8.055,8.053,,,51.701,,,0.13,1878614.17
601888.SH,2024-12-03,72.62,72.63,71.05,71.63,72.62,-0.99,-1.3633,199154.22,1427191.835,70.152,69.441,,,70.627,70.431,,,41.501,,,1.962,-388160.47
601899.SH,2024-12-03,15.59,15.63,15.28,15.61,15.56,0.05,0.3213,1495720.7,2315346.608,15.616,15.712,,,15.624,15.689,,,35.619,,,0.422,4272113.0
601919.SH,2024-12-03,13.93,14.24,13.92,14.24,13.9,0.34,2.446,1040827.14,1467565.588,13.838,14.015,,,13.962,14.036,,,43.645,,,0.36,1870201.24
601985.SH,2024-12-03,9.51,9.85,9.47,9.79,9.5,0.29,3.0526,1840035.57,1779324.078,9.524,9.656,,,9.601,9.638,,,48.47,,,0.259,4277741.77
601988.SH,2024-12-03,5.01,5.1,4.99,5.09,5.01,0.08,1.5968,2308575.76,1166148.176,5.036,4.991,,,5.032,4.993,,,75.558,,,0.085,8553337.81
603019.SH,2024-12-03,83.2,84.8,75.53,77.85,83.8,-5.95,-7.1002,1518061.15,12235047.123,81.334,79.326,,,80.531,80.086,,,39.785,,,5.909,-1072750.11
603259.SH,2024-12-03,51.1,52.77,50.93,52.32,51.22,1.1,2.1476,520359.28,2704560.598,50.6,50.547,,,51.038,51.362,,,35.466,,,1.795,230407.82
603501.SH,2024-12-03,101.09,101.09,97.78,98.78,101.0,-2.22,-2.198,159959.75,1582657.684,98.822,99.779,,,99.249,101.024,,,23.148,,,3.706,-1314414.37
603993.SH,2024-12-03,7.5,7.52,7.41,7.46,7.48,-0.02,-0.2674,1002022.95,747614.854,7.334,7.377,,,7.386,7.404,,,36.971,,,0.207,-2756705.79
688008.SH,2024-12-03,69.16,69.3,67.03,68.34,69.13,-0.79,-1.1428,246540.74,1676651.494,67.612,66.427,,,67.65,67.88,,,32.76,,,2.995,-1019775.48
688012.SH,2024-12-03,221.5,223.98,211.2,212.89,220.0,-7.11,-3.2318,94055.29,2032719.506,215.502,212.52,,,215.098,216.62,,,31.388,,,11.973,-280026.75
688041.SH,2024-12-03,127.65,127.87,123.79,125.37,126.89,-1.52,-1.1979,159044.01,2004001.476,125.454,124.257,,,125.223,125.255,,,36.348,,,6.157,-9256.09
688111.SH,2024-12-03,294.96,297.91,287.0,290.4,294.69,-4.29,-1.4558,43329.55,1261888.164,295.106,296.155,,,293.507,293.682,,,47.963,,,22.841,-266658.26
688256.SH,2024-12-03,556.0,589.96,553.33,569.99,562.0,7.99,1.4217,79159.56,4545547.365,554.714,522.979,,,551.03,526.425,,,76.734,,,41.772,483532.0
688981.SH,2024-12-03,89.67,90.35,86.03,87.23,89.49,-2.26,-2.5254,586760.09,5144153.239,88.38,88.871,,,88.39,89.91,,,24.524,,,4.392,-4108017.7
600028.SH,2024-12-04,6.35,6.5,6.33,6.48,6.35,0.13,2.0472,2960816.87,1906257.455,6.38,6.357,,,6.391,6.362,,,66.708,,,0.107,12408979.99
600030.SH,2024-12-04,31.0,31.2,30.62,30.8,31.08,-0.28,-0.9009,1178785.74,3643248.466,30.754,30.565,,,30.811,30.944,,,30.654,,,1.156,-5029042.48
600031.SH,2024-12-04,17.03,17.13,16.85,16.91,17.09,-0.18,-1.0532,503938.03,855325.567,17.222,17.266,,,17.154,17.356,,,24.379,,,0.425,-4969158.18
600036.SH,2024-12-04,37.09,37.09,36.53,36.81,37.12,-0.31,-0.8351,620511.24,2285383.469,36.65,36.634,,,36.749,36.853,,,35.504,,,0.73,-1250383.48
600050.SH,2024-12-04,5.15,5.24,5.12,5.19,5.17,0.02,0.3868,4999355.85,2592884.027,5.156,5.178,,,5.175,5.216,,,49.413,,,0.25,2314326.66
600104.SH,2024-12-04,18.7,19.36,17.75,17.85,18.93,-1.08,-5.7052,1422251.94,2618701.317,18.158,18.285,,,18.245,17.987,,,62.721,,,1.563,3764713.93
600111.SH,2024-12-04,23.98,24.15,23.37,23.51,23.46,0.05,0.2131,692224.07,1638714.434,23.14,23.135,,,23.293,23.344,,,34.763,,,0.923,2302557.97
600150.SH,2024-12-04,35.9,36.16,35.4,35.82,35.88,-0.06,-0.1672,328686.2,1176257.147,35.706,35.623,,,35.792,35.932,,,40.61,,,1.036,-1306270.89
600276.SH,2024-12-04,49.65,49.98,49.25,49.4,49.63,-0.23,-0.4634,258260.13,1281641.897,49.974,49.476,,,49.709,49.517,,,49.111,,,1.442,-639186.0
600309.SH,2024-12-04,75.0,75.0,73.25,73.4,75.06,-1.66,-2.2116,237865.79,1751476.253,74.41,74.3,,,74.317,74.914,,,24.965,,,1.687,-1556955.86
600406.SH,2024-12-04,25.0,25.08,24.62,24.89,25.02,-0.13,-0.5196,196170.89,487426.843,24.768,25.14,,,24.907,25.167,,,31.427,,,0.64,-355819.56
600519.SH,2024-12-04,1520.07,1523.66,1510.0,1520.0,1526.74,-6.74,-0.4415,23923.89,3626565.544,1523.096,1519.505,,,1522.574,1528.135,,,23.327,,,27.341,-61656.55
600690.SH,2024-12-04,28.83,29.5,28.35,29.1,28.96,0.14,0.4834,463202.19,1341424.173,28.648,28.611,,,28.803,28.761,,,56.212,,,0.945,3376254.1
600760.SH,2024-12-04,48.79,48.79,47.6,47.71,48.55,-0.84,-1.7302,157348.05,756332.717,48.868,48.865,,,48.637,49.374,,,20.587,,,2.127,-2179681.45
600809.SH,2024-12-04,200.87,201.99,197.73,199.63,200.16,-0.53,-0.2648,45026.64,900011.06,201.136,201.47,,,200.937,203.667,,,20.807,,,6.815,-375587.97
600887.SH,2024-12-04,29.15,29.25,28.82,29.11,29.26,-0.15,-0.5126,311428.5,904206.041,28.856,28.751,,,28.958,28.952,,,41.245,,,0.65,-99019.76
600900.SH,2024-12-04,27.95,28.53,27.81,28.45,27.95,0.5,1.7889,1372256.62,3874772.096,27.752,27.521,,,27.881,27.652,,,63.038,,,0.472,3794907.99
601012.SH,2024-12-04,18.36,18.5,17.9,17.93,18.48,-0.55,-2.9762,841096.29,1523541.153,18.322,18.213,,,18.242,18.393,,,27.935,,,0.688,1437932.77
601088.SH,2024-12-04,39.98,42.3,39.9,42.1,40.23,1.87,4.6483,583116.99,2421933.718,40.434,40.367,,,40.749,40.46,,,65.645,,,1.06,1449670.47
601127.SH,2024-12-04,134.16,139.91,133.68,136.8,135.7,1.1,0.8106,492036.19,6722188.259,129.41,126.604,,,131.775,130.083,,,48.705,,,7.53,396358.96
601166.SH,2024-12-04,18.44,18.52,18.2,18.42,18.45,-0.03,-0.1626,672369.65,1236105.44,18.228,18.101,,,18.278,18.208,,,51.607,,,0.345,1547512.84
601211.SH,2024-12-04,19.21,19.21,18.85,18.97,19.26,-0.29,-1.5057,411839.98,784314.637,19.016,19.106,,,19.073,19.217,,,25.387,,,0.513,200029.3
601225.SH,2024-12-04,24.0,25.1,23.97,24.92,24.07,0.85,3.5314,618471.0,1528837.355,23.844,23.686,,,24.082,23.83,,,66.124,,,0.642,2198546.61
601288.SH,2024-12-04,4.89,4.93,4.86,4.91,4.89,0.02,0.409,3806477.81,1865150.832,4.856,4.812,,,4.862,4.824,,,68.599,,,0.079,39643142.58
601318.SH,2024-12-04,54.18,54.34,53.71,53.93,54.43,-0.5,-0.9186,381887.36,2059281.654,53.758,53.648,,,53.905,54.181,,,26.773,,,1.195,-2325112.65
601328.SH,2024-12-04,7.33,7.4,7.27,7.36,7.35,0.01,0.1361,1457869.34,1071399.371,7.342,7.293,,,7.333,7.301,,,60.303,,,0.146,4274611.43
601398.SH,2024-12-04,6.21,6.28,6.17,6.26,6.21,0.05,0.8052,3572315.31,2228037.037,6.188,6.155,,,6.199,6.167,,,65.487,,,0.093,7893236.99
601601.SH,2024-12-04,35.3,35.44,34.76,35.03,35.5,-0.47,-1.3239,263016.1,921269.896,34.49,34.24,,,34.72,34.656,,,39.71,,,1.013,-205335.55
601628.SH,2024-12-04,42.85,43.13,42.26,42.5,43.1,-0.6,-1.3921,85956.29,366106.306,42.366,42.255,,,42.509,42.791,,,30.259,,,1.536,29529.83
601658.SH,2024-12-04,5.46,5.52,5.42,5.48,5.48,0.0,0.0,1350893.99,740423.289,5.388,5.335,,,5.411,5.359,,,69.854,,,0.108,8465441.14
601668.SH,2024-12-04,6.08,6.1,6.04,6.06,6.09,-0.03,-0.4926,1576013.29,956287.219,6.026,5.996,,,6.037,6.033,,,44.417,,,0.122,7501654.24
601728.SH,2024-12-04,6.52,6.71,6.49,6.66,6.53,0.13,1.9908,1815238.01,1202009.436,6.518,6.487,,,6.55,6.531,,,54.744,,,0.221,10348802.11
601816.SH,2024-12-04,6.2,6.21,6.05,6.2,6.21,-0.01,-0.161,2161428.91,1326494.187,5.98,5.776,,,6.019,5.87,,,74.523,,,0.144,10576284.58
601857.SH,2024-12-04,8.1,8.45,8.1,8.44,8.1,0.34,4.1975,4325549.98,3600733.255,8.126,8.083,,,8.183,8.123,,,71.254,,,0.146,6204164.15
601888.SH,2024-12-04,71.24,71.24,69.82,70.07,71.63,-1.56,-2.1779,148586.63,1048667.595,70.43,69.408,,,70.441,70.365,,,37.0,,,1.951,-536747.1
601899.SH,2024-12-04,15.68,15.94,15.64,15.8,15.61,0.19,1.2172,1808365.98,2853814.255,15.64,15.689,,,15.683,15.709,,,40.144,,,0.416,6080478.98
601919.SH,2024-12-04,14.15,14.26,14.01,14.19,14.24,-0.05,-0.3511,678072.59,958515.028,13.898,13.982,,,14.038,14.064,,,42.682,,,0.352,1192128.65
601985.SH,2024-12-04,9.76,9.87,9.68,9.83,9.79,0.04,0.4086,1277080.65,1247926.933,9.594,9.639,,,9.677,9.673,,,49.598,,,0.254,5554822.42
601988.SH,2024-12-04,5.08,5.12,5.06,5.11,5.09,0.02,0.3929,1656670.32,844457.664,5.05,5.006,,,5.058,5.015,,,76.579,,,0.083,10210008.13
603019.SH,2024-12-04,77.3,79.1,76.4,78.0,77.85,0.15,0.1927,953055.46,7405001.384,81.238,79.356,,,79.687,79.706,,,40.003,,,5.68,-119694.65
603259.SH,2024-12-04,52.2,52.3,51.2,51.48,52.32,-0.84,-1.6055,323949.14,1676907.315,50.912,50.438,,,51.185,51.383,,,33.368,,,1.747,-93541.32
603501.SH,2024-12-04,100.56,100.98,98.05,98.34,98.78,-0.44,-0.4454,154511.27,1536346.888,98.792,99.027,,,98.946,100.536,,,22.762,,,3.65,-1468925.64
603993.SH,2024-12-04,7.52,7.6,7.45,7.52,7.46,0.06,0.8043,1307462.99,984684.652,7.378,7.368,,,7.431,7.425,,,39.605,,,0.203,-1449242.8
688008.SH,2024-12-04,69.32,69.88,67.74,67.83,68.34,-0.51,-0.7463,290377.22,2003007.727,67.84,66.414,,,67.71,67.871,,,32.039,,,2.934,-1310152.7
688012.SH,2024-12-04,216.3,219.86,212.33,213.71,212.89,0.82,0.3852,85312.36,1835944.82,215.876,212.59,,,214.635,216.091,,,32.159,,,11.655,-194714.39
688041.SH,2024-12-04,128.51,133.7,127.0,128.89,125.37,3.52,2.8077,302521.23,3927942.877,126.592,124.492,,,126.445,125.916,,,41.428,,,6.312,293265.14
688111.SH,2024-12-04,290.4,296.45,284.81,287.3,290.4,-3.1,-1.0675,44527.61,1293787.743,292.466,296.078,,,291.438,292.521,,,46.934,,,22.041,-311185.87
688256.SH,2024-12-04,584.78,591.0,540.0,552.6,569.99,-17.39,-3.0509,89017.21,4996846.354,558.324,530.739,,,551.553,531.184,,,70.889,,,42.431,394514.79
688981.SH,2024-12-04,90.53,91.0,87.25,87.67,87.23,0.44,0.5044,681067.13,6069393.147,88.314,88.31,,,88.15,89.502,,,25.671,,,4.348,-3426950.57
600028.SH,2024-12-05,6.45,6.47,6.37,6.39,6.48,-0.09,-1.3889,1264709.09,811626.281,6.378,6.363,,,6.391,6.367,,,58.414,,,0.107,11144270.9
600030.SH,2024-12-05,30.7,31.25,30.65,30.9,30.8,0.1,0.3247,1158933.31,3584769.689,30.96,30.466,,,30.841,30.936,,,31.515,,,1.116,-3870109.17
600031.SH,2024-12-05,16.88,16.92,16.68,16.82,16.91,-0.09,-0.5322,526989.88,883675.346,17.128,17.174,,,17.043,17.259,,,23.552,,,0.412,-5496148.06
600036.SH,2024-12-05,36.66,37.36,36.61,36.91,36.81,0.1,0.2717,568949.34,2108115.265,36.738,36.582,,,36.803,36.863,,,37.152,,,0.732,-681434.14
600050.SH,2024-12-05,5.17,5.28,5.15,5.17,5.19,-0.02,-0.3854,3869747.21,2008867.569,5.166,5.158,,,5.174,5.207,,,48.708,,,0.241,-1555420.55
600104.SH,2024-12-05,17.71,18.45,17.58,18.28,17.85,0.43,2.409,1011820.23,1822057.135,18.328,18.285,,,18.256,18.04,,,64.094,,,1.514,4776534.16
600111.SH,2024-12-05,23.25,23.28,22.96,23.08,23.51,-0.43,-1.829,479228.3,1105952.586,23.25,23.117,,,23.222,23.296,,,32.24,,,0.896,1823329.67
600150.SH,2024-12-05,35.8,35.8,35.35,35.52,35.82,-0.3,-0.8375,289848.54,1029078.056,35.756,35.542,,,35.702,35.857,,,38.996,,,0.995,-1596119.43
600276.SH,2024-12-05,49.42,49.45,48.45,48.95,49.4,-0.45,-0.9109,298107.75,1454359.603,49.824,49.352,,,49.456,49.414,,,46.976,,,1.411,-937293.75
600309.SH,2024-12-05,73.02,73.19,72.0,72.33,73.4,-1.07,-1.4578,193946.73,1403492.201,74.094,73.865,,,73.654,74.444,,,22.866,,,1.666,-1750902.59
600406.SH,2024-12-05,24.8,24.82,24.53,24.58,24.89,-0.31,-1.2455,197157.12,485284.633,24.762,24.923,,,24.798,25.06,,,29.273,,,0.62,-552976.68
600519.SH,2024-12-05,1510.86,1517.86,1510.0,1511.0,1520.0,-9.0,-0.5921,16141.47,2441318.387,1521.696,1516.092,,,1518.716,1525.02,,,21.573,,,26.102,-77798.02
600690.SH,2024-12-05,29.0,29.24,28.46,28.58,29.1,-0.52,-1.7869,278873.1,800153.802,28.724,28.589,,,28.729,28.728,,,50.368,,,0.933,3097381.0
600760.SH,2024-12-05,47.72,48.48,47.48,48.14,47.71,0.43,0.9013,153147.89,734688.144,48.738,48.676,,,48.472,49.15,,,22.682,,,2.047,-2026533.56
600809.SH,2024-12-05,198.78,199.5,197.08,198.77,199.63,-0.86,-0.4308,29329.59,581505.865,200.744,200.499,,,200.215,202.776,,,20.297,,,6.51,-404917.56
600887.SH,2024-12-05,28.85,29.09,28.76,28.84,29.11,-0.27,-0.9275,268887.0,777508.596,28.922,28.718,,,28.918,28.932,,,38.369,,,0.629,-367906.76
600900.SH,2024-12-05,28.4,28.68,28.2,28.3,28.45,-0.15,-0.5272,980354.33,2785865.462,27.926,27.584,,,28.021,27.77,,,60.328,,,0.472,2814553.66
601012.SH,2024-12-05,17.78,18.0,17.78,17.94,17.93,0.01,0.0558,521149.5,931582.332,18.256,18.146,,,18.142,18.311,,,28.126,,,0.654,1959082.27
601088.SH,2024-12-05,41.99,42.25,41.67,41.92,42.1,-0.18,-0.4276,239113.5,1003548.599,40.764,40.44,,,41.139,40.726,,,64.153,,,1.026,1210556.97
601127.SH,2024-12-05,137.0,141.5,136.01,139.98,136.8,3.18,2.3246,431436.24,6007184.082,133.564,127.687,,,134.51,131.883,,,51.424,,,7.384,827795.2
601166.SH,2024-12-05,18.36,18.42,18.23,18.26,18.42,-0.16,-0.8686,437531.91,801362.236,18.274,18.103,,,18.272,18.218,,,47.717,,,0.334,1109980.93
601211.SH,2024-12-05,19.0,19.2,18.98,19.11,18.97,0.14,0.738,392346.31,748768.346,19.084,19.036,,,19.085,19.198,,,28.777,,,0.493,592375.61
601225.SH,2024-12-05,24.92,25.04,24.73,24.95,24.92,0.03,0.1204,312541.64,779397.889,24.162,23.776,,,24.371,24.034,,,66.377,,,0.618,2511088.25
601288.SH,2024-12-05,4.9,4.95,4.9,4.92,4.91,0.01,0.2037,2779118.02,1367102.074,4.87,4.827,,,4.881,4.841,,,69.249,,,0.077,42422260.6
601318.SH,2024-12-05,53.69,54.05,53.49,53.68,53.93,-0.25,-0.4636,295888.82,1589274.038,53.86,53.467,,,53.83,54.09,,,25.869,,,1.15,-2621001.47
601328.SH,2024-12-05,7.34,7.41,7.31,7.31,7.36,-0.05,-0.6793,1051814.98,772385.423,7.318,7.303,,,7.325,7.302,,,57.286,,,0.143,3222796.45
601398.SH,2024-12-05,6.25,6.33,6.23,6.26,6.26,0.0,0.0,2645283.22,1659231.378,6.202,6.168,,,6.219,6.184,,,65.487,,,0.094,7893236.99
601601.SH,2024-12-05,34.83,35.03,34.29,34.44,35.03,-0.59,-1.6843,210687.27,726895.508,34.694,34.156,,,34.627,34.616,,,36.503,,,0.994,-416022.82
601628.SH,2024-12-05,42.39,42.68,42.03,42.14,42.5,-0.36,-0.8471,69208.01,292558.334,42.47,42.03,,,42.386,42.673,,,29.126,,,1.473,-39678.18
601658.SH,2024-12-05,5.46,5.53,5.43,5.48,5.48,0.0,0.0,1128178.99,617434.614,5.422,5.353,,,5.434,5.381,,,69.854,,,0.107,8465441.14
601668.SH,2024-12-05,6.05,6.08,6.01,6.02,6.06,-0.04,-0.6601,1358364.0,819563.222,6.036,5.987,,,6.031,6.031,,,42.365,,,0.118,6143290.24
601728.SH,2024-12-05,6.68,6.74,6.6,6.62,6.66,-0.04,-0.6006,978512.57,649960.662,6.554,6.497,,,6.573,6.547,,,53.237,,,0.215,9370289.54
601816.SH,2024-12-05,6.16,6.27,6.15,6.21,6.2,0.01,0.1613,1732131.29,1077127.115,6.076,5.835,,,6.083,5.932,,,74.776,,,0.143,12308415.87
601857.SH,2024-12-05,8.32,8.38,8.26,8.29,8.44,-0.15,-1.7773,1827162.02,1517775.073,8.178,8.101,,,8.219,8.154,,,59.76,,,0.148,4377002.13
601888.SH,2024-12-05,69.83,70.3,69.5,69.9,70.07,-0.17,-0.2426,118095.92,824569.338,70.754,69.397,,,70.261,70.28,,,36.535,,,1.869,-654843.02
601899.SH,2024-12-05,15.73,15.75,15.42,15.48,15.8,-0.32,-2.0253,1412370.64,2192389.551,15.63,15.621,,,15.615,15.667,,,35.605,,,0.413,4668108.34
601919.SH,2024-12-05,14.17,14.2,14.02,14.06,14.19,-0.13,-0.9161,494124.6,696486.039,13.996,13.938,,,14.045,14.063,,,40.199,,,0.34,698004.05
601985.SH,2024-12-05,9.79,9.91,9.7,9.79,9.83,-0.04,-0.4069,847895.06,828659.36,9.668,9.605,,,9.715,9.694,,,48.456,,,0.251,4706927.36
601988.SH,2024-12-05,5.09,5.15,5.08,5.08,5.11,-0.03,-0.5871,1411084.48,719955.876,5.06,5.018,,,5.065,5.027,,,71.737,,,0.082,8798923.65
603019.SH,2024-12-05,77.2,77.5,75.2,75.95,78.0,-2.05,-2.6282,820593.53,6250770.701,80.08,79.058,,,78.442,79.023,,,37.983,,,5.474,-940288.18
603259.SH,2024-12-05,51.4,51.94,51.0,51.41,51.48,-0.07,-0.136,256191.6,1317249.678,51.314,50.362,,,51.26,51.388,,,33.192,,,1.689,-349732.92
603501.SH,2024-12-05,98.0,98.26,97.2,97.72,98.34,-0.62,-0.6305,103499.66,1010800.88,98.896,98.307,,,98.537,100.024,,,22.201,,,3.471,-1572425.3
603993.SH,2024-12-05,7.48,7.49,7.35,7.37,7.52,-0.15,-1.9947,1268281.7,938541.372,7.422,7.344,,,7.411,7.415,,,35.6,,,0.201,-2717524.5
688008.SH,2024-12-05,67.1,68.78,67.0,68.3,67.83,0.47,0.6929,173649.77,1183224.86,68.196,66.484,,,67.907,67.949,,,33.492,,,2.852,-1136502.93
688012.SH,2024-12-05,211.0,214.07,209.36,212.47,213.71,-1.24,-0.5802,65876.39,1392244.947,216.214,212.187,,,213.914,215.433,,,31.581,,,11.159,-260590.78
688041.SH,2024-12-05,127.6,129.8,126.76,128.02,128.89,-0.87,-0.675,152784.65,1952056.238,126.996,124.444,,,126.97,126.299,,,40.566,,,6.078,140480.49
688111.SH,2024-12-05,290.5,306.68,290.5,302.0,287.3,14.7,5.1166,92372.29,2785358.869,293.826,294.967,,,294.959,294.245,,,52.176,,,21.851,-218813.58
688256.SH,2024-12-05,550.0,572.86,545.5,570.12,552.6,17.52,3.1705,56747.63,3172809.908,563.142,536.319,,,557.742,538.263,,,73.111,,,41.355,451262.42
688981.SH,2024-12-05,86.2,88.26,86.14,87.0,87.67,-0.67,-0.7642,395957.41,3445580.322,88.298,87.66,,,87.767,89.047,,,25.047,,,4.189,-3822907.98
600028.SH,2024-12-06,6.37,6.45,6.37,6.41,6.39,0.02,0.313,1191781.42,765018.733,6.388,6.377,6.33,,6.397,6.375,6.33,,59.616,,,0.105,12336052.32
600030.SH,2024-12-06,30.9,31.64,30.65,31.24,30.9,0.34,1.1003,2054177.48,6420319.586,31.058,30.557,31.351,,30.974,30.991,31.351,,34.493,,,1.107,-1815931.69
600031.SH,2024-12-06,16.82,17.0,16.76,16.89,16.82,0.07,0.4162,534512.7,903307.951,17.01,17.135,17.601,,16.992,17.192,17.601,,25.665,,,0.4,-4961635.36
600036.SH,2024-12-06,37.01,37.82,37.01,37.7,36.91,0.79,2.1403,877235.87,3296793.042,37.01,36.707,37.184,,37.102,37.015,37.184,,48.378,,,0.744,195801.73
600050.SH,2024-12-06,5.16,5.22,5.16,5.2,5.17,0.03,0.5803,3319761.84,1724272.862,5.176,5.158,5.298,,5.182,5.206,5.298,,49.863,,,0.228,1764341.29
600104.SH,2024-12-06,18.2,18.4,17.71,17.76,18.28,-0.52,-2.8446,797466.9,1429053.863,18.364,18.263,17.533,,18.091,17.989,17.533,,61.161,,,1.455,3979067.26
600111.SH,2024-12-06,23.07,23.24,22.84,23.17,23.08,0.09,0.3899,398087.74,918815.792,23.314,23.071,23.552,,23.204,23.273,23.552,,33.331,,,0.861,2221417.41
600150.SH,2024-12-06,35.33,35.75,35.26,35.55,35.52,0.03,0.0845,340904.91,1211846.651,35.802,35.58,36.216,,35.651,35.801,36.216,,39.256,,,0.959,-1255214.52
600276.SH,2024-12-06,48.95,49.8,48.84,49.53,48.95,0.58,1.1849,342291.1,1688375.559,49.592,49.478,49.128,,49.481,49.435,49.128,,49.994,,,1.378,-595002.65
600309.SH,2024-12-06,72.35,73.98,72.35,73.63,72.33,1.3,1.7973,173515.8,1273147.759,73.962,73.839,75.779,,73.646,74.296,75.779,,30.509,,,1.665,-1577386.79
600406.SH,2024-12-06,24.6,25.0,24.53,24.86,24.58,0.28,1.1391,207405.6,515148.484,24.798,24.828,25.64,,24.819,25.024,25.64,,33.694,,,0.61,-345571.08
600519.SH,2024-12-06,1513.0,1538.9,1508.07,1521.01,1511.0,10.01,0.6625,32039.69,4883148.6,1520.75,1517.411,1537.965,,1519.481,1524.291,1537.965,,28.05,,,26.44,-45758.33
600690.SH,2024-12-06,28.58,29.4,28.55,29.24,28.58,0.66,2.3093,404396.22,1176406.992,28.906,28.623,28.854,,28.899,28.821,28.854,,56.543,,,0.927,3501777.22
600760.SH,2024-12-06,48.2,48.67,47.5,48.47,48.14,0.33,0.6855,195108.16,939329.613,48.534,48.583,50.398,,48.471,49.026,50.398,,24.332,,,1.984,-1831425.4
600809.SH,2024-12-06,198.78,202.9,197.7,200.01,198.77,1.24,0.6238,50961.73,1021827.361,200.008,200.56,207.726,,200.146,202.273,207.726,,23.219,,,6.416,-353955.83
600887.SH,2024-12-06,28.84,29.36,28.78,29.24,28.84,0.4,1.387,409298.46,1193668.609,29.054,28.802,29.06,,29.026,28.988,29.06,,44.538,,,0.625,41391.7
600900.SH,2024-12-06,28.32,28.54,28.15,28.18,28.3,-0.12,-0.424,909354.12,2571289.497,28.098,27.676,27.523,,28.074,27.845,27.523,,58.173,,,0.467,1905199.54
601012.SH,2024-12-06,17.95,17.96,17.38,17.85,17.94,-0.09,-0.5017,1070963.01,1896650.647,18.126,18.156,18.564,,18.044,18.227,18.564,,27.419,,,0.649,888119.26
601088.SH,2024-12-06,41.97,42.68,41.9,42.34,41.92,0.42,1.0019,265694.23,1124814.716,41.24,40.694,40.446,,41.539,41.019,40.446,,66.089,,,1.008,1476251.2
601127.SH,2024-12-06,139.88,140.86,137.6,138.39,139.98,-1.59,-1.1359,356546.28,4957665.608,136.924,129.127,130.969,,135.803,133.066,130.969,,49.997,,,7.09,471248.92
601166.SH,2024-12-06,18.29,18.63,18.28,18.49,18.26,0.23,1.2596,702704.21,1299008.438,18.362,18.172,18.186,,18.345,18.267,18.186,,53.18,,,0.337,1812685.14
601211.SH,2024-12-06,19.11,19.43,18.95,19.28,19.11,0.17,0.8896,590812.66,1135687.482,19.154,19.052,19.493,,19.15,19.213,19.493,,32.771,,,0.492,1183188.27
601225.SH,2024-12-06,25.04,25.17,24.78,24.79,24.95,-0.16,-0.6413,305186.61,761827.211,24.45,23.914,23.766,,24.511,24.171,23.766,,63.651,,,0.602,2205901.64
601288.SH,2024-12-06,4.92,5.0,4.91,4.95,4.92,0.03,0.6098,5104518.49,2532918.132,4.898,4.852,4.785,,4.904,4.861,4.785,,71.175,,,0.078,47526779.09
601318.SH,2024-12-06,53.79,55.69,53.78,55.12,53.68,1.44,2.6826,789836.81,4338822.602,54.234,53.676,54.875,,54.26,54.277,54.875,,38.709,,,1.211,-1831164.66
601328.SH,2024-12-06,7.31,7.42,7.3,7.37,7.31,0.06,0.8208,1490354.3,1099641.14,7.326,7.332,7.243,,7.34,7.315,7.243,,59.88,,,0.141,4713150.75
601398.SH,2024-12-06,6.26,6.34,6.25,6.32,6.26,0.06,0.9585,3119630.37,1968098.516,6.236,6.195,6.14,,6.253,6.209,6.14,,68.92,,,0.093,11012867.36
601601.SH,2024-12-06,34.47,36.5,34.36,35.7,34.44,1.26,3.6585,569964.07,2035721.853,35.054,34.341,34.893,,34.984,34.813,34.893,,46.448,,,1.076,153941.25
601628.SH,2024-12-06,42.14,45.26,42.1,43.76,42.14,1.62,3.8443,306866.31,1349714.505,42.802,42.229,43.51,,42.844,42.871,43.51,,40.013,,,1.593,267188.13
601658.SH,2024-12-06,5.48,5.57,5.47,5.54,5.48,0.06,1.0949,1429650.81,791144.985,5.47,5.387,5.315,,5.469,5.41,5.315,,72.937,,,0.107,9895091.95
601668.SH,2024-12-06,6.03,6.11,6.02,6.06,6.02,0.04,0.6645,1995810.05,1212244.434,6.052,5.998,6.054,,6.041,6.036,6.054,,45.097,,,0.116,8139100.29
601728.SH,2024-12-06,6.63,6.69,6.56,6.63,6.62,0.01,0.1511,1369111.05,907291.956,6.586,6.518,6.544,,6.592,6.562,6.544,,53.581,,,0.209,10739400.59
601816.SH,2024-12-06,6.25,6.28,6.18,6.25,6.21,0.04,0.6441,1689898.38,1055601.464,6.18,5.907,5.749,,6.138,5.99,5.749,,75.808,,,0.14,13998314.25
601857.SH,2024-12-06,8.28,8.39,8.27,8.32,8.29,0.03,0.3619,1598333.36,1330524.079,8.234,8.132,8.104,,8.253,8.184,8.104,,61.111,,,0.146,5975335.49
601888.SH,2024-12-06,69.9,70.98,69.5,70.56,69.9,0.66,0.9442,148437.04,1044767.679,70.956,69.713,70.531,,70.36,70.331,70.531,,39.703,,,1.841,-506405.98
601899.SH,2024-12-06,15.42,15.74,15.41,15.69,15.48,0.21,1.3566,1378732.76,2155290.558,15.628,15.614,15.786,,15.64,15.672,15.786,,40.37,,,0.407,6046841.1
601919.SH,2024-12-06,14.1,14.23,14.08,14.14,14.06,0.08,0.569,568635.03,805085.729,14.106,13.94,14.216,,14.077,14.077,14.216,,42.419,,,0.328,1266639.08
601985.SH,2024-12-06,9.79,9.98,9.78,9.92,9.79,0.13,1.3279,1131887.31,1122921.826,9.766,9.61,9.774,,9.783,9.735,9.774,,52.302,,,0.247,5838814.67
601988.SH,2024-12-06,5.08,5.14,5.07,5.1,5.08,0.02,0.3937,2243961.13,1145783.233,5.078,5.037,4.965,,5.077,5.04,4.965,,72.964,,,0.081,11042884.78
603019.SH,2024-12-06,76.06,78.57,75.74,76.99,75.95,1.04,1.3693,767835.38,5924527.473,78.518,79.272,78.806,,77.958,78.654,78.806,,39.648,,,5.285,-172452.8
603259.SH,2024-12-06,51.2,56.38,51.1,55.22,51.41,3.81,7.411,1055038.65,5727683.912,52.33,50.921,52.342,,52.58,52.085,52.342,,48.982,,,1.946,705305.73
603501.SH,2024-12-06,97.8,99.98,97.4,99.35,97.72,1.63,1.668,137913.76,1365670.898,99.038,98.29,103.362,,98.808,99.902,103.362,,27.282,,,3.407,-1434511.54
603993.SH,2024-12-06,7.36,7.42,7.33,7.42,7.37,0.05,0.6784,1309367.42,967444.956,7.45,7.354,7.464,,7.414,7.416,7.464,,37.856,,,0.193,-1408157.08
688008.SH,2024-12-06,67.91,70.53,67.7,70.18,68.3,1.88,2.7526,276740.19,1923939.519,68.756,67.111,68.663,,68.664,68.355,68.663,,39.098,,,2.85,-859762.74
688012.SH,2024-12-06,212.48,219.0,210.53,216.09,212.47,3.62,1.7038,70763.07,1524190.76,215.032,212.85,218.742,,214.639,215.552,218.742,,35.24,,,10.967,-189827.71
688041.SH,2024-12-06,128.6,132.4,126.3,129.81,128.02,1.79,1.3982,183892.73,2379502.664,127.796,125.035,126.408,,127.917,126.937,126.408,,43.185,,,6.08,324373.22
688111.SH,2024-12-06,308.9,311.27,296.0,300.03,302.0,-1.97,-0.6523,61489.3,1864424.404,294.884,294.42,294.349,,296.649,295.297,294.349,,51.443,,,21.381,-280302.88
688256.SH,2024-12-06,570.1,576.0,548.0,553.6,570.12,-16.52,-2.8976,62322.8,3482705.704,561.662,542.479,503.298,,556.362,541.052,503.298,,67.851,,,40.401,388939.62
688981.SH,2024-12-06,86.5,89.69,86.3,88.93,87.0,1.93,2.2184,540441.17,4776133.052,88.064,87.676,91.826,,88.155,89.026,91.826,,30.301,,,4.132,-3282466.81
600028.SH,2024-12-09,6.4,6.48,6.37,6.47,6.41,0.06,0.936,1312229.03,846446.219,6.42,6.391,6.342,,6.421,6.392,6.343,,63.064,,,0.106,13648281.35
600030.SH,2024-12-09,31.15,31.38,30.75,31.12,31.24,-0.12,-0.3841,1258571.7,3912475.318,31.028,30.703,31.164,,31.023,31.015,31.329,,33.932,,,1.073,-3074503.39
600031.SH,2024-12-09,16.9,17.02,16.76,16.86,16.89,-0.03,-0.1776,482584.51,813845.051,16.914,17.109,17.516,,16.948,17.131,17.531,,25.342,,,0.39,-5444219.87
600036.SH,2024-12-09,37.59,37.99,37.35,37.7,37.7,0.0,0.0,492995.35,1859542.283,37.248,36.855,37.152,,37.301,37.14,37.233,,48.378,,,0.737,195801.73
600050.SH,2024-12-09,5.21,5.45,5.19,5.35,5.2,0.15,2.8846,6778880.77,3625430.856,5.216,5.182,5.305,,5.238,5.232,5.303,,55.288,,,0.231,8543222.06
600104.SH,2024-12-09,17.83,18.76,17.83,18.07,17.76,0.31,1.7455,935708.95,1717997.49,18.178,18.12,17.746,,18.084,18.004,17.585,,62.269,,,1.422,4914776.21
600111.SH,2024-12-09,23.17,23.36,22.73,22.88,23.17,-0.29,-1.2516,377109.63,867208.048,23.22,23.056,23.404,,23.096,23.201,23.488,,31.567,,,0.844,1844307.78
600150.SH,2024-12-09,35.46,35.76,35.13,35.6,35.55,0.05,0.1406,363619.98,1289382.688,35.674,35.629,36.113,,35.634,35.764,36.157,,39.717,,,0.936,-891594.54
600276.SH,2024-12-09,49.98,50.09,49.06,49.38,49.53,-0.15,-0.3028,276613.58,1368832.175,49.378,49.64,49.125,,49.447,49.425,49.152,,49.214,,,1.354,-871616.23
600309.SH,2024-12-09,73.7,74.06,72.9,73.17,73.63,-0.46,-0.6247,149045.62,1093121.602,73.518,73.856,75.394,,73.488,74.091,75.531,,29.399,,,1.629,-1726432.41
600406.SH,2024-12-09,24.86,25.08,24.72,24.92,24.86,0.06,0.2414,177840.77,442730.75,24.854,24.813,25.536,,24.853,25.005,25.572,,34.637,,,0.592,-167730.31
600519.SH,2024-12-09,1522.02,1529.72,1513.2,1518.8,1521.01,-2.21,-0.1453,19799.86,3008173.586,1519.51,1519.434,1534.004,,1519.254,1523.293,1536.14,,27.51,,,25.731,-65558.19
600690.SH,2024-12-09,29.05,29.75,28.51,29.4,29.24,0.16,0.5472,381809.06,1114106.061,29.056,28.752,28.901,,29.066,28.926,28.906,,57.91,,,0.95,3883586.28
600760.SH,2024-12-09,48.27,48.28,47.08,47.65,48.47,-0.82,-1.6918,183378.56,872614.955,48.104,48.566,49.786,,48.197,48.776,50.136,,23.018,,,1.942,-2014803.96
600809.SH,2024-12-09,200.0,203.0,198.08,200.48,200.01,0.47,0.235,53235.31,1067086.87,199.81,200.834,206.45,,200.258,201.947,207.036,,24.351,,,6.31,-300720.52
600887.SH,2024-12-09,29.22,29.26,28.58,28.82,29.24,-0.42,-1.4364,527478.86,1521343.01,29.054,28.862,29.0,,28.957,28.957,29.037,,40.01,,,0.629,-486087.16
600900.SH,2024-12-09,28.13,28.51,27.93,28.41,28.18,0.23,0.8162,802872.92,2273588.991,28.258,27.804,27.569,,28.186,27.947,27.607,,61.045,,,0.475,2708072.46
601012.SH,2024-12-09,17.86,17.9,17.55,17.63,17.85,-0.22,-1.2325,712009.24,1260159.814,17.966,18.138,18.444,,17.906,18.118,18.475,,25.717,,,0.628,176110.02
601088.SH,2024-12-09,41.9,42.98,41.51,42.5,42.34,0.16,0.3779,245034.49,1039387.367,41.818,40.933,40.602,,41.86,41.288,40.642,,66.825,,,1.041,1721285.69
601127.SH,2024-12-09,139.31,145.0,139.1,144.75,138.39,6.36,4.5957,535098.36,7642835.423,139.124,131.467,131.192,,138.786,135.19,132.281,,55.336,,,7.055,1006347.28
601166.SH,2024-12-09,18.49,18.64,18.38,18.54,18.49,0.05,0.2704,584094.07,1083046.249,18.432,18.25,18.194,,18.41,18.317,18.22,,54.298,,,0.331,2396779.21
601211.SH,2024-12-09,19.24,19.29,18.85,18.98,19.28,-0.3,-1.556,513444.22,977938.484,19.12,19.051,19.398,,19.094,19.17,19.444,,29.615,,,0.488,669744.05
601225.SH,2024-12-09,24.98,24.98,23.94,24.58,24.79,-0.21,-0.8471,444790.13,1092530.112,24.662,24.054,23.821,,24.534,24.246,23.844,,60.16,,,0.633,1761111.51
601288.SH,2024-12-09,4.95,5.05,4.92,5.01,4.95,0.06,1.2121,5055622.36,2528957.699,4.936,4.88,4.801,,4.939,4.888,4.806,,74.601,,,0.082,52582401.45
601318.SH,2024-12-09,54.95,55.3,54.45,54.83,55.12,-0.29,-0.5261,510463.45,2801288.362,54.398,53.902,54.697,,54.45,54.378,54.871,,37.308,,,1.185,-2341628.11
601328.SH,2024-12-09,7.38,7.43,7.32,7.4,7.37,0.03,0.4071,1397292.32,1032119.107,7.358,7.359,7.257,,7.36,7.33,7.258,,61.15,,,0.139,6110443.07
601398.SH,2024-12-09,6.3,6.37,6.28,6.32,6.32,0.0,0.0,3127432.96,1982868.64,6.274,6.22,6.155,,6.275,6.229,6.158,,68.92,,,0.093,11012867.36
601601.SH,2024-12-09,35.53,36.06,35.17,35.35,35.7,-0.35,-0.9804,340868.24,1213408.747,35.204,34.527,34.812,,35.106,34.911,34.937,,44.369,,,1.062,-186926.99
601628.SH,2024-12-09,43.41,44.51,43.3,44.07,43.76,0.31,0.7084,195474.64,858892.699,43.114,42.54,43.344,,43.253,43.089,43.563,,41.854,,,1.566,462662.77
601658.SH,2024-12-09,5.52,5.61,5.5,5.55,5.54,0.01,0.1805,1171280.73,651985.297,5.506,5.418,5.332,,5.496,5.435,5.337,,73.425,,,0.107,11066372.68
601668.SH,2024-12-09,6.07,6.17,6.05,6.1,6.06,0.04,0.6601,2487078.54,1520708.765,6.066,6.019,6.049,,6.061,6.048,6.058,,47.763,,,0.116,10626178.83
601728.SH,2024-12-09,6.63,6.8,6.61,6.73,6.63,0.1,1.5083,1469489.12,987967.307,6.634,6.553,6.554,,6.638,6.593,6.561,,56.989,,,0.208,12208889.71
601816.SH,2024-12-09,6.25,6.39,6.17,6.36,6.25,0.11,1.76,2035132.93,1282917.481,6.246,5.992,5.788,,6.212,6.057,5.807,,78.423,,,0.145,16033447.18
601857.SH,2024-12-09,8.29,8.48,8.24,8.43,8.32,0.11,1.3221,2126592.43,1789796.053,8.316,8.172,8.12,,8.312,8.229,8.135,,65.664,,,0.153,8101927.92
601888.SH,2024-12-09,70.2,70.39,69.0,69.29,70.56,-1.27,-1.7999,140978.57,982222.381,70.29,69.842,70.274,,70.004,70.142,70.413,,35.981,,,1.821,-647384.55
601899.SH,2024-12-09,15.74,16.05,15.67,15.88,15.69,0.19,1.211,1386204.72,2208532.969,15.692,15.647,15.755,,15.72,15.709,15.795,,44.38,,,0.405,7433045.82
601919.SH,2024-12-09,14.1,14.18,13.99,14.15,14.14,0.01,0.0707,607668.26,857363.204,14.156,13.956,14.19,,14.101,14.09,14.21,,42.705,,,0.318,1874307.34
601985.SH,2024-12-09,9.9,10.02,9.86,9.99,9.92,0.07,0.7056,951412.82,947353.945,9.864,9.656,9.778,,9.852,9.781,9.794,,54.28,,,0.241,6790227.49
601988.SH,2024-12-09,5.1,5.17,5.07,5.15,5.1,0.05,0.9804,2093927.32,1076056.485,5.106,5.061,4.982,,5.101,5.06,4.983,,75.794,,,0.083,13136812.1
603019.SH,2024-12-09,77.0,77.14,74.36,74.99,76.99,-2.0,-2.5977,631128.06,4759141.336,76.756,78.864,78.186,,76.968,77.988,78.442,,37.56,,,5.106,-803580.86
603259.SH,2024-12-09,59.6,60.2,57.82,58.98,55.22,3.76,6.8091,1562911.06,9227770.822,53.882,51.909,52.419,,54.713,53.339,52.974,,59.224,,,2.162,2268216.79
603501.SH,2024-12-09,99.35,99.52,97.84,98.54,99.35,-0.81,-0.8153,98854.04,975012.509,98.546,98.441,102.489,,98.719,99.654,102.903,,26.361,,,3.284,-1533365.58
603993.SH,2024-12-09,7.42,7.47,7.33,7.39,7.42,-0.03,-0.4043,1267602.27,937411.653,7.432,7.366,7.438,,7.406,7.411,7.457,,37.018,,,0.189,-2675759.35
688008.SH,2024-12-09,70.0,70.38,68.3,68.82,70.18,-1.36,-1.9379,205848.26,1426373.731,68.694,67.63,68.199,,68.716,68.439,68.678,,36.689,,,2.795,-1065611.0
688012.SH,2024-12-09,214.9,218.64,211.5,214.04,216.09,-2.05,-0.9487,52945.01,1138021.749,213.84,213.906,217.187,,214.439,215.277,218.295,,34.127,,,10.694,-242772.72
688041.SH,2024-12-09,129.99,130.76,127.27,128.99,129.81,-0.82,-0.6317,140262.47,1807958.204,128.216,126.108,125.905,,128.274,127.31,126.654,,42.266,,,5.895,184110.75
688111.SH,2024-12-09,303.0,315.0,298.59,312.6,300.03,12.57,4.1896,77807.36,2393048.548,298.466,296.308,295.134,,301.966,298.443,296.087,,55.72,,,21.026,-202495.52
688256.SH,2024-12-09,549.0,556.9,515.14,539.0,553.6,-14.6,-2.6373,85026.0,4537704.077,557.062,547.479,508.722,,550.574,540.679,506.698,,63.503,,,40.498,303913.62
688981.SH,2024-12-09,88.06,88.75,85.99,86.78,88.93,-2.15,-2.4176,424112.57,3699239.863,87.522,87.738,90.916,,87.696,88.618,91.345,,27.95,,,4.047,-3706579.38
600028.SH,2024-12-10,6.52,6.55,6.44,6.44,6.47,-0.03,-0.4637,1646687.08,1068303.214,6.438,6.399,6.355,,6.428,6.401,6.353,,60.292,,,0.106,12001594.27
600030.SH,2024-12-10,33.0,33.0,31.39,31.48,31.12,0.36,1.1568,3066783.93,9869463.926,31.108,30.879,31.041,,31.175,31.099,31.344,,37.229,,,1.131,-7719.46
600031.SH,2024-12-10,17.25,17.38,16.89,16.91,16.86,0.05,0.2966,791972.73,1354694.129,16.878,17.095,17.449,,16.935,17.091,17.472,,26.993,,,0.399,-4652247.14
600036.SH,2024-12-10,38.8,38.99,38.4,38.6,37.7,0.9,2.3873,1038953.19,4022695.501,37.544,37.076,37.203,,37.734,37.405,37.363,,58.235,,,0.776,1234754.92
600050.SH,2024-12-10,5.4,5.44,5.28,5.3,5.35,-0.05,-0.9346,5643485.61,3019450.6,5.242,5.202,5.315,,5.259,5.245,5.303,,53.221,,,0.225,2899736.45
600104.SH,2024-12-10,18.45,18.9,17.92,17.97,18.07,-0.1,-0.5534,1035712.22,1906041.822,17.986,18.08,17.883,,18.046,17.998,17.621,,61.658,,,1.391,3879063.99
600111.SH,2024-12-10,23.36,23.47,22.95,22.96,22.88,0.08,0.3497,547077.76,1271899.715,23.12,23.073,23.294,,23.051,23.158,23.437,,32.626,,,0.826,2391385.54
600150.SH,2024-12-10,36.4,36.49,35.58,35.61,35.6,0.01,0.0281,490530.38,1761003.816,35.62,35.669,36.057,,35.626,35.736,36.105,,39.816,,,0.934,-401064.16
600276.SH,2024-12-10,50.25,50.25,47.61,48.13,49.38,-1.25,-2.5314,1022100.21,4957092.802,49.078,49.585,49.067,,49.008,49.189,49.054,,43.169,,,1.445,-1893716.44
600309.SH,2024-12-10,75.15,76.1,74.16,74.38,73.17,1.21,1.6537,322811.95,2432836.597,73.382,74.004,75.088,,73.785,74.144,75.421,,35.997,,,1.722,-1403620.46
600406.SH,2024-12-10,25.3,25.44,24.82,24.91,24.92,-0.01,-0.0401,280056.37,703479.883,24.832,24.811,25.469,,24.872,24.988,25.509,,34.549,,,0.594,-447786.68
600519.SH,2024-12-10,1570.0,1579.73,1545.18,1546.59,1518.8,27.79,1.8297,60312.1,9421340.719,1523.48,1523.193,1532.474,,1528.366,1527.528,1537.135,,42.504,,,28.245,-5246.09
600690.SH,2024-12-10,30.6,30.85,29.65,29.72,29.4,0.32,1.0884,512265.21,1545835.19,29.208,28.895,28.942,,29.284,29.071,28.984,,60.581,,,0.985,4395851.49
600760.SH,2024-12-10,48.69,49.36,48.0,48.14,47.65,0.49,1.0283,250541.1,1221412.848,48.022,48.622,49.432,,48.178,48.66,49.946,,25.604,,,1.925,-1764262.86
600809.SH,2024-12-10,210.97,214.27,203.8,205.02,200.48,4.54,2.2646,141422.32,2954291.053,200.782,201.236,205.602,,201.845,202.506,206.844,,34.411,,,6.844,-159298.2
600887.SH,2024-12-10,29.5,30.1,29.4,29.52,28.82,0.7,2.4289,807718.9,2405124.343,29.106,28.957,28.986,,29.145,29.06,29.083,,49.268,,,0.676,321631.74
600900.SH,2024-12-10,28.4,28.58,27.96,28.02,28.41,-0.39,-1.3728,1678877.46,4740338.733,28.272,27.906,27.622,,28.131,27.961,27.647,,54.244,,,0.485,1029195.0
601012.SH,2024-12-10,18.16,18.24,17.56,17.62,17.63,-0.01,-0.0567,935927.83,1673014.321,17.794,18.1,18.321,,17.811,18.028,18.394,,25.639,,,0.631,-759817.81
601088.SH,2024-12-10,43.41,43.66,42.11,42.54,42.5,0.04,0.0941,349046.84,1489367.528,42.28,41.207,40.784,,42.086,41.516,40.822,,67.017,,,1.078,2070332.53
601127.SH,2024-12-10,149.0,149.89,133.0,134.5,144.75,-10.25,-7.0812,1014315.73,14309938.456,138.884,132.856,131.188,,137.357,135.065,132.493,,46.685,,,7.758,-7968.45
601166.SH,2024-12-10,18.88,18.97,18.67,18.68,18.54,0.14,0.7551,938825.78,1765951.572,18.478,18.322,18.222,,18.5,18.383,18.264,,57.368,,,0.338,3335604.99
601211.SH,2024-12-10,19.88,19.88,19.09,19.11,18.98,0.13,0.6849,697212.73,1356300.651,19.09,19.064,19.333,,19.099,19.159,19.412,,32.642,,,0.517,1366956.78
601225.SH,2024-12-10,25.09,25.09,24.52,24.61,24.58,0.03,0.1221,383553.24,947492.472,24.77,24.177,23.893,,24.559,24.312,23.917,,60.493,,,0.629,2144664.75
601288.SH,2024-12-10,5.04,5.08,4.97,5.05,5.01,0.04,0.7984,6229465.58,3126319.108,4.968,4.904,4.821,,4.976,4.918,4.83,,76.598,,,0.084,58811867.03
601318.SH,2024-12-10,56.9,57.18,55.5,55.62,54.83,0.79,1.4408,1000983.5,5649587.635,54.636,54.159,54.627,,54.84,54.604,54.942,,43.327,,,1.269,-1340644.61
601328.SH,2024-12-10,7.48,7.57,7.41,7.5,7.4,0.1,1.3514,2216444.31,1659714.038,7.388,7.376,7.278,,7.407,7.361,7.281,,65.116,,,0.141,8326887.38
601398.SH,2024-12-10,6.35,6.45,6.33,6.42,6.32,0.1,1.5823,4372946.05,2792561.332,6.316,6.246,6.176,,6.323,6.264,6.183,,73.932,,,0.096,15385813.41
601601.SH,2024-12-10,37.0,37.39,36.0,36.11,35.35,0.76,2.1499,577544.63,2115512.968,35.326,34.793,34.829,,35.441,35.129,35.048,,49.64,,,1.132,390617.64
601628.SH,2024-12-10,45.9,46.4,44.17,44.23,44.07,0.16,0.3631,274167.75,1242590.469,43.34,42.834,43.279,,43.579,43.296,43.626,,42.829,,,1.621,736830.52
601658.SH,2024-12-10,5.61,5.65,5.54,5.59,5.55,0.04,0.7207,1378619.27,770508.264,5.528,5.444,5.354,,5.527,5.463,5.361,,75.34,,,0.107,12444991.95
601668.SH,2024-12-10,6.28,6.32,6.12,6.12,6.1,0.02,0.3279,2760017.02,1708053.34,6.072,6.039,6.05,,6.08,6.061,6.064,,49.094,,,0.124,13386195.85
601728.SH,2024-12-10,6.79,6.84,6.68,6.7,6.73,-0.03,-0.4458,1443021.99,970359.317,6.668,6.58,6.571,,6.659,6.612,6.574,,55.668,,,0.204,10765867.72
601816.SH,2024-12-10,6.46,6.46,6.31,6.32,6.36,-0.04,-0.6289,2011831.49,1281665.33,6.268,6.069,5.828,,6.248,6.105,5.856,,75.238,,,0.146,14021615.69
601857.SH,2024-12-10,8.53,8.58,8.35,8.36,8.43,-0.07,-0.8304,1914230.22,1612096.547,8.368,8.206,8.138,,8.328,8.252,8.156,,60.787,,,0.159,6187697.7
601888.SH,2024-12-10,73.0,73.5,70.5,70.65,69.29,1.36,1.9628,356830.24,2577118.763,70.094,70.123,70.096,,70.219,70.234,70.435,,42.228,,,1.992,-290554.31
601899.SH,2024-12-10,16.38,16.55,16.0,16.06,15.88,0.18,1.1335,1917172.69,3111739.802,15.782,15.699,15.759,,15.833,15.773,15.821,,47.952,,,0.424,9350218.51
601919.SH,2024-12-10,14.41,14.48,14.05,14.09,14.15,-0.06,-0.424,976409.66,1390057.58,14.126,13.982,14.17,,14.098,14.09,14.198,,41.376,,,0.326,897897.68
601985.SH,2024-12-10,10.1,10.11,9.88,9.91,9.99,-0.08,-0.8008,1206128.71,1202136.235,9.888,9.706,9.786,,9.871,9.805,9.805,,51.644,,,0.24,5584098.78
601988.SH,2024-12-10,5.19,5.24,5.13,5.21,5.15,0.06,1.165,2227808.31,1156082.703,5.13,5.083,5.003,,5.138,5.087,5.004,,78.679,,,0.085,15364620.41
603019.SH,2024-12-10,78.81,79.05,74.6,74.94,74.99,-0.05,-0.0667,824030.7,6302765.111,76.174,78.754,77.738,,76.292,77.433,78.109,,37.507,,,5.059,-1627611.56
603259.SH,2024-12-10,60.51,60.74,57.75,57.97,58.98,-1.01,-1.7124,909352.35,5346316.47,55.012,52.806,52.403,,55.799,54.181,53.45,,55.973,,,2.221,1358864.44
603501.SH,2024-12-10,101.53,101.99,98.55,98.89,98.54,0.35,0.3552,169157.3,1696466.923,98.568,98.695,101.671,,98.776,99.515,102.521,,27.5,,,3.296,-1364208.28
603993.SH,2024-12-10,7.58,7.68,7.38,7.4,7.39,0.01,0.1353,2000591.03,1498911.687,7.42,7.377,7.424,,7.404,7.409,7.452,,37.515,,,0.197,-675168.32
688008.SH,2024-12-10,72.0,72.39,68.28,68.39,68.82,-0.43,-0.6248,299542.52,2097386.889,68.704,68.158,67.898,,68.608,68.43,68.651,,35.935,,,2.889,-1365153.52
688012.SH,2024-12-10,228.0,229.66,215.69,217.02,214.04,2.98,1.3923,94548.38,2098833.405,214.666,215.084,215.723,,215.3,215.594,218.173,,37.23,,,11.046,-148224.34
688041.SH,2024-12-10,137.0,137.88,130.01,130.3,128.99,1.31,1.0156,246687.77,3284302.074,129.202,127.328,125.95,,128.95,127.854,127.002,,44.305,,,6.109,430798.52
688111.SH,2024-12-10,327.0,342.48,313.77,319.24,312.6,6.64,2.1241,108637.78,3547374.223,304.234,299.67,296.891,,307.724,302.224,298.292,,57.833,,,21.658,-93857.74
688256.SH,2024-12-10,558.0,564.9,526.66,538.43,539.0,-0.57,-0.1058,91157.89,4950728.142,550.75,552.732,514.494,,546.526,540.27,509.72,,63.332,,,40.337,212755.73
688981.SH,2024-12-10,91.49,91.99,87.79,88.0,86.78,1.22,1.4059,696681.21,6260001.391,87.676,88.028,90.26,,87.798,88.505,91.027,,31.211,,,4.13,-3009898.17
600028.SH,2024-12-11,6.44,6.47,6.42,6.44,6.44,0.0,0.0,1031050.99,664423.9,6.43,6.405,6.365,,6.432,6.408,6.361,,60.292,,,0.102,12001594.27
600030.SH,2024-12-11,31.43,31.72,31.16,31.34,31.48,-0.14,-0.4447,1311479.87,4119760.433,31.216,30.985,30.962,,31.23,31.143,31.343,,36.467,,,1.09,-1319199.33
600031.SH,2024-12-11,16.92,17.0,16.85,16.96,16.91,0.05,0.2957,416884.31,705875.919,16.888,17.055,17.37,,16.944,17.067,17.423,,28.691,,,0.381,-4235362.83
600036.SH,2024-12-11,38.54,38.79,38.23,38.3,38.6,-0.3,-0.7772,517709.36,1988895.959,37.842,37.246,37.226,,37.923,37.568,37.452,,54.499,,,0.761,717045.56
600050.SH,2024-12-11,5.29,5.31,5.25,5.29,5.3,-0.01,-0.1887,3114647.34,1644047.413,5.262,5.209,5.307,,5.269,5.253,5.301,,52.796,,,0.214,-214910.89
600104.SH,2024-12-11,17.96,18.8,17.53,17.72,17.97,-0.25,-1.3912,1260495.64,2280166.824,17.96,18.059,17.933,,17.937,17.947,17.631,,60.07,,,1.382,2618568.35
600111.SH,2024-12-11,22.88,23.13,22.8,23.02,22.96,0.06,0.2613,281486.49,646590.795,23.022,23.081,23.167,,23.041,23.133,23.398,,33.458,,,0.791,2672872.03
600150.SH,2024-12-11,35.45,35.57,35.28,35.48,35.61,-0.13,-0.3651,258879.19,917571.103,35.552,35.629,35.891,,35.577,35.69,36.045,,38.926,,,0.891,-659943.35
600276.SH,2024-12-11,47.86,48.17,47.51,48.15,48.13,0.02,0.0416,429448.59,2056039.72,48.828,49.401,49.007,,48.722,49.0,48.968,,43.289,,,1.389,-1464267.85
600309.SH,2024-12-11,74.1,75.05,74.0,74.9,74.38,0.52,0.6991,141124.63,1054360.174,73.682,74.046,74.838,,74.157,74.281,75.371,,38.65,,,1.674,-1262495.83
600406.SH,2024-12-11,25.03,25.03,24.71,24.95,24.91,0.04,0.1606,228524.66,567817.36,24.844,24.806,25.372,,24.898,24.981,25.456,,35.258,,,0.574,-219262.02
600519.SH,2024-12-11,1540.0,1555.0,1530.98,1535.6,1546.59,-10.99,-0.7106,29671.12,4569662.604,1526.6,1524.848,1530.329,,1530.777,1528.996,1536.989,,39.063,,,27.944,-34917.21
600690.SH,2024-12-11,29.67,30.1,29.39,29.45,29.72,-0.27,-0.9085,315858.56,938136.924,29.278,28.963,28.935,,29.339,29.14,29.028,,57.278,,,0.966,4079992.93
600760.SH,2024-12-11,47.98,48.7,47.76,48.49,48.14,0.35,0.727,165177.99,795023.066,48.178,48.523,49.116,,48.282,48.629,49.807,,27.478,,,1.855,-1599084.87
600809.SH,2024-12-11,203.8,208.77,203.5,204.88,205.02,-0.14,-0.0683,57031.27,1173695.201,201.832,201.484,204.694,,202.857,202.938,206.657,,34.259,,,6.731,-216329.47
600887.SH,2024-12-11,29.42,30.0,29.37,29.77,29.52,0.25,0.8469,474342.51,1413712.57,29.238,29.047,28.974,,29.353,29.189,29.149,,52.111,,,0.672,795974.25
600900.SH,2024-12-11,28.1,28.22,27.97,28.17,28.02,0.15,0.5353,636184.26,1788397.138,28.216,27.984,27.661,,28.144,27.999,27.697,,56.262,,,0.468,1665379.26
601012.SH,2024-12-11,17.55,17.78,17.53,17.69,17.62,0.07,0.3973,555535.22,981421.663,17.746,18.034,18.201,,17.771,17.966,18.327,,27.299,,,0.604,-204282.59
601088.SH,2024-12-11,42.54,43.4,42.43,43.38,42.54,0.84,1.9746,290901.48,1252026.891,42.536,41.485,40.984,,42.518,41.855,41.066,,70.844,,,1.07,2361234.01
601127.SH,2024-12-11,131.5,134.48,129.28,133.72,134.5,-0.78,-0.5799,569239.1,7515804.014,138.268,133.839,130.652,,136.145,134.82,132.61,,46.094,,,7.577,-577207.55
601166.SH,2024-12-11,18.73,18.81,18.51,18.55,18.68,-0.13,-0.6959,626746.63,1167835.259,18.504,18.366,18.242,,18.517,18.413,18.291,,53.757,,,0.336,2708858.36
601211.SH,2024-12-11,19.11,19.29,19.09,19.16,19.11,0.05,0.2616,326192.92,625652.058,19.128,19.072,19.266,,19.119,19.159,19.388,,33.821,,,0.495,1693149.7
601225.SH,2024-12-11,24.67,25.35,24.55,25.25,24.61,0.64,2.6006,382018.79,955108.681,24.836,24.34,23.974,,24.79,24.482,24.044,,66.864,,,0.641,2526683.54
601288.SH,2024-12-11,5.04,5.07,4.97,4.97,5.05,-0.08,-1.5842,4695042.66,2350122.021,4.98,4.918,4.836,,4.974,4.927,4.843,,65.505,,,0.085,54116824.37
601318.SH,2024-12-11,55.61,55.93,54.88,54.9,55.62,-0.72,-1.2945,504784.24,2790301.41,54.83,54.294,54.513,,54.86,54.658,54.938,,39.596,,,1.253,-1845428.85
601328.SH,2024-12-11,7.49,7.56,7.32,7.33,7.5,-0.17,-2.2667,2151947.56,1590917.765,7.382,7.362,7.29,,7.381,7.355,7.286,,54.864,,,0.148,6174939.82
601398.SH,2024-12-11,6.4,6.45,6.3,6.31,6.42,-0.11,-1.7134,3870003.36,2461585.21,6.326,6.257,6.189,,6.319,6.272,6.195,,62.074,,,0.1,11515810.05
601601.SH,2024-12-11,35.95,36.34,35.1,35.2,36.11,-0.91,-2.5201,364371.62,1295729.889,35.36,34.925,34.788,,35.361,35.142,35.063,,44.236,,,1.14,26246.02
601628.SH,2024-12-11,44.02,44.8,43.07,43.26,44.23,-0.97,-2.1931,150145.49,655087.355,43.492,42.929,43.183,,43.472,43.29,43.592,,38.602,,,1.628,586685.03
601658.SH,2024-12-11,5.58,5.61,5.46,5.47,5.59,-0.12,-2.1467,1536652.97,845962.858,5.526,5.457,5.368,,5.508,5.465,5.371,,61.114,,,0.11,10908338.98
601668.SH,2024-12-11,6.12,6.17,6.1,6.11,6.12,-0.01,-0.1634,1609639.63,986332.147,6.082,6.054,6.05,,6.09,6.07,6.068,,48.429,,,0.12,11776556.22
601728.SH,2024-12-11,6.7,6.74,6.64,6.72,6.7,0.02,0.2985,1282093.87,859246.318,6.68,6.599,6.572,,6.679,6.632,6.588,,56.394,,,0.197,12047961.59
601816.SH,2024-12-11,6.35,6.36,6.17,6.22,6.32,-0.1,-1.5823,2543213.38,1585279.857,6.272,6.126,5.86,,6.239,6.126,5.891,,67.822,,,0.149,11478402.31
601857.SH,2024-12-11,8.34,8.47,8.33,8.45,8.36,0.09,1.0766,1503909.14,1264886.129,8.37,8.248,8.157,,8.369,8.288,8.184,,64.443,,,0.157,7691606.84
601888.SH,2024-12-11,70.33,72.65,70.33,71.85,70.65,1.2,1.6985,211614.69,1516908.894,70.45,70.44,69.981,,70.763,70.528,70.57,,47.13,,,2.015,-78939.62
601899.SH,2024-12-11,16.16,16.38,16.06,16.12,16.06,0.06,0.3736,1468594.89,2374455.019,15.846,15.743,15.765,,15.929,15.836,15.849,,49.124,,,0.417,10818813.4
601919.SH,2024-12-11,14.09,14.23,14.03,14.22,14.09,0.13,0.9226,765768.04,1084770.628,14.132,14.015,14.15,,14.138,14.114,14.2,,45.346,,,0.317,1663665.72
601985.SH,2024-12-11,9.89,9.94,9.81,9.87,9.91,-0.04,-0.4036,840749.57,828128.525,9.896,9.745,9.779,,9.871,9.817,9.811,,50.328,,,0.232,4743349.21
601988.SH,2024-12-11,5.21,5.25,5.13,5.13,5.21,-0.08,-1.5355,1915186.46,989982.531,5.134,5.092,5.018,,5.135,5.095,5.016,,67.183,,,0.087,13449433.95
603019.SH,2024-12-11,74.11,74.8,72.9,73.72,74.94,-1.22,-1.628,716034.42,5267619.276,75.318,78.278,77.289,,75.435,76.758,77.691,,36.162,,,4.844,-2343645.98
603259.SH,2024-12-11,57.49,58.58,57.15,57.69,57.97,-0.28,-0.483,462223.64,2672315.535,56.254,53.583,52.46,,56.429,54.819,53.854,,55.071,,,2.165,896640.8
603501.SH,2024-12-11,98.98,100.82,98.98,99.95,98.89,1.06,1.0719,120123.82,1199004.236,98.89,98.841,100.991,,99.167,99.594,102.276,,30.983,,,3.198,-1244084.46
603993.SH,2024-12-11,7.41,7.57,7.34,7.5,7.4,0.1,1.3514,1778293.06,1330400.914,7.416,7.397,7.416,,7.436,7.426,7.457,,42.404,,,0.2,1103124.74
688008.SH,2024-12-11,68.3,70.17,68.0,68.89,68.39,0.5,0.7311,240399.79,1662485.566,68.916,68.378,67.574,,68.702,68.514,68.674,,37.542,,,2.838,-1124753.73
688012.SH,2024-12-11,217.02,219.5,205.02,205.8,217.02,-11.22,-5.17,120283.78,2524738.162,213.084,214.48,213.888,,212.133,213.813,216.995,,31.259,,,11.291,-268508.12
688041.SH,2024-12-11,129.39,130.42,123.88,124.38,130.3,-5.92,-4.5434,252691.14,3178328.581,128.3,127.446,125.593,,127.426,127.222,126.752,,37.808,,,6.14,178107.38
688111.SH,2024-12-11,317.64,335.0,314.0,333.01,319.24,13.77,4.3134,70457.33,2299941.237,313.376,302.921,297.892,,316.153,307.821,301.599,,61.894,,,21.611,-23400.41
688256.SH,2024-12-11,530.94,552.79,521.28,544.8,538.43,6.37,1.1831,65464.19,3517091.257,549.19,553.757,518.034,,545.951,541.093,513.061,,64.481,,,39.706,278219.92
688981.SH,2024-12-11,87.11,88.33,86.5,86.82,88.0,-1.18,-1.3409,400653.77,3497866.787,87.506,87.91,89.644,,87.472,88.199,90.626,,29.806,,,3.965,-3410551.94
600028.SH,2024-12-12,6.45,6.48,6.43,6.46,6.44,0.02,0.3106,1260654.88,814091.431,6.444,6.411,6.374,,6.441,6.417,6.37,,61.597,,,0.098,13262249.15
600030.SH,2024-12-12,31.28,31.98,31.04,31.66,31.34,0.32,1.0211,1694641.17,5331870.964,31.368,31.164,30.912,,31.373,31.237,31.374,,39.515,,,1.079,375441.84
600031.SH,2024-12-12,16.91,17.04,16.83,17.02,16.96,0.06,0.3538,513951.78,870720.299,16.928,17.028,17.296,,16.969,17.059,17.385,,30.772,,,0.369,-3721411.05
600036.SH,2024-12-12,38.29,38.83,38.21,38.8,38.3,0.5,1.3055,586888.76,2267252.621,38.22,37.479,37.264,,38.215,37.792,37.581,,59.197,,,0.751,1303934.32
600050.SH,2024-12-12,5.28,5.33,5.25,5.33,5.29,0.04,0.7561,3536572.71,1874575.941,5.294,5.23,5.3,,5.289,5.267,5.304,,54.366,,,0.204,3321661.82
600104.SH,2024-12-12,17.82,17.85,17.18,17.42,17.72,-0.3,-1.693,1127933.12,1952617.683,17.788,18.058,17.968,,17.765,17.851,17.611,,58.136,,,1.331,1490635.23
600111.SH,2024-12-12,23.02,23.1,22.7,22.96,23.02,-0.06,-0.2606,339998.42,777230.198,22.998,23.124,23.109,,23.014,23.101,23.356,,33.019,,,0.763,2332873.61
600150.SH,2024-12-12,35.46,35.79,35.23,35.63,35.48,0.15,0.4228,352377.45,1253612.625,35.574,35.665,35.787,,35.595,35.679,36.006,,40.576,,,0.867,-307565.9
600276.SH,2024-12-12,48.15,48.15,47.6,48.04,48.15,-0.11,-0.2285,361608.92,1732532.838,48.646,49.235,48.986,,48.495,48.826,48.88,,42.754,,,1.329,-1825876.77
600309.SH,2024-12-12,74.86,76.64,74.58,76.35,74.9,1.45,1.9359,259971.02,1978100.953,74.486,74.29,74.752,,74.888,74.657,75.465,,45.442,,,1.702,-1002524.81
600406.SH,2024-12-12,24.86,25.06,24.75,25.05,24.95,0.1,0.4008,196441.28,489399.896,24.938,24.85,25.303,,24.949,24.993,25.417,,37.096,,,0.555,-22820.74
600519.SH,2024-12-12,1532.02,1566.0,1529.0,1565.8,1535.6,30.2,1.9667,41936.52,6510547.81,1537.56,1529.628,1529.929,,1542.451,1535.688,1539.733,,50.841,,,28.591,7019.31
600690.SH,2024-12-12,29.4,29.88,29.29,29.62,29.45,0.17,0.5772,271071.58,801045.419,29.486,29.105,28.92,,29.433,29.227,29.084,,58.801,,,0.939,4351064.51
600760.SH,2024-12-12,48.99,50.72,48.99,50.51,48.49,2.02,4.1658,462848.53,2323500.989,48.652,48.695,49.034,,49.025,48.971,49.874,,37.297,,,1.882,-1136236.34
600809.SH,2024-12-12,203.0,210.0,202.66,209.98,204.88,5.1,2.4893,93682.69,1943589.677,204.074,202.409,204.132,,205.231,204.218,206.974,,43.93,,,6.775,-122646.78
600887.SH,2024-12-12,29.74,30.26,29.57,30.23,29.77,0.46,1.5452,681992.14,2046852.046,29.516,29.219,29.006,,29.645,29.378,29.252,,56.896,,,0.674,1477966.39
600900.SH,2024-12-12,28.15,28.48,28.13,28.4,28.17,0.23,0.8165,778749.56,2210068.869,28.236,28.081,27.71,,28.229,28.072,27.764,,59.232,,,0.46,2444128.82
601012.SH,2024-12-12,17.57,17.87,17.52,17.78,17.69,0.09,0.5088,617913.64,1094649.199,17.714,17.985,18.13,,17.774,17.932,18.275,,29.48,,,0.586,413631.05
601088.SH,2024-12-12,43.27,43.4,42.52,43.11,43.38,-0.27,-0.6224,259012.16,1114364.682,42.774,41.769,41.159,,42.715,42.083,41.261,,68.109,,,1.056,2102221.85
601127.SH,2024-12-12,132.86,137.42,132.5,136.91,133.72,3.19,2.3856,450974.2,6128000.262,137.654,135.609,130.482,,136.4,135.2,133.019,,48.939,,,7.387,-126233.35
601166.SH,2024-12-12,18.56,18.84,18.52,18.75,18.55,0.2,1.0782,692184.42,1295469.381,18.602,18.438,18.27,,18.594,18.475,18.335,,58.124,,,0.335,3401042.78
601211.SH,2024-12-12,19.25,19.5,19.13,19.43,19.16,0.27,1.4092,543339.1,1049294.154,19.192,19.138,19.224,,19.223,19.209,19.392,,39.935,,,0.486,2236488.8
601225.SH,2024-12-12,25.43,25.43,25.0,25.18,25.25,-0.07,-0.2772,261749.52,658281.165,24.882,24.522,24.061,,24.92,24.609,24.152,,65.618,,,0.626,2264934.02
601288.SH,2024-12-12,4.98,5.03,4.94,5.03,4.97,0.06,1.2072,4199125.0,2098175.081,5.002,4.936,4.854,,4.993,4.946,4.861,,69.117,,,0.085,58315949.37
601318.SH,2024-12-12,54.96,55.85,54.7,55.58,54.9,0.68,1.2386,526335.85,2909611.957,55.21,54.535,54.442,,55.1,54.825,55.0,,44.461,,,1.246,-1319093.0
601328.SH,2024-12-12,7.34,7.46,7.31,7.45,7.33,0.12,1.6371,1988809.49,1470991.634,7.41,7.364,7.306,,7.404,7.373,7.301,,59.688,,,0.148,8163749.31
601398.SH,2024-12-12,6.32,6.42,6.31,6.42,6.31,0.11,1.7433,2901844.74,1851706.028,6.358,6.28,6.206,,6.353,6.299,6.216,,67.66,,,0.1,14417654.79
601601.SH,2024-12-12,35.2,35.91,34.75,35.59,35.2,0.39,1.108,397324.06,1407468.411,35.59,35.142,34.782,,35.437,35.223,35.113,,46.904,,,1.141,423570.08
601628.SH,2024-12-12,43.18,44.77,43.02,44.15,43.26,0.89,2.0573,163115.72,715035.91,43.894,43.182,43.103,,43.698,43.446,43.645,,44.057,,,1.637,749800.75
601658.SH,2024-12-12,5.46,5.54,5.45,5.54,5.47,0.07,1.2797,1164580.1,641066.851,5.538,5.48,5.386,,5.519,5.478,5.387,,65.237,,,0.109,12072919.08
601668.SH,2024-12-12,6.11,6.15,6.09,6.14,6.11,0.03,0.491,1588869.51,972496.139,6.106,6.071,6.052,,6.107,6.083,6.075,,50.59,,,0.116,13365425.73
601728.SH,2024-12-12,6.7,6.85,6.69,6.82,6.72,0.1,1.4881,1662021.52,1128356.074,6.72,6.637,6.585,,6.726,6.666,6.61,,59.925,,,0.194,13709983.11
601816.SH,2024-12-12,6.23,6.39,6.22,6.37,6.22,0.15,2.4116,2872581.07,1823464.521,6.304,6.19,5.903,,6.283,6.17,5.936,,72.242,,,0.15,14350983.38
601857.SH,2024-12-12,8.46,8.54,8.42,8.45,8.45,0.0,0.0,1392177.88,1178253.733,8.402,8.29,8.178,,8.396,8.318,8.209,,64.443,,,0.155,7691606.84
601888.SH,2024-12-12,71.55,74.17,71.28,73.81,71.85,1.96,2.7279,387375.28,2827569.169,71.232,70.993,70.067,,71.778,71.125,70.879,,53.997,,,2.078,308435.66
601899.SH,2024-12-12,16.12,16.28,16.09,16.24,16.12,0.12,0.7444,1005044.77,1628318.303,15.998,15.814,15.796,,16.033,15.91,15.886,,51.479,,,0.401,11823858.17
601919.SH,2024-12-12,14.17,14.65,14.16,14.51,14.22,0.29,2.0394,1410652.3,2043771.249,14.222,14.109,14.157,,14.262,14.186,14.23,,52.993,,,0.329,3074318.02
601985.SH,2024-12-12,9.84,9.86,9.71,9.8,9.87,-0.07,-0.7092,1159377.1,1134372.455,9.898,9.783,9.776,,9.847,9.814,9.81,,48.021,,,0.227,3583972.11
601988.SH,2024-12-12,5.14,5.21,5.12,5.2,5.13,0.07,1.3645,1843780.62,955408.134,5.158,5.109,5.036,,5.157,5.114,5.034,,71.155,,,0.087,15293214.57
603019.SH,2024-12-12,73.95,75.79,72.5,74.79,73.72,1.07,1.4514,717015.81,5312110.987,75.086,77.583,77.186,,75.22,76.4,77.414,,38.253,,,4.733,-1626630.17
603259.SH,2024-12-12,57.3,57.55,56.35,57.09,57.69,-0.6,-1.04,482255.97,2746039.312,57.39,54.352,52.594,,56.65,55.232,54.162,,53.095,,,2.106,414384.83
603501.SH,2024-12-12,99.95,100.61,98.71,100.16,99.95,0.21,0.2101,136199.43,1357612.255,99.378,99.137,100.483,,99.498,99.697,102.074,,31.683,,,3.105,-1107885.03
603993.SH,2024-12-12,7.48,7.52,7.43,7.5,7.5,0.0,0.0,1390721.7,1039949.933,7.442,7.432,7.418,,7.457,7.439,7.461,,42.404,,,0.192,1103124.74
688008.SH,2024-12-12,68.89,69.22,67.51,68.7,68.89,-0.19,-0.2758,281355.21,1926897.39,68.996,68.596,67.423,,68.701,68.548,68.676,,37.161,,,2.757,-1406108.94
688012.SH,2024-12-12,204.0,207.0,201.41,205.9,205.8,0.1,0.0486,98614.84,2016386.737,211.77,213.992,212.433,,210.055,212.375,215.938,,31.365,,,10.884,-169893.28
688041.SH,2024-12-12,123.88,127.68,123.8,126.8,124.38,2.42,1.9457,158256.41,1992953.428,128.056,127.526,125.599,,127.218,127.145,126.756,,41.579,,,5.978,336363.79
688111.SH,2024-12-12,330.0,334.7,316.89,322.5,333.01,-10.51,-3.1561,59579.75,1931616.372,317.476,305.651,298.867,,318.268,310.49,303.589,,57.354,,,21.34,-82980.16
688256.SH,2024-12-12,550.0,576.99,544.2,576.99,544.8,32.19,5.9086,85553.01,4823535.551,550.564,556.853,523.434,,556.297,547.62,519.149,,69.655,,,39.212,363772.93
688981.SH,2024-12-12,87.16,88.2,85.69,87.17,86.82,0.35,0.4031,444897.57,3859300.466,87.54,87.919,89.159,,87.371,88.012,90.297,,30.801,,,3.861,-2965654.37
600028.SH,2024-12-13,6.43,6.44,6.34,6.36,6.46,-0.1,-1.548,2200321.24,1405762.249,6.434,6.411,6.376,,6.414,6.407,6.369,,52.335,,,0.1,11061927.91
600030.SH,2024-12-13,31.34,31.35,30.37,30.42,31.66,-1.24,-3.9166,2013226.45,6204088.515,31.204,31.131,30.876,,31.056,31.088,31.283,,32.923,,,1.094,-1637784.61
600031.SH,2024-12-13,16.99,16.99,16.53,16.56,17.02,-0.46,-2.7027,796090.72,1327924.422,16.862,16.936,17.212,,16.833,16.968,17.306,,24.797,,,0.378,-4517501.77
600036.SH,2024-12-13,38.45,38.6,37.28,37.3,38.8,-1.5,-3.866,1117982.8,4213094.969,38.14,37.575,37.238,,37.91,37.702,37.554,,44.39,,,0.806,185951.52
600050.SH,2024-12-13,5.3,5.31,5.22,5.22,5.33,-0.11,-2.0638,5542408.99,2915672.081,5.298,5.237,5.27,,5.266,5.258,5.296,,49.49,,,0.197,-2220747.17
600104.SH,2024-12-13,17.3,19.16,17.18,18.74,17.42,1.32,7.5775,3107952.06,5716047.137,17.984,18.174,18.042,,18.09,18.013,17.718,,63.678,,,1.378,4598587.29
600111.SH,2024-12-13,22.8,22.87,22.33,22.38,22.96,-0.58,-2.5261,404627.6,911979.981,22.84,23.077,23.062,,22.802,22.97,23.263,,29.051,,,0.753,1928246.01
600150.SH,2024-12-13,35.47,35.48,34.69,34.7,35.63,-0.93,-2.6102,505324.69,1769225.585,35.404,35.603,35.677,,35.297,35.501,35.881,,34.377,,,0.872,-812890.59
600276.SH,2024-12-13,47.8,47.91,46.56,46.59,48.04,-1.45,-3.0183,650777.16,3061019.957,48.058,48.825,48.931,,47.86,48.419,48.662,,36.374,,,1.34,-2476653.93
600309.SH,2024-12-13,75.91,75.95,74.67,74.75,76.35,-1.6,-2.0956,196938.2,1481925.002,74.71,74.336,74.64,,74.842,74.674,75.396,,40.159,,,1.7,-1199463.01
600406.SH,2024-12-13,24.81,24.97,24.43,24.46,25.05,-0.59,-2.3553,315227.81,777731.598,24.858,24.828,25.216,,24.786,24.896,25.326,,31.429,,,0.56,-338048.55
600519.SH,2024-12-13,1550.01,1554.99,1518.88,1519.0,1565.8,-46.8,-2.9889,49511.97,7580908.315,1537.158,1528.954,1527.929,,1534.634,1532.654,1537.758,,38.441,,,29.9,-42492.66
600690.SH,2024-12-13,29.41,29.44,28.33,28.4,29.62,-1.22,-4.1188,574134.12,1642758.291,29.318,29.112,28.86,,29.089,29.077,29.019,,46.1,,,0.964,3776930.39
600760.SH,2024-12-13,49.98,50.05,48.51,48.59,50.51,-1.92,-3.8012,261615.36,1287884.607,48.676,48.605,48.942,,48.88,48.902,49.752,,32.757,,,1.89,-1397851.7
600809.SH,2024-12-13,207.0,207.68,199.34,199.44,209.98,-10.54,-5.0195,110237.28,2227835.293,203.96,201.984,203.263,,203.301,203.349,206.256,,33.095,,,7.051,-232884.06
600887.SH,2024-12-13,30.0,30.0,29.18,29.25,30.23,-0.98,-3.2418,832447.04,2452775.495,29.518,29.286,29.004,,29.514,29.355,29.251,,46.284,,,0.701,645519.35
600900.SH,2024-12-13,28.44,28.88,28.34,28.72,28.4,0.32,1.1268,1542857.7,4421516.826,28.344,28.221,27.791,,28.393,28.19,27.855,,62.996,,,0.466,3986986.52
601012.SH,2024-12-13,17.69,17.69,17.01,17.02,17.78,-0.76,-4.2745,1262503.29,2179286.417,17.548,17.837,18.056,,17.522,17.767,18.155,,23.162,,,0.599,-848872.24
601088.SH,2024-12-13,42.96,43.13,42.34,42.6,43.11,-0.51,-1.183,431695.76,1838751.268,42.826,42.033,41.282,,42.677,42.177,41.388,,63.149,,,1.037,1670526.09
601127.SH,2024-12-13,136.0,137.2,130.0,130.16,136.58,-6.42,-4.7005,830285.64,11043792.381,136.008,136.466,130.415,,134.32,134.284,132.747,,43.685,,,7.373,-956518.99
601166.SH,2024-12-13,18.68,18.71,18.15,18.15,18.75,-0.6,-3.2,1131966.6,2077707.803,18.534,18.448,18.274,,18.446,18.416,18.317,,44.536,,,0.354,2269076.18
601211.SH,2024-12-13,19.25,19.27,18.97,19.01,19.43,-0.42,-2.1616,562684.57,1074191.359,19.138,19.146,19.196,,19.152,19.173,19.356,,34.583,,,0.484,1673804.23
601225.SH,2024-12-13,24.94,25.17,24.6,24.61,25.18,-0.57,-2.2637,386226.64,956827.782,24.846,24.648,24.115,,24.816,24.609,24.196,,56.399,,,0.623,1878707.38
601288.SH,2024-12-13,5.01,5.04,4.98,5.0,5.03,-0.03,-0.5964,4875659.68,2442767.759,5.012,4.955,4.868,,4.995,4.956,4.874,,65.428,,,0.083,53440289.69
601318.SH,2024-12-13,55.2,55.21,53.68,53.74,55.58,-1.84,-3.3105,887095.88,4798656.729,54.934,54.584,54.339,,54.647,54.628,54.88,,36.009,,,1.292,-2206188.88
601328.SH,2024-12-13,7.42,7.44,7.28,7.31,7.45,-0.14,-1.8792,3750411.44,2753428.065,7.398,7.362,7.316,,7.373,7.361,7.302,,52.622,,,0.15,4413337.87
601398.SH,2024-12-13,6.4,6.45,6.36,6.39,6.42,-0.03,-0.4673,3890984.41,2494595.254,6.372,6.304,6.224,,6.365,6.316,6.233,,64.854,,,0.1,10526670.38
601601.SH,2024-12-13,35.19,35.2,34.25,34.44,35.59,-1.15,-3.2312,483983.72,1673400.438,35.338,35.196,34.751,,35.105,35.081,35.049,,40.718,,,1.156,-60413.64
601628.SH,2024-12-13,43.71,43.72,42.12,42.15,44.15,-2.0,-4.53,201141.11,856048.523,43.572,43.187,42.976,,43.182,43.21,43.502,,36.261,,,1.665,548659.64
601658.SH,2024-12-13,5.51,5.53,5.4,5.41,5.54,-0.13,-2.3466,1661038.22,906272.503,5.512,5.491,5.394,,5.483,5.466,5.39,,53.823,,,0.111,10411880.86
601668.SH,2024-12-13,6.12,6.12,5.95,5.95,6.14,-0.19,-3.0945,2863961.39,1721376.428,6.084,6.068,6.047,,6.055,6.059,6.063,,39.347,,,0.121,10501464.34
601728.SH,2024-12-13,6.82,6.89,6.75,6.79,6.82,-0.03,-0.4399,1684519.54,1148136.568,6.752,6.669,6.59,,6.747,6.689,6.628,,58.397,,,0.19,12025463.57
601816.SH,2024-12-13,6.3,6.37,6.08,6.16,6.37,-0.21,-3.2967,7690073.78,4761401.464,6.286,6.233,5.928,,6.242,6.168,5.958,,59.848,,,0.16,6660909.6
601857.SH,2024-12-13,8.41,8.43,8.27,8.28,8.45,-0.17,-2.0118,1627296.05,1355494.586,8.394,8.314,8.191,,8.357,8.311,8.216,,53.512,,,0.156,6064310.79
601888.SH,2024-12-13,72.99,73.0,71.3,71.3,73.81,-2.51,-3.4006,295934.62,2130633.725,71.38,71.168,70.096,,71.619,71.157,70.919,,45.794,,,2.108,12501.04
601899.SH,2024-12-13,16.0,16.0,15.57,15.57,16.24,-0.67,-4.1256,1998111.68,3143512.082,15.974,15.801,15.794,,15.878,15.848,15.856,,40.272,,,0.42,9825746.49
601919.SH,2024-12-13,14.48,14.52,14.27,14.27,14.51,-0.24,-1.654,1308641.1,1883122.22,14.248,14.177,14.145,,14.265,14.201,14.234,,47.118,,,0.324,1765676.92
601985.SH,2024-12-13,9.78,9.81,9.67,9.68,9.8,-0.12,-1.2245,1015779.85,988695.745,9.85,9.808,9.764,,9.792,9.789,9.798,,44.276,,,0.221,2568192.26
601988.SH,2024-12-13,5.19,5.22,5.14,5.18,5.2,-0.02,-0.3846,2237834.49,1160504.59,5.174,5.126,5.052,,5.164,5.126,5.048,,68.6,,,0.087,13055380.08
603019.SH,2024-12-13,73.9,74.26,71.79,71.93,74.79,-2.86,-3.824,612948.6,4468526.377,74.074,76.296,77.156,,74.123,75.588,76.892,,34.956,,,4.609,-2239578.77
603259.SH,2024-12-13,56.6,57.1,56.19,56.5,57.09,-0.59,-1.0335,582368.43,3296971.933,57.646,54.988,52.776,,56.6,55.462,54.385,,51.152,,,2.021,-167983.6
603501.SH,2024-12-13,99.7,100.12,98.1,98.66,100.16,-1.5,-1.4976,169310.33,1674840.944,99.24,99.139,100.034,,99.219,99.509,101.749,,29.389,,,3.031,-1277195.36
603993.SH,2024-12-13,7.43,7.44,7.17,7.22,7.5,-0.28,-3.7333,3308930.17,2395510.179,7.402,7.426,7.406,,7.378,7.399,7.438,,33.812,,,0.202,-2205805.43
688008.SH,2024-12-13,68.0,70.98,67.8,68.02,68.7,-0.68,-0.9898,676081.8,4719031.243,68.564,68.66,67.388,,68.474,68.452,68.614,,35.76,,,2.787,-2082190.74
688012.SH,2024-12-13,203.9,204.74,198.4,200.51,205.9,-5.39,-2.6178,126055.98,2528685.557,208.654,211.843,211.849,,206.874,210.217,214.469,,28.796,,,10.642,-295949.26
688041.SH,2024-12-13,125.29,127.86,123.4,123.81,126.8,-2.99,-2.358,200891.17,2512476.343,126.856,127.326,125.694,,126.082,126.539,126.476,,38.475,,,5.87,135472.62
688111.SH,2024-12-13,318.37,326.98,311.77,313.81,322.5,-8.69,-2.6946,52111.27,1661229.012,320.232,307.558,300.164,,316.782,311.094,304.563,,53.837,,,20.902,-135091.43
688256.SH,2024-12-13,572.44,599.99,558.2,568.0,576.99,-8.99,-1.5581,113672.77,6576691.099,553.444,557.553,529.15,,560.198,551.326,523.802,,66.731,,,39.396,250100.16
688981.SH,2024-12-13,86.81,86.81,82.85,82.99,87.17,-4.18,-4.7952,820032.31,6922583.408,86.352,87.208,88.563,,85.911,87.099,89.601,,26.051,,,3.894,-3785686.68
600028.SH,2024-12-16,6.36,6.47,6.36,6.45,6.36,0.09,1.4151,1661247.97,1069968.27,6.43,6.425,6.381,,6.426,6.415,6.377,,58.398,,,0.1,12723175.88
600030.SH,2024-12-16,30.3,30.35,29.95,30.03,30.42,-0.39,-1.2821,1263453.31,3801767.876,30.986,31.007,30.844,,30.714,30.896,31.163,,31.163,,,1.05,-2901237.92
600031.SH,2024-12-16,16.57,16.67,16.33,16.38,16.56,-0.18,-1.087,498875.68,822150.383,16.766,16.84,17.14,,16.682,16.861,17.218,,22.922,,,0.375,-5016377.45
600036.SH,2024-12-16,37.35,37.78,37.32,37.74,37.3,0.44,1.1796,640315.89,2409086.954,38.148,37.698,37.229,,37.853,37.709,37.572,,48.462,,,0.783,826267.41
600050.SH,2024-12-16,5.23,5.32,5.22,5.25,5.22,0.03,0.5747,4724902.27,2493531.322,5.278,5.247,5.243,,5.261,5.257,5.292,,50.787,,,0.19,2504155.1
600104.SH,2024-12-16,18.37,18.84,18.15,18.23,18.74,-0.51,-2.7215,1542667.67,2839803.056,18.016,18.097,18.036,,18.137,18.052,17.767,,60.354,,,1.329,3055919.62
600111.SH,2024-12-16,22.37,22.37,22.0,22.07,22.38,-0.31,-1.3852,280406.99,620402.079,22.678,22.949,23.025,,22.558,22.806,23.149,,27.171,,,0.726,1647839.02
600150.SH,2024-12-16,34.6,35.0,34.08,34.79,34.7,0.09,0.2594,430086.16,1484080.438,35.242,35.458,35.581,,35.128,35.372,35.777,,35.406,,,0.876,-382804.43
600276.SH,2024-12-16,46.58,46.58,45.8,46.07,46.59,-0.52,-1.1161,354079.12,1630463.503,47.396,48.387,48.874,,47.263,47.992,48.415,,34.392,,,1.301,-2830733.05
600309.SH,2024-12-16,74.75,75.24,73.37,73.52,74.75,-1.23,-1.6455,131402.72,969344.115,74.78,74.149,74.498,,74.401,74.464,75.218,,36.633,,,1.712,-1330865.73
600406.SH,2024-12-16,24.47,24.83,24.0,24.08,24.46,-0.38,-1.5536,314573.88,762753.729,24.69,24.772,25.104,,24.55,24.748,25.207,,28.418,,,0.579,-652622.43
600519.SH,2024-12-16,1521.0,1529.0,1510.71,1527.2,1519.0,8.2,0.5398,32537.1,4945298.799,1538.838,1529.174,1526.339,,1532.156,1531.662,1536.753,,41.15,,,29.071,-9955.56
600690.SH,2024-12-16,28.4,28.54,28.12,28.21,28.4,-0.19,-0.669,357977.13,1013616.551,29.08,29.068,28.83,,28.796,28.919,28.942,,44.489,,,0.925,3418953.26
600760.SH,2024-12-16,48.6,49.75,48.35,49.44,48.59,0.85,1.7493,211051.33,1039766.294,49.034,48.569,48.946,,49.067,49.0,49.722,,36.445,,,1.855,-1186800.37
600809.SH,2024-12-16,199.0,200.0,193.85,194.89,199.44,-4.55,-2.2814,76118.56,1486716.473,202.842,201.326,202.362,,200.497,201.811,205.174,,29.69,,,6.987,-309002.62
600887.SH,2024-12-16,29.32,29.49,28.89,29.2,29.25,-0.05,-0.1709,431344.19,1255833.008,29.594,29.324,29.015,,29.409,29.327,29.246,,45.815,,,0.693,214175.16
600900.SH,2024-12-16,28.78,29.39,28.78,29.28,28.72,0.56,1.9499,1434632.94,4191213.538,28.518,28.388,27.884,,28.689,28.388,27.99,,68.481,,,0.48,5421619.46
601012.SH,2024-12-16,17.09,17.16,16.74,16.86,17.02,-0.16,-0.9401,743620.04,1255440.826,17.394,17.68,17.988,,17.302,17.602,18.032,,22.089,,,0.586,-1592492.28
601088.SH,2024-12-16,42.35,43.59,42.35,43.45,42.6,0.85,1.9953,367968.39,1592470.312,43.016,42.417,41.383,,42.934,42.409,41.585,,67.409,,,1.052,2038494.48
601127.SH,2024-12-16,128.1,131.8,126.28,130.7,130.16,0.54,0.4149,392210.03,5080628.41,133.198,136.161,130.713,,133.113,133.632,132.552,,44.201,,,7.241,-564308.96
601166.SH,2024-12-16,18.18,18.37,18.18,18.22,18.15,0.07,0.3857,544176.41,994405.812,18.47,18.451,18.26,,18.371,18.38,18.308,,46.119,,,0.344,2813252.59
601211.SH,2024-12-16,19.01,19.09,18.76,18.87,19.01,-0.14,-0.7365,401630.24,758074.97,19.116,19.118,19.16,,19.058,19.118,19.31,,32.995,,,0.473,1272173.99
601225.SH,2024-12-16,24.85,25.08,24.63,24.93,24.61,0.32,1.3003,295779.11,735440.484,24.916,24.789,24.168,,24.854,24.668,24.266,,59.812,,,0.612,2174486.49
601288.SH,2024-12-16,4.99,5.14,4.99,5.11,5.0,0.11,2.2,5667160.83,2881011.781,5.032,4.984,4.884,,5.033,4.984,4.897,,71.446,,,0.088,59107450.52
601318.SH,2024-12-16,53.71,53.99,52.93,53.12,53.74,-0.62,-1.1537,658591.84,3512263.334,54.592,54.495,54.207,,54.138,54.354,54.712,,33.686,,,1.276,-2864780.72
601328.SH,2024-12-16,7.3,7.5,7.3,7.42,7.31,0.11,1.5048,2664685.52,1978021.475,7.402,7.38,7.322,,7.389,7.372,7.313,,56.936,,,0.154,7078023.39
601398.SH,2024-12-16,6.39,6.58,6.38,6.53,6.39,0.14,2.1909,4715725.94,3074595.963,6.414,6.344,6.241,,6.42,6.355,6.261,,70.916,,,0.107,15242396.32
601601.SH,2024-12-16,34.41,34.58,33.6,33.81,34.44,-0.63,-1.8293,297892.51,1011738.442,35.03,35.117,34.665,,34.673,34.85,34.931,,37.778,,,1.143,-358306.15
601628.SH,2024-12-16,42.1,42.2,41.05,41.35,42.15,-0.8,-1.898,168283.05,699142.406,43.028,43.071,42.808,,42.571,42.872,43.297,,33.692,,,1.628,380376.59
601658.SH,2024-12-16,5.41,5.51,5.4,5.5,5.41,0.09,1.6636,1754289.0,961047.855,5.502,5.504,5.402,,5.488,5.472,5.4,,59.151,,,0.111,12166169.86
601668.SH,2024-12-16,5.96,5.99,5.9,5.91,5.95,-0.04,-0.6723,1879218.03,1115845.801,6.046,6.056,6.028,,6.006,6.032,6.049,,37.459,,,0.119,8622246.31
601728.SH,2024-12-16,6.79,7.02,6.79,6.98,6.79,0.19,2.7982,2071250.89,1440537.129,6.802,6.718,6.601,,6.825,6.742,6.661,,64.56,,,0.193,14096714.46
601816.SH,2024-12-16,6.16,6.27,6.05,6.23,6.16,0.07,1.1364,3079354.68,1898663.874,6.26,6.253,5.955,,6.238,6.18,5.984,,62.177,,,0.165,9740264.28
601857.SH,2024-12-16,8.26,8.49,8.25,8.45,8.28,0.17,2.0531,2072054.56,1745663.828,8.398,8.357,8.206,,8.388,8.336,8.238,,60.693,,,0.162,8136365.35
601888.SH,2024-12-16,71.35,73.35,70.5,71.8,71.3,0.5,0.7013,273584.84,1970005.197,71.882,71.086,70.197,,71.679,71.274,71.003,,47.505,,,2.161,286085.88
601899.SH,2024-12-16,15.57,15.64,15.31,15.35,15.57,-0.22,-1.413,1283534.68,1977871.986,15.868,15.78,15.776,,15.702,15.757,15.808,,37.394,,,0.413,8542211.81
601919.SH,2024-12-16,14.45,14.85,14.43,14.68,14.27,0.41,2.8732,1587412.47,2335547.825,14.354,14.255,14.147,,14.403,14.288,14.276,,56.077,,,0.342,3353089.39
601985.SH,2024-12-16,9.69,9.99,9.69,9.98,9.68,0.3,3.0992,1798078.18,1781481.908,9.848,9.856,9.763,,9.854,9.824,9.815,,53.947,,,0.227,4366270.44
601988.SH,2024-12-16,5.19,5.3,5.19,5.26,5.18,0.08,1.5444,2345198.46,1232994.986,5.196,5.151,5.065,,5.196,5.15,5.068,,72.806,,,0.089,15400578.54
603019.SH,2024-12-16,71.92,73.1,71.11,71.39,71.93,-0.54,-0.7507,449606.38,3231698.934,73.354,75.055,77.158,,73.212,74.824,76.368,,34.354,,,4.422,-2689185.15
603259.SH,2024-12-16,56.21,57.1,55.87,56.21,56.5,-0.29,-0.5133,361683.57,2043598.981,57.092,55.487,53.005,,56.47,55.598,54.559,,50.18,,,1.964,-529667.17
603501.SH,2024-12-16,98.99,101.65,97.23,97.61,98.66,-1.05,-1.0643,202768.3,2020061.302,99.054,98.8,99.667,,98.683,99.163,101.355,,27.869,,,3.13,-1479963.66
603993.SH,2024-12-16,7.18,7.22,7.1,7.13,7.22,-0.09,-1.2465,1409058.02,1007260.315,7.35,7.391,7.393,,7.295,7.35,7.408,,31.597,,,0.196,-3614863.45
688008.SH,2024-12-16,69.63,71.51,68.38,68.95,68.02,0.93,1.3672,518668.64,3636136.591,68.59,68.642,67.526,,68.633,68.542,68.646,,39.139,,,2.838,-1563522.1
688012.SH,2024-12-16,199.4,200.26,190.25,192.0,200.51,-8.51,-4.2442,119413.22,2306256.048,204.246,209.043,210.895,,201.916,206.905,212.329,,25.276,,,10.615,-415362.48
688041.SH,2024-12-16,122.01,124.9,119.5,123.42,123.81,-0.39,-0.315,161535.04,1983537.6,125.742,126.979,125.71,,125.194,125.972,126.185,,38.075,,,5.836,-26062.42
688111.SH,2024-12-16,316.0,316.89,306.46,310.6,313.81,-3.21,-1.0229,38458.52,1195492.072,319.832,309.149,302.082,,314.722,311.004,305.138,,52.555,,,20.154,-173549.95
688256.SH,2024-12-16,574.0,594.0,560.0,575.25,568.0,7.25,1.2764,74639.02,4316876.552,560.694,558.878,535.479,,565.215,555.675,528.702,,67.901,,,39.011,324739.18
688981.SH,2024-12-16,82.3,83.2,81.21,81.5,82.99,-1.49,-1.7954,476295.7,3899339.618,85.296,86.409,88.023,,84.441,86.081,88.83,,24.595,,,3.758,-4261982.38
600028.SH,2024-12-17,6.43,6.52,6.42,6.44,6.45,-0.01,-0.155,1338202.66,865021.899,6.43,6.434,6.388,,6.431,6.419,6.383,,57.523,,,0.1,11384973.22
600030.SH,2024-12-17,30.01,30.65,29.91,30.23,30.03,0.2,0.666,1197166.03,3621328.203,30.736,30.922,30.791,,30.552,30.775,31.075,,33.137,,,1.028,-1704071.89
600031.SH,2024-12-17,16.4,16.65,16.35,16.5,16.38,0.12,0.7326,437310.5,722322.915,16.684,16.781,17.071,,16.621,16.795,17.15,,26.892,,,0.37,-4579066.95
600036.SH,2024-12-17,37.54,38.16,37.54,37.85,37.74,0.11,0.2915,603104.08,2287237.539,37.998,37.771,37.236,,37.852,37.735,37.598,,49.459,,,0.771,1429371.49
600050.SH,2024-12-17,5.24,5.35,5.22,5.24,5.25,-0.01,-0.1905,4262606.44,2251924.59,5.266,5.254,5.231,,5.254,5.254,5.287,,50.323,,,0.186,-1758451.34
600104.SH,2024-12-17,18.29,18.85,18.18,18.27,18.23,0.04,0.2194,1248229.39,2313105.4,18.076,18.031,18.123,,18.181,18.092,17.815,,60.528,,,1.282,4304149.01
600111.SH,2024-12-17,22.08,22.33,22.02,22.03,22.07,-0.04,-0.1812,277641.51,614805.891,22.492,22.806,22.966,,22.382,22.665,23.043,,26.929,,,0.697,1370197.51
600150.SH,2024-12-17,34.79,36.5,34.7,35.87,34.79,1.08,3.1043,1009162.42,3626629.673,35.294,35.457,35.562,,35.375,35.462,35.786,,46.284,,,0.942,626357.99
600276.SH,2024-12-17,46.05,46.97,45.9,46.5,46.07,0.43,0.9334,315874.86,1470663.476,47.07,48.074,48.828,,47.009,47.721,48.232,,37.428,,,1.284,-2514858.19
600309.SH,2024-12-17,73.35,75.68,73.23,75.11,73.52,1.59,2.1627,192356.09,1440118.98,74.926,74.154,74.396,,74.637,74.582,75.208,,43.534,,,1.765,-1138509.64
600406.SH,2024-12-17,24.01,24.75,23.95,24.51,24.08,0.43,1.7857,254857.41,623101.417,24.61,24.721,25.01,,24.537,24.705,25.141,,35.901,,,0.595,-397765.02
600519.SH,2024-12-17,1525.99,1569.0,1521.01,1558.0,1527.2,30.8,2.0168,54171.63,8398945.449,1541.12,1532.3,1527.143,,1540.771,1536.451,1538.776,,50.041,,,30.422,44216.07
600690.SH,2024-12-17,28.04,28.73,28.03,28.39,28.21,0.18,0.6381,242946.14,691475.276,28.814,29.011,28.802,,28.66,28.823,28.89,,46.4,,,0.909,3661899.4
600760.SH,2024-12-17,49.57,49.9,49.2,49.35,49.44,-0.09,-0.182,157502.89,780656.153,49.276,48.649,48.912,,49.161,49.064,49.687,,36.219,,,1.773,-1344303.26
600809.SH,2024-12-17,195.0,197.5,193.23,195.33,194.89,0.44,0.2258,46567.57,911531.293,200.904,200.843,201.675,,198.775,200.633,204.236,,30.436,,,6.793,-262435.05
600887.SH,2024-12-17,29.09,29.85,28.93,29.61,29.2,0.41,1.4041,472012.09,1395576.372,29.612,29.359,29.052,,29.476,29.378,29.281,,50.27,,,0.71,686187.25
600900.SH,2024-12-17,29.33,29.55,29.19,29.27,29.28,-0.01,-0.0342,1078044.06,3166685.527,28.768,28.52,27.979,,28.882,28.548,28.112,,68.286,,,0.472,4343575.4
601012.SH,2024-12-17,16.75,16.85,16.6,16.68,16.86,-0.18,-1.0676,665759.73,1112520.077,17.206,17.5,17.89,,17.094,17.434,17.903,,20.915,,,0.563,-2258252.01
601088.SH,2024-12-17,43.33,44.2,42.72,42.8,43.45,-0.65,-1.496,293784.6,1271383.3,43.068,42.674,41.468,,42.89,42.48,41.7,,61.549,,,1.082,1744709.88
601127.SH,2024-12-17,131.0,131.89,128.71,130.21,130.7,-0.49,-0.3749,234901.85,3059538.721,132.34,135.612,130.754,,132.146,133.01,132.329,,43.809,,,6.951,-799210.81
601166.SH,2024-12-17,18.2,18.43,18.17,18.36,18.22,0.14,0.7684,570434.98,1045432.811,18.406,18.442,18.262,,18.367,18.376,18.313,,49.238,,,0.338,3383687.57
601211.SH,2024-12-17,18.83,18.97,18.76,18.77,18.87,-0.1,-0.5299,291407.9,549415.504,19.048,19.069,19.117,,18.962,19.054,19.258,,31.87,,,0.454,980766.09
601225.SH,2024-12-17,25.09,25.65,25.03,25.3,24.93,0.37,1.4842,348590.53,885317.811,25.054,24.912,24.248,,25.003,24.783,24.364,,63.382,,,0.62,2523077.02
601288.SH,2024-12-17,5.11,5.2,5.09,5.1,5.11,-0.01,-0.1957,4282423.94,2200438.055,5.042,5.005,4.902,,5.056,5.005,4.916,,70.249,,,0.09,54825026.58
601318.SH,2024-12-17,52.9,53.47,52.74,53.01,53.12,-0.11,-0.2071,537693.72,2853899.355,54.07,54.353,54.077,,53.762,54.109,54.55,,33.275,,,1.237,-3402474.44
601328.SH,2024-12-17,7.41,7.5,7.39,7.39,7.42,-0.03,-0.4043,1521551.51,1130398.143,7.38,7.384,7.33,,7.389,7.375,7.321,,55.453,,,0.15,5556471.88
601398.SH,2024-12-17,6.52,6.59,6.51,6.51,6.53,-0.02,-0.3063,3138477.22,2053036.753,6.432,6.374,6.259,,6.45,6.383,6.285,,69.083,,,0.105,12103919.1
601601.SH,2024-12-17,33.81,34.32,33.65,33.72,33.81,-0.09,-0.2662,300514.52,1018463.076,34.552,34.939,34.594,,34.355,34.644,34.816,,37.363,,,1.109,-658820.67
601628.SH,2024-12-17,41.39,42.04,41.12,41.55,41.35,0.2,0.4837,132485.67,551591.856,42.492,42.916,42.67,,42.231,42.632,43.131,,34.933,,,1.578,512862.26
601658.SH,2024-12-17,5.48,5.54,5.46,5.48,5.5,-0.02,-0.3636,1275507.85,701046.405,5.48,5.504,5.411,,5.486,5.474,5.408,,57.562,,,0.109,10890662.01
601668.SH,2024-12-17,5.91,5.96,5.9,5.91,5.91,0.0,0.0,1579253.18,935723.094,6.004,6.038,6.019,,5.974,6.009,6.035,,37.459,,,0.115,8622246.31
601728.SH,2024-12-17,6.98,7.2,6.96,6.98,6.98,0.0,0.0,1658153.44,1168306.744,6.858,6.763,6.624,,6.877,6.785,6.691,,64.56,,,0.197,14096714.46
601816.SH,2024-12-17,6.2,6.26,6.16,6.19,6.23,-0.04,-0.6421,1890579.94,1173617.426,6.234,6.251,5.982,,6.222,6.182,6.003,,60.034,,,0.16,7849684.34
601857.SH,2024-12-17,8.43,8.59,8.43,8.48,8.45,0.03,0.355,1625591.32,1382591.696,8.422,8.395,8.223,,8.419,8.362,8.261,,61.813,,,0.162,9761956.67
601888.SH,2024-12-17,71.3,71.78,70.05,70.97,71.8,-0.83,-1.156,190884.61,1352470.463,71.946,71.02,70.23,,71.443,71.218,71.0,,44.968,,,2.132,95201.27
601899.SH,2024-12-17,15.35,15.59,15.27,15.45,15.35,0.1,0.6515,1196822.2,1851932.604,15.746,15.764,15.738,,15.618,15.701,15.774,,39.51,,,0.407,9739034.01
601919.SH,2024-12-17,14.78,15.24,14.78,14.94,14.68,0.26,1.7711,1996399.11,2997577.76,14.524,14.325,14.17,,14.582,14.407,14.339,,60.633,,,0.358,5349488.5
601985.SH,2024-12-17,9.98,10.16,9.98,10.05,9.98,0.07,0.7014,1534144.72,1546617.732,9.876,9.882,9.769,,9.92,9.865,9.838,,55.872,,,0.224,5900415.16
601988.SH,2024-12-17,5.27,5.32,5.25,5.28,5.26,0.02,0.3802,1826637.84,963670.206,5.21,5.17,5.08,,5.224,5.174,5.088,,73.752,,,0.088,17227216.38
603019.SH,2024-12-17,71.56,72.72,71.14,71.45,71.39,0.06,0.084,420176.43,3016792.661,72.656,74.415,76.871,,72.625,74.211,75.9,,34.489,,,4.219,-2269008.72
603259.SH,2024-12-17,56.0,56.8,55.42,55.5,56.21,-0.71,-1.2631,309572.89,1731569.86,56.598,55.805,53.176,,56.147,55.58,54.648,,47.786,,,1.922,-839240.06
603501.SH,2024-12-17,97.0,98.72,96.89,97.5,97.61,-0.11,-0.1127,126759.44,1239212.132,98.776,98.672,99.226,,98.288,98.861,100.988,,27.707,,,3.037,-1606723.1
603993.SH,2024-12-17,7.1,7.21,7.06,7.07,7.13,-0.06,-0.8415,1323010.5,942706.679,7.284,7.352,7.364,,7.22,7.299,7.376,,30.177,,,0.192,-4937873.95
688008.SH,2024-12-17,69.83,70.9,66.7,66.87,68.95,-2.08,-3.0167,314819.72,2141559.514,68.286,68.495,67.461,,68.045,68.238,68.477,,34.738,,,2.935,-1878341.82
688012.SH,2024-12-17,192.01,193.77,190.22,190.9,192.0,-1.1,-0.5729,72802.68,1397464.547,199.022,206.844,209.682,,198.244,203.995,210.288,,24.853,,,10.11,-488165.16
688041.SH,2024-12-17,123.5,123.89,121.42,121.81,123.42,-1.61,-1.3045,114271.36,1400080.159,124.044,126.623,125.44,,124.066,125.215,125.768,,36.396,,,5.596,-140333.78
688111.SH,2024-12-17,309.43,318.68,308.2,310.14,310.6,-0.46,-0.1481,42389.05,1323444.679,318.012,311.123,303.639,,313.194,310.847,305.614,,52.363,,,19.463,-215939.0
688256.SH,2024-12-17,566.78,590.0,560.0,570.0,575.25,-5.25,-0.9126,57588.96,3311232.646,567.008,558.879,540.929,,566.81,558.28,532.635,,66.089,,,38.367,267150.22
688981.SH,2024-12-17,81.35,83.1,81.31,82.19,81.5,0.69,0.8466,406621.92,3337273.305,84.134,85.905,87.388,,83.69,85.373,88.197,,26.64,,,3.618,-3855360.46
600028.SH,2024-12-18,6.46,6.56,6.46,6.51,6.44,0.07,1.087,1589833.91,1038145.681,6.444,6.437,6.397,,6.457,6.436,6.395,,61.836,,,0.102,12974807.13
600030.SH,2024-12-18,30.4,30.5,30.18,30.29,30.23,0.06,0.1985,698694.46,2116480.629,30.526,30.871,30.718,,30.465,30.687,31.0,,33.751,,,0.977,-1005377.43
600031.SH,2024-12-18,16.52,16.72,16.4,16.48,16.5,-0.02,-0.1212,492483.64,814280.884,16.588,16.738,17.002,,16.574,16.738,17.086,,26.645,,,0.366,-5071550.59
600036.SH,2024-12-18,38.02,38.66,37.86,38.52,37.85,0.67,1.7701,805855.36,3101731.956,38.042,37.942,37.288,,38.075,37.878,37.686,,55.147,,,0.774,2235226.85
600050.SH,2024-12-18,5.29,5.38,5.26,5.32,5.24,0.08,1.5267,4617104.65,2458613.222,5.272,5.267,5.223,,5.276,5.266,5.29,,53.945,,,0.183,2858653.31
600104.SH,2024-12-18,18.64,19.43,18.36,18.98,18.27,0.71,3.8862,1543210.97,2905702.147,18.328,18.144,18.214,,18.447,18.253,17.926,,63.584,,,1.273,5847359.98
600111.SH,2024-12-18,22.04,22.2,22.0,22.09,22.03,0.06,0.2724,205800.23,455082.216,22.306,22.664,22.899,,22.285,22.561,22.952,,27.966,,,0.661,1575997.74
600150.SH,2024-12-18,36.19,37.05,35.87,36.07,35.87,0.2,0.5576,863038.56,3150447.964,35.412,35.482,35.552,,35.607,35.573,35.813,,48.03,,,0.959,1489396.55
600276.SH,2024-12-18,46.7,47.05,46.53,46.59,46.5,0.09,0.1935,247139.65,1154970.052,46.758,47.793,48.634,,46.869,47.515,48.076,,38.074,,,1.232,-2267718.54
600309.SH,2024-12-18,75.22,76.33,74.64,74.71,75.11,-0.4,-0.5326,148570.75,1119392.296,74.888,74.285,74.292,,74.662,74.605,75.16,,42.287,,,1.759,-1287080.39
600406.SH,2024-12-18,24.65,24.78,24.45,24.55,24.51,0.04,0.1632,152643.26,375709.038,24.53,24.687,24.914,,24.541,24.677,25.085,,36.566,,,0.576,-245121.76
600519.SH,2024-12-18,1557.97,1577.0,1547.1,1571.5,1558.0,13.5,0.8665,41162.26,6440801.971,1548.3,1537.45,1528.478,,1551.014,1542.823,1541.893,,53.366,,,30.385,85378.33
600690.SH,2024-12-18,28.54,28.72,28.33,28.38,28.39,-0.01,-0.0352,231926.53,660740.522,28.6,28.939,28.775,,28.567,28.742,28.841,,46.305,,,0.872,3429972.87
600760.SH,2024-12-18,49.4,50.69,49.4,50.0,49.35,0.65,1.3171,213502.59,1071308.783,49.578,48.878,48.872,,49.441,49.234,49.716,,39.16,,,1.742,-1130800.67
600809.SH,2024-12-18,195.51,197.46,194.38,195.21,195.33,-0.12,-0.0614,37307.9,730283.97,198.97,200.401,200.935,,197.587,199.647,203.377,,30.341,,,6.527,-299742.95
600887.SH,2024-12-18,29.74,29.87,29.5,29.61,29.61,0.0,0.0,280366.26,832421.363,29.58,29.409,29.08,,29.521,29.42,29.312,,50.27,,,0.685,686187.25
600900.SH,2024-12-18,29.38,29.82,29.13,29.42,29.27,0.15,0.5125,983965.58,2902181.336,29.018,28.617,28.069,,29.062,28.707,28.237,,69.679,,,0.487,5327540.98
601012.SH,2024-12-18,16.79,16.83,16.58,16.63,16.68,-0.05,-0.2998,485288.98,810443.88,16.994,17.37,17.792,,16.94,17.288,17.782,,20.587,,,0.541,-2743540.99
601088.SH,2024-12-18,43.18,43.85,42.93,43.06,42.8,0.26,0.6075,282466.07,1223356.556,43.004,42.77,41.569,,42.946,42.585,41.83,,62.937,,,1.08,2027175.95
601127.SH,2024-12-18,131.0,131.5,128.88,129.76,130.21,-0.45,-0.3456,213207.98,2772989.601,131.548,134.908,130.756,,131.35,132.419,132.084,,43.428,,,6.642,-1012418.79
601166.SH,2024-12-18,18.41,18.68,18.39,18.6,18.36,0.24,1.3072,692378.13,1287280.649,18.416,18.46,18.281,,18.445,18.417,18.34,,54.14,,,0.337,4076065.7
601211.SH,2024-12-18,18.85,18.96,18.75,18.78,18.77,0.01,0.0533,262179.38,493679.575,18.972,19.05,19.078,,18.901,19.004,19.213,,32.119,,,0.437,1242945.47
601225.SH,2024-12-18,25.45,25.52,25.12,25.18,25.3,-0.12,-0.4743,324054.36,820630.546,25.04,24.938,24.312,,25.062,24.855,24.442,,61.475,,,0.604,2199022.66
601288.SH,2024-12-18,5.12,5.19,5.08,5.1,5.1,0.0,0.0,5445083.25,2789248.905,5.068,5.024,4.918,,5.07,5.022,4.933,,70.249,,,0.091,54825026.58
601318.SH,2024-12-18,53.33,53.68,52.88,52.94,53.01,-0.07,-0.1321,504461.43,2683105.293,53.678,54.254,53.951,,53.488,53.897,54.397,,33.0,,,1.206,-3906935.87
601328.SH,2024-12-18,7.43,7.56,7.42,7.52,7.39,0.13,1.7591,1670827.38,1255335.814,7.418,7.4,7.346,,7.433,7.402,7.34,,60.281,,,0.152,7227299.26
601398.SH,2024-12-18,6.54,6.65,6.53,6.59,6.51,0.08,1.2289,3489424.53,2301576.369,6.488,6.407,6.281,,6.497,6.42,6.314,,72.18,,,0.107,15593343.63
601601.SH,2024-12-18,33.86,34.66,33.83,33.88,33.72,0.16,0.4745,321171.47,1096747.95,34.288,34.824,34.532,,34.197,34.505,34.726,,38.653,,,1.097,-337649.2
601628.SH,2024-12-18,41.81,42.37,41.55,41.64,41.55,0.09,0.2166,105573.11,442570.366,42.168,42.83,42.543,,42.034,42.451,42.989,,35.518,,,1.524,618435.37
601658.SH,2024-12-18,5.51,5.59,5.49,5.51,5.48,0.03,0.5474,1584132.91,876800.834,5.488,5.507,5.421,,5.494,5.48,5.417,,59.327,,,0.109,12474794.92
601668.SH,2024-12-18,5.99,6.08,5.95,5.96,5.91,0.05,0.846,2264146.49,1361169.827,5.974,6.028,6.012,,5.969,6.0,6.028,,41.526,,,0.119,10886392.8
601728.SH,2024-12-18,6.93,7.11,6.93,7.01,6.98,0.03,0.4298,1502160.72,1055350.85,6.916,6.798,6.642,,6.921,6.826,6.722,,65.496,,,0.195,15598875.18
601816.SH,2024-12-18,6.21,6.24,6.15,6.19,6.19,0.0,0.0,1279645.83,791603.976,6.228,6.25,6.013,,6.211,6.183,6.021,,60.034,,,0.155,7849684.34
601857.SH,2024-12-18,8.52,8.59,8.48,8.51,8.48,0.03,0.3538,1324766.89,1130071.894,8.434,8.402,8.242,,8.449,8.389,8.285,,62.951,,,0.158,11086723.56
601888.SH,2024-12-18,71.71,71.86,70.51,70.63,70.97,-0.34,-0.4791,160813.0,1141694.31,71.702,71.076,70.242,,71.172,71.111,70.964,,43.933,,,2.076,-65611.73
601899.SH,2024-12-18,15.4,15.63,15.4,15.49,15.45,0.04,0.2589,753476.59,1169485.235,15.62,15.733,15.711,,15.575,15.663,15.747,,40.378,,,0.394,10492510.6
601919.SH,2024-12-18,14.92,15.14,14.86,14.98,14.94,0.04,0.2677,1122614.42,1684738.529,14.676,14.404,14.193,,14.715,14.511,14.4,,61.298,,,0.352,6472102.92
601985.SH,2024-12-18,10.1,10.2,10.01,10.02,10.05,-0.03,-0.2985,1123556.98,1133942.361,9.906,9.901,9.77,,9.953,9.893,9.855,,54.814,,,0.222,4776858.18
601988.SH,2024-12-18,5.28,5.34,5.25,5.28,5.28,0.0,0.0,2029799.22,1073794.133,5.24,5.187,5.096,,5.243,5.193,5.106,,73.752,,,0.088,17227216.38
603019.SH,2024-12-18,71.72,72.46,71.13,71.89,71.45,0.44,0.6158,398512.55,2862766.875,72.29,73.804,76.58,,72.38,73.789,75.518,,35.536,,,4.013,-1870496.17
603259.SH,2024-12-18,55.8,56.4,55.46,56.1,55.5,0.6,1.0811,255412.78,1431697.459,56.28,56.267,53.352,,56.131,55.675,54.786,,49.959,,,1.852,-583827.28
603501.SH,2024-12-18,97.5,102.13,97.0,101.06,97.3,3.76,3.8643,234428.23,2348267.581,98.998,98.944,98.986,,99.212,99.261,100.995,,39.871,,,3.187,-1372294.87
603993.SH,2024-12-18,7.1,7.13,6.98,6.99,7.07,-0.08,-1.1315,1547007.75,1089240.024,7.182,7.299,7.333,,7.144,7.243,7.339,,28.348,,,0.189,-6484881.7
688008.SH,2024-12-18,67.21,69.53,66.56,68.8,66.87,1.93,2.8862,306451.81,2090618.164,68.268,68.592,67.503,,68.297,68.34,68.507,,41.33,,,2.937,-1571890.01
688012.SH,2024-12-18,192.0,202.0,192.0,194.3,190.9,3.4,1.781,146162.78,2868944.823,196.722,204.903,208.747,,196.929,202.232,208.765,,28.817,,,10.181,-342002.38
688041.SH,2024-12-18,121.5,122.86,120.71,121.2,121.81,-0.61,-0.5008,143084.66,1739968.744,123.408,125.854,125.173,,123.111,124.485,125.333,,35.752,,,5.35,-283418.44
688111.SH,2024-12-18,311.74,316.5,305.03,313.98,310.14,3.84,1.2382,37487.59,1165852.254,314.206,313.791,304.934,,313.456,311.417,306.411,,53.881,,,18.892,-178451.41
688256.SH,2024-12-18,567.89,618.18,560.28,617.55,570.0,47.55,8.3421,87745.87,5179522.069,581.558,565.374,548.056,,583.724,569.056,540.722,,73.094,,,39.762,354896.09
688981.SH,2024-12-18,82.82,83.95,82.09,83.4,82.19,1.21,1.4722,484000.22,4019779.411,83.45,85.478,86.894,,83.594,85.015,87.74,,30.214,,,3.492,-3371360.24
600028.SH,2024-12-19,6.49,6.55,6.44,6.46,6.51,-0.05,-0.768,1231859.17,798862.994,6.444,6.444,6.403,,6.458,6.44,6.401,,57.356,,,0.102,11742947.96
600030.SH,2024-12-19,30.0,30.39,29.88,30.33,30.29,0.04,0.1321,921467.87,2782391.123,30.26,30.814,30.64,,30.42,30.622,30.936,,34.185,,,0.944,-83909.56
600031.SH,2024-12-19,16.36,16.52,16.2,16.49,16.48,0.01,0.0607,353762.26,580728.232,16.482,16.705,16.94,,16.546,16.693,17.029,,27.005,,,0.363,-4717788.33
600036.SH,2024-12-19,38.38,38.53,38.0,38.02,38.52,-0.5,-1.298,611195.82,2336249.857,37.886,38.053,37.317,,38.057,37.904,37.718,,50.573,,,0.756,1624031.03
600050.SH,2024-12-19,5.27,5.39,5.25,5.36,5.32,0.04,0.7519,4280397.29,2278657.985,5.278,5.286,5.222,,5.304,5.283,5.297,,55.685,,,0.18,7139050.6
600104.SH,2024-12-19,18.67,18.98,17.82,18.33,18.98,-0.65,-3.4247,1257081.49,2306397.255,18.51,18.149,18.217,,18.408,18.267,17.964,,59.074,,,1.265,4590278.49
600111.SH,2024-12-19,21.97,22.22,21.68,22.2,22.09,0.11,0.498,266987.99,587681.058,22.154,22.576,22.846,,22.257,22.495,22.88,,29.929,,,0.653,1842985.73
600150.SH,2024-12-19,35.61,36.6,35.5,36.25,36.07,0.18,0.499,512193.14,1852715.304,35.536,35.555,35.549,,35.821,35.696,35.855,,49.616,,,0.969,2001589.69
600276.SH,2024-12-19,46.18,46.66,45.88,46.54,46.59,-0.05,-0.1073,217460.77,1007124.998,46.458,47.552,48.452,,46.759,47.338,47.93,,37.841,,,1.2,-2485179.31
600309.SH,2024-12-19,74.33,74.78,73.73,74.26,74.71,-0.45,-0.6023,83827.17,622577.154,74.47,74.478,74.172,,74.528,74.542,75.074,,40.867,,,1.709,-1370907.56
600406.SH,2024-12-19,24.53,25.14,24.33,25.08,24.55,0.53,2.1589,271770.87,677753.455,24.536,24.737,24.83,,24.721,24.75,25.084,,44.738,,,0.593,26649.11
600519.SH,2024-12-19,1565.14,1567.93,1550.33,1551.01,1571.5,-20.49,-1.3038,24809.32,3862602.665,1545.342,1541.451,1528.771,,1551.013,1544.312,1542.761,,48.13,,,29.726,60569.01
600690.SH,2024-12-19,28.21,28.67,28.0,28.5,28.38,0.12,0.4228,256368.55,730244.613,28.376,28.931,28.76,,28.545,28.698,28.809,,47.695,,,0.858,3686341.42
600760.SH,2024-12-19,49.5,49.85,48.85,49.64,50.0,-0.36,-0.72,168917.65,831910.741,49.404,49.028,48.852,,49.507,49.308,49.709,,38.111,,,1.699,-1299718.32
600809.SH,2024-12-19,193.98,195.23,191.6,193.23,195.21,-1.98,-1.0143,48678.19,940727.078,195.62,199.847,200.173,,196.134,198.48,202.41,,28.755,,,6.32,-348421.14
600887.SH,2024-12-19,29.52,29.73,29.25,29.37,29.61,-0.24,-0.8105,275581.03,811755.396,29.408,29.462,29.09,,29.47,29.411,29.318,,47.612,,,0.671,410606.22
600900.SH,2024-12-19,29.26,29.66,29.21,29.26,29.42,-0.16,-0.5438,910615.98,2682851.059,29.19,28.713,28.148,,29.128,28.807,28.334,,66.334,,,0.484,4416925.0
601012.SH,2024-12-19,16.4,16.74,16.25,16.62,16.63,-0.01,-0.0601,649769.01,1073593.55,16.762,17.238,17.692,,16.833,17.166,17.671,,20.518,,,0.537,-3393310.0
601088.SH,2024-12-19,42.72,43.35,42.5,42.61,43.06,-0.45,-1.0451,172714.39,739556.626,42.904,42.839,41.64,,42.834,42.59,41.904,,58.97,,,1.064,1854461.56
601127.SH,2024-12-19,128.0,131.5,127.51,130.8,129.76,1.04,0.8015,216531.63,2823510.215,130.326,133.99,130.839,,131.167,132.125,131.962,,44.627,,,6.452,-795887.16
601166.SH,2024-12-19,18.51,18.68,18.47,18.54,18.6,-0.06,-0.3226,548274.52,1017992.068,18.374,18.488,18.296,,18.477,18.439,18.359,,52.768,,,0.328,3527791.18
601211.SH,2024-12-19,18.61,18.79,18.56,18.76,18.78,-0.02,-0.1065,262205.73,490160.79,18.838,19.015,19.026,,18.854,18.96,19.17,,31.868,,,0.422,980739.74
601225.SH,2024-12-19,24.98,25.29,24.43,24.54,25.18,-0.64,-2.5417,286851.98,711777.652,24.912,24.897,24.337,,24.888,24.798,24.451,,52.416,,,0.622,1912170.68
601288.SH,2024-12-19,5.1,5.11,5.03,5.04,5.1,-0.06,-1.1765,4821700.21,2441451.621,5.07,5.036,4.932,,5.06,5.025,4.944,,62.913,,,0.09,50003326.37
601318.SH,2024-12-19,52.6,52.94,52.35,52.89,52.94,-0.05,-0.0944,405496.28,2136614.147,53.14,54.175,53.821,,53.289,53.714,54.253,,32.791,,,1.162,-4312432.15
601328.SH,2024-12-19,7.5,7.59,7.44,7.49,7.52,-0.03,-0.3989,1380313.75,1035377.383,7.426,7.418,7.36,,7.452,7.418,7.354,,58.7,,,0.152,5846985.51
601398.SH,2024-12-19,6.57,6.61,6.48,6.49,6.59,-0.1,-1.5175,3615285.11,2360581.313,6.502,6.43,6.299,,6.494,6.433,6.331,,63.602,,,0.109,11978058.52
601601.SH,2024-12-19,33.6,33.75,33.37,33.58,33.88,-0.3,-0.8855,230348.33,774502.813,33.886,34.738,34.447,,33.991,34.337,34.617,,37.11,,,1.055,-567997.53
601628.SH,2024-12-19,41.1,41.86,40.95,41.77,41.64,0.13,0.3122,90998.7,378276.122,41.692,42.793,42.412,,41.946,42.328,42.873,,36.407,,,1.48,709434.07
601658.SH,2024-12-19,5.49,5.53,5.42,5.43,5.51,-0.08,-1.4519,1684504.1,919975.436,5.466,5.502,5.428,,5.472,5.471,5.419,,52.995,,,0.109,10790290.82
601668.SH,2024-12-19,5.93,5.98,5.87,5.97,5.96,0.01,0.1678,1639711.77,974719.183,5.94,6.023,6.005,,5.97,5.995,6.023,,42.333,,,0.118,12526104.57
601728.SH,2024-12-19,6.96,7.17,6.95,7.09,7.01,0.08,1.1412,1242771.07,881389.025,6.97,6.845,6.671,,6.977,6.874,6.757,,67.928,,,0.197,16841646.25
601816.SH,2024-12-19,6.17,6.19,6.11,6.14,6.19,-0.05,-0.8078,1184155.18,728544.579,6.182,6.243,6.039,,6.187,6.175,6.032,,57.177,,,0.15,6665529.16
601857.SH,2024-12-19,8.46,8.55,8.4,8.42,8.51,-0.09,-1.0576,1261273.93,1067693.429,8.428,8.415,8.258,,8.439,8.395,8.298,,57.424,,,0.158,9825449.63
601888.SH,2024-12-19,69.6,70.25,69.14,70.03,70.63,-0.6,-0.8495,168609.69,1173752.657,70.946,71.089,70.243,,70.791,70.915,70.875,,42.092,,,2.034,-234221.42
601899.SH,2024-12-19,15.21,15.41,15.05,15.32,15.49,-0.17,-1.0975,925546.81,1414586.144,15.436,15.717,15.669,,15.49,15.601,15.706,,37.889,,,0.397,9566963.79
601919.SH,2024-12-19,14.8,14.94,14.72,14.8,14.98,-0.18,-1.2016,954638.66,1414540.965,14.734,14.478,14.208,,14.743,14.564,14.438,,56.659,,,0.346,5517464.26
601985.SH,2024-12-19,9.98,10.05,9.91,9.93,10.02,-0.09,-0.8982,827761.96,825433.058,9.932,9.915,9.76,,9.945,9.9,9.862,,51.656,,,0.216,3949096.22
601988.SH,2024-12-19,5.27,5.3,5.2,5.23,5.28,-0.05,-0.947,2007496.52,1056014.314,5.246,5.202,5.11,,5.239,5.2,5.118,,66.992,,,0.089,15219719.86
603019.SH,2024-12-19,71.01,77.18,70.8,76.26,71.89,4.37,6.0787,1133662.26,8441625.928,72.584,73.835,76.447,,73.673,74.238,75.588,,44.948,,,4.182,-736833.91
603259.SH,2024-12-19,55.52,56.83,55.35,55.91,56.1,-0.19,-0.3387,309136.89,1737818.038,56.044,56.717,53.54,,56.057,55.718,54.893,,49.26,,,1.826,-892964.17
603501.SH,2024-12-19,99.27,103.85,99.03,103.27,101.06,2.21,2.1868,249901.45,2555095.009,99.62,99.499,98.903,,100.565,99.99,101.211,,45.951,,,3.303,-1122393.42
603993.SH,2024-12-19,6.89,7.03,6.8,7.01,6.99,0.02,0.2861,1260855.18,877702.472,7.084,7.263,7.303,,7.099,7.201,7.308,,29.498,,,0.192,-5224026.52
688008.SH,2024-12-19,67.5,71.48,67.07,70.79,68.8,1.99,2.8924,411394.08,2871296.665,68.686,68.841,67.662,,69.128,68.786,68.725,,47.247,,,3.043,-1160495.93
688012.SH,2024-12-19,190.07,196.17,188.8,194.88,194.3,0.58,0.2985,117885.69,2268794.754,194.518,203.144,207.666,,196.246,200.896,207.443,,29.5,,,9.98,-224116.69
688041.SH,2024-12-19,120.55,130.89,119.52,128.78,121.2,7.58,6.2541,335197.17,4248731.813,123.804,125.93,125.187,,125.001,125.266,125.661,,48.044,,,5.78,51778.73
688111.SH,2024-12-19,310.04,318.0,306.35,309.16,313.98,-4.82,-1.5351,45295.38,1406092.185,311.538,314.507,304.737,,312.024,311.006,306.673,,51.656,,,18.375,-223746.79
688256.SH,2024-12-19,606.0,654.99,596.2,636.02,617.55,18.47,2.9909,86171.52,5379397.222,593.364,571.964,554.142,,601.156,581.231,549.798,,75.234,,,41.121,441067.61
688981.SH,2024-12-19,82.3,86.53,81.88,85.44,83.4,2.04,2.446,673992.07,5699200.996,83.104,85.322,86.491,,84.209,85.092,87.521,,35.885,,,3.575,-2697368.17
600028.SH,2024-12-20,6.47,6.48,6.38,6.38,6.46,-0.08,-1.2384,1329524.15,851802.301,6.448,6.441,6.409,,6.432,6.429,6.399,,50.99,,,0.102,10413423.81
600030.SH,2024-12-20,30.09,30.56,30.03,30.34,30.09,0.25,0.8308,977712.48,2964895.28,30.244,30.724,30.641,,30.393,30.571,30.879,,34.301,,,0.914,893802.92
600031.SH,2024-12-20,16.49,16.52,16.1,16.12,16.49,-0.37,-2.2438,754342.64,1221819.668,16.394,16.628,16.882,,16.404,16.589,16.942,,22.588,,,0.367,-5472130.97
600036.SH,2024-12-20,38.05,38.28,37.86,37.91,38.02,-0.11,-0.2893,542150.38,2060744.582,38.008,38.074,37.39,,38.008,37.905,37.736,,49.598,,,0.732,1081880.65
600050.SH,2024-12-20,5.34,5.36,5.26,5.27,5.36,-0.09,-1.6791,3527727.72,1866819.173,5.288,5.293,5.226,,5.293,5.281,5.294,,51.015,,,0.174,3611322.88
600104.SH,2024-12-20,18.2,18.55,18.0,18.19,18.33,-0.14,-0.7638,753674.0,1375913.42,18.4,18.192,18.228,,18.336,18.253,17.986,,58.118,,,1.214,3836604.49
600111.SH,2024-12-20,22.2,22.35,22.04,22.05,22.2,-0.15,-0.6757,317620.38,704562.157,22.088,22.464,22.767,,22.188,22.414,22.801,,28.777,,,0.628,1525365.35
600150.SH,2024-12-20,36.13,36.21,35.67,35.67,36.25,-0.58,-1.6,414097.18,1483178.897,35.73,35.567,35.574,,35.771,35.691,35.837,,44.863,,,0.941,1587492.51
600276.SH,2024-12-20,46.54,46.88,46.22,46.25,46.54,-0.29,-0.6231,260732.76,1212975.576,46.39,47.224,48.351,,46.59,47.14,47.77,,36.443,,,1.161,-2745912.07
600309.SH,2024-12-20,74.27,74.47,73.36,73.69,74.26,-0.57,-0.7676,128670.95,950533.213,74.258,74.484,74.162,,74.249,74.387,74.943,,39.078,,,1.666,-1499578.51
600406.SH,2024-12-20,25.09,25.18,24.61,24.85,25.08,-0.23,-0.9171,219648.54,546846.51,24.614,24.736,24.782,,24.764,24.768,25.062,,42.198,,,0.591,-192999.43
600519.SH,2024-12-20,1531.13,1541.8,1520.02,1522.0,1527.13,-5.13,-0.3359,28157.74,4307425.535,1545.942,1541.55,1529.48,,1541.342,1540.255,1540.784,,41.866,,,29.817,32411.27
600690.SH,2024-12-20,28.52,28.52,28.15,28.16,28.5,-0.34,-1.193,267080.3,755230.762,28.328,28.823,28.723,,28.416,28.6,28.747,,44.204,,,0.823,3419261.12
600760.SH,2024-12-20,49.48,50.28,49.33,50.09,49.64,0.45,0.9065,158298.45,791536.189,49.704,49.19,48.886,,49.701,49.45,49.745,,40.264,,,1.646,-1141419.87
600809.SH,2024-12-20,193.23,194.79,191.96,192.5,193.23,-0.73,-0.3778,38896.87,751578.252,194.232,199.096,199.828,,194.923,197.393,201.466,,28.171,,,6.071,-387318.01
600887.SH,2024-12-20,29.48,29.56,29.13,29.2,29.37,-0.17,-0.5788,296708.29,869402.808,29.398,29.458,29.13,,29.38,29.373,29.307,,45.767,,,0.653,113897.93
600900.SH,2024-12-20,29.21,29.43,29.08,29.2,29.26,-0.06,-0.2051,787251.72,2300287.601,29.286,28.815,28.245,,29.152,28.879,28.417,,65.072,,,0.475,3629673.28
601012.SH,2024-12-20,16.63,16.69,16.31,16.34,16.62,-0.28,-1.6847,752484.02,1238069.616,16.626,17.087,17.622,,16.669,17.016,17.544,,18.631,,,0.526,-4145794.02
601088.SH,2024-12-20,42.6,42.72,41.05,41.34,42.61,-1.27,-2.9805,401080.06,1664064.919,42.652,42.739,41.717,,42.336,42.363,41.85,,49.489,,,1.107,1453381.5
601127.SH,2024-12-20,129.7,131.8,128.68,131.1,130.8,0.3,0.2294,235471.22,3072337.436,130.514,133.261,131.194,,131.145,131.938,131.88,,44.989,,,6.214,-560415.94
601166.SH,2024-12-20,18.53,18.69,18.46,18.52,18.54,-0.02,-0.1079,653239.91,1212612.448,18.448,18.491,18.332,,18.491,18.454,18.374,,52.293,,,0.321,2874551.27
601211.SH,2024-12-20,18.72,18.9,18.72,18.76,18.76,0.0,0.0,309889.06,582590.903,18.788,18.963,19.008,,18.823,18.924,19.131,,31.868,,,0.405,980739.74
601225.SH,2024-12-20,24.43,24.43,23.51,23.64,24.54,-0.9,-3.6675,557535.29,1323617.133,24.718,24.782,24.348,,24.472,24.587,24.374,,42.853,,,0.651,1354635.39
601288.SH,2024-12-20,5.04,5.1,5.03,5.04,5.04,0.0,0.0,5047986.15,2551785.325,5.078,5.045,4.949,,5.054,5.028,4.953,,62.913,,,0.089,50003326.37
601318.SH,2024-12-20,52.89,53.23,52.52,52.62,52.89,-0.27,-0.5105,461965.43,2437090.038,52.916,53.925,53.8,,53.066,53.515,54.098,,31.628,,,1.129,-4774397.58
601328.SH,2024-12-20,7.49,7.6,7.48,7.5,7.49,0.01,0.1335,1424052.05,1073507.685,7.464,7.431,7.381,,7.468,7.433,7.368,,59.085,,,0.149,7271037.56
601398.SH,2024-12-20,6.5,6.61,6.5,6.53,6.49,0.04,0.6163,3765488.42,2467195.131,6.53,6.451,6.323,,6.506,6.451,6.35,,65.375,,,0.11,15743546.94
601601.SH,2024-12-20,33.62,33.74,32.93,33.0,33.58,-0.58,-1.7272,408636.85,1356600.571,33.598,34.468,34.405,,33.661,34.094,34.463,,34.261,,,1.038,-976634.38
601628.SH,2024-12-20,41.77,41.99,41.24,41.43,41.77,-0.34,-0.814,90657.87,376585.427,41.548,42.56,42.395,,41.774,42.164,42.735,,35.046,,,1.428,618776.2
601658.SH,2024-12-20,5.43,5.48,5.41,5.42,5.43,-0.01,-0.1842,1075046.02,584834.481,5.468,5.49,5.439,,5.455,5.462,5.419,,52.245,,,0.106,9715244.8
601668.SH,2024-12-20,5.96,5.98,5.89,5.91,5.97,-0.06,-1.005,1679166.29,994369.074,5.932,6.008,6.003,,5.95,5.979,6.012,,38.865,,,0.116,10846938.28
601728.SH,2024-12-20,7.05,7.12,7.01,7.05,7.09,-0.04,-0.5642,969413.5,684837.13,7.022,6.887,6.702,,7.002,6.906,6.785,,65.444,,,0.191,15872232.75
601816.SH,2024-12-20,6.16,6.16,6.05,6.06,6.14,-0.08,-1.3029,1180491.54,717898.85,6.162,6.224,6.066,,6.145,6.154,6.035,,52.843,,,0.147,5485037.62
601857.SH,2024-12-20,8.41,8.44,8.33,8.34,8.42,-0.08,-0.9501,1060721.26,887490.575,8.44,8.417,8.274,,8.406,8.385,8.302,,52.971,,,0.154,8764728.37
601888.SH,2024-12-20,70.0,70.38,69.25,69.42,70.03,-0.61,-0.8711,135880.31,948867.396,70.57,70.975,70.344,,70.334,70.643,70.737,,40.245,,,1.97,-370101.73
601899.SH,2024-12-20,15.28,15.33,15.02,15.02,15.32,-0.3,-1.9582,1400626.67,2117319.776,15.326,15.65,15.632,,15.334,15.495,15.641,,33.916,,,0.391,8166337.12
601919.SH,2024-12-20,14.8,14.87,14.46,14.48,14.8,-0.32,-2.1622,989073.57,1441481.628,14.776,14.512,14.226,,14.655,14.548,14.442,,49.49,,,0.35,4528390.69
601985.SH,2024-12-20,9.91,9.96,9.75,9.75,9.93,-0.18,-1.8127,1019250.46,999899.111,9.946,9.898,9.754,,9.88,9.873,9.851,,45.954,,,0.215,2929845.76
601988.SH,2024-12-20,5.24,5.31,5.24,5.26,5.23,0.03,0.5736,1670059.76,880002.41,5.262,5.218,5.128,,5.246,5.211,5.132,,68.838,,,0.088,16889779.62
603019.SH,2024-12-20,75.2,77.3,74.6,75.54,76.26,-0.72,-0.9441,780603.33,5909274.024,73.306,73.69,76.481,,74.295,74.475,75.584,,43.813,,,4.076,-1517437.24
603259.SH,2024-12-20,55.88,56.53,55.61,55.79,55.91,-0.12,-0.2146,234714.36,1315679.41,55.902,56.774,53.848,,55.968,55.731,54.979,,48.795,,,1.761,-1127678.53
603501.SH,2024-12-20,103.28,106.5,103.07,104.01,103.27,0.74,0.7166,269912.5,2828069.385,100.69,99.965,99.128,,101.713,100.721,101.478,,47.852,,,3.312,-852480.92
603993.SH,2024-12-20,6.99,7.02,6.82,6.85,7.01,-0.16,-2.2825,1779103.12,1221890.473,7.01,7.206,7.28,,7.016,7.137,7.264,,25.913,,,0.193,-7003129.64
688008.SH,2024-12-20,70.0,73.57,69.89,72.52,70.79,1.73,2.4438,568323.3,4085360.133,69.586,69.075,68.093,,70.259,69.465,69.086,,51.799,,,3.088,-592172.63
688012.SH,2024-12-20,194.27,202.49,193.8,196.85,194.88,1.97,1.0109,150405.17,2985551.48,193.786,201.22,207.035,,196.447,200.16,206.434,,31.892,,,9.888,-73711.52
688041.SH,2024-12-20,128.0,133.28,127.78,131.06,128.78,2.28,1.7705,331843.63,4349429.405,125.254,126.055,125.545,,127.02,126.32,126.176,,51.076,,,5.76,383622.36
688111.SH,2024-12-20,306.0,312.22,301.01,303.1,309.16,-6.06,-1.9602,54555.11,1674419.981,309.396,314.814,304.617,,309.049,309.569,306.332,,48.921,,,17.863,-278301.9
688256.SH,2024-12-20,634.97,676.77,631.0,675.95,636.02,39.93,6.2781,93109.19,6121082.406,614.954,584.199,563.339,,626.087,598.453,561.812,,79.104,,,41.454,534176.8
688981.SH,2024-12-20,85.07,98.8,85.07,94.28,85.44,8.84,10.3464,1767702.71,16308583.666,85.362,85.857,86.766,,87.566,86.763,88.165,,53.513,,,4.3,-929665.46
600028.SH,2024-12-23,6.39,6.56,6.39,6.54,6.38,0.16,2.5078,2552757.08,1660000.522,6.466,6.448,6.42,,6.468,6.449,6.413,,60.445,,,0.108,12966180.89
600030.SH,2024-12-23,30.1,30.53,29.88,29.92,30.34,-0.42,-1.3843,1045889.07,3149338.369,30.222,30.604,30.654,,30.236,30.452,30.788,,31.772,,,0.895,-152086.15
600031.SH,2024-12-23,16.09,16.5,16.08,16.32,16.12,0.2,1.2407,726564.94,1189851.578,16.382,16.574,16.842,,16.376,16.54,16.883,,29.318,,,0.371,-4745566.03
600036.SH,2024-12-23,37.99,38.7,37.98,38.35,37.91,0.44,1.1606,902691.56,3473126.152,38.13,38.139,37.497,,38.122,37.986,37.794,,53.462,,,0.736,1984572.21
600050.SH,2024-12-23,5.26,5.37,5.25,5.31,5.27,0.04,0.759,4159129.77,2214218.009,5.3,5.289,5.236,,5.298,5.286,5.296,,52.906,,,0.17,7770452.65
600104.SH,2024-12-23,18.16,18.62,17.88,18.13,18.19,-0.06,-0.3299,806519.2,1471971.784,18.38,18.198,18.159,,18.267,18.231,18.0,,57.687,,,1.18,3030085.29
600111.SH,2024-12-23,22.12,22.15,21.7,21.8,22.05,-0.25,-1.1338,272011.56,595748.098,22.034,22.356,22.706,,22.058,22.302,22.706,,26.918,,,0.615,1253353.79
600150.SH,2024-12-23,35.65,36.52,35.3,36.18,35.67,0.51,1.4298,530491.79,1911048.989,36.008,35.625,35.627,,35.907,35.78,35.87,,49.449,,,0.961,2117984.3
600276.SH,2024-12-23,46.25,46.33,45.51,45.85,46.25,-0.4,-0.8649,361926.84,1660614.929,46.346,46.871,48.256,,46.343,46.906,47.587,,34.548,,,1.137,-3107838.91
600309.SH,2024-12-23,73.68,74.97,73.63,74.13,73.69,0.44,0.5971,134277.99,997574.418,74.38,74.58,74.218,,74.209,74.341,74.865,,41.218,,,1.643,-1365300.52
600406.SH,2024-12-23,24.77,25.11,24.7,24.72,24.85,-0.13,-0.5231,195180.15,485882.348,24.742,24.716,24.765,,24.749,24.759,25.029,,40.788,,,0.578,-388179.58
600519.SH,2024-12-23,1523.0,1538.0,1517.0,1526.45,1522.0,4.45,0.2924,21602.69,3300971.424,1545.792,1542.315,1530.874,,1536.378,1537.745,1539.419,,43.089,,,29.187,54013.96
600690.SH,2024-12-23,28.17,28.86,28.17,28.69,28.16,0.53,1.8821,364801.38,1045225.891,28.424,28.752,28.752,,28.508,28.617,28.741,,50.31,,,0.814,3784062.5
600760.SH,2024-12-23,49.96,49.96,48.31,48.49,50.09,-1.6,-3.1943,175215.26,859617.908,49.514,49.274,48.92,,49.298,49.275,49.626,,35.532,,,1.655,-1316635.13
600809.SH,2024-12-23,192.88,193.4,188.02,188.4,192.5,-4.1,-2.1299,62837.96,1196424.975,192.934,197.888,199.361,,192.749,195.758,200.222,,25.086,,,6.022,-450155.97
600887.SH,2024-12-23,29.1,29.8,29.05,29.6,29.2,0.4,1.3699,439427.82,1301645.497,29.478,29.536,29.199,,29.454,29.414,29.335,,50.617,,,0.66,553325.75
600900.SH,2024-12-23,29.19,29.81,29.11,29.57,29.2,0.37,1.2671,1086336.32,3214208.944,29.344,28.931,28.367,,29.291,29.004,28.527,,68.989,,,0.491,4716009.6
601012.SH,2024-12-23,16.31,16.6,16.2,16.24,16.34,-0.1,-0.612,829532.16,1356910.143,16.502,16.948,17.543,,16.526,16.875,17.42,,17.994,,,0.517,-4975326.18
601088.SH,2024-12-23,41.2,42.17,40.98,41.78,41.34,0.44,1.0643,334907.04,1397011.568,42.318,42.667,41.8,,42.151,42.257,41.844,,52.348,,,1.113,1788288.54
601127.SH,2024-12-23,131.23,134.8,130.0,130.68,131.1,-0.42,-0.3204,237423.26,3134151.343,130.51,131.854,131.66,,130.99,131.71,131.766,,44.55,,,6.113,-797839.2
601166.SH,2024-12-23,18.52,18.92,18.52,18.82,18.52,0.3,1.6199,971535.55,1826675.952,18.568,18.519,18.385,,18.601,18.521,18.417,,58.357,,,0.326,3846086.82
601211.SH,2024-12-23,18.76,18.85,18.6,18.64,18.76,-0.12,-0.6397,270542.76,506622.892,18.742,18.929,18.99,,18.762,18.872,19.084,,30.224,,,0.394,710196.98
601225.SH,2024-12-23,23.59,23.94,23.48,23.59,23.64,-0.05,-0.2115,317282.58,752459.629,24.45,24.683,24.369,,24.178,24.406,24.299,,42.39,,,0.638,1037352.81
601288.SH,2024-12-23,5.05,5.2,5.04,5.19,5.04,0.15,2.9762,6959877.33,3585169.517,5.094,5.063,4.972,,5.099,5.058,4.975,,71.533,,,0.094,56963203.7
601318.SH,2024-12-23,52.62,53.48,52.62,53.1,52.62,0.48,0.9122,555505.47,2954746.191,52.912,53.752,53.827,,53.077,53.439,54.003,,35.977,,,1.11,-4218892.11
601328.SH,2024-12-23,7.52,7.72,7.5,7.68,7.5,0.18,2.4,1890284.88,1445333.319,7.516,7.459,7.409,,7.539,7.478,7.398,,65.35,,,0.155,9161322.44
601398.SH,2024-12-23,6.53,6.76,6.53,6.7,6.53,0.17,2.6034,4871100.27,3253676.275,6.564,6.489,6.355,,6.571,6.496,6.383,,71.686,,,0.118,20614647.21
601601.SH,2024-12-23,33.0,33.55,32.99,33.09,33.0,0.09,0.2727,382182.32,1271306.21,33.454,34.242,34.385,,33.471,33.912,34.332,,35.094,,,1.004,-594452.06
601628.SH,2024-12-23,41.43,41.95,41.37,41.54,41.43,0.11,0.2655,90213.78,376020.035,41.586,42.307,42.424,,41.696,42.051,42.622,,35.881,,,1.367,708989.98
601658.SH,2024-12-23,5.42,5.63,5.41,5.59,5.42,0.17,3.1365,2308633.21,1282959.653,5.486,5.494,5.456,,5.5,5.485,5.435,,62.078,,,0.114,12023878.01
601668.SH,2024-12-23,5.92,6.05,5.91,6.0,5.91,0.09,1.5228,2584025.13,1550933.657,5.95,5.998,6.008,,5.967,5.983,6.011,,46.01,,,0.118,13430963.41
601728.SH,2024-12-23,7.05,7.13,7.02,7.06,7.05,0.01,0.1418,1299443.25,919116.919,7.038,6.92,6.736,,7.021,6.934,6.811,,65.781,,,0.185,17171676.0
601816.SH,2024-12-23,6.05,6.18,6.03,6.14,6.06,0.08,1.3201,1510013.96,924245.053,6.144,6.202,6.097,,6.143,6.152,6.045,,56.402,,,0.147,6995051.58
601857.SH,2024-12-23,8.38,8.62,8.37,8.58,8.34,0.24,2.8777,2236032.68,1909500.531,8.466,8.432,8.302,,8.464,8.42,8.328,,62.392,,,0.163,11000761.05
601888.SH,2024-12-23,69.48,69.49,68.69,68.7,69.42,-0.72,-1.0372,134632.89,928452.089,69.95,70.916,70.379,,69.789,70.29,70.543,,38.119,,,1.886,-504734.62
601899.SH,2024-12-23,15.16,15.59,15.09,15.51,15.02,0.49,3.2623,1884409.0,2903979.102,15.358,15.613,15.63,,15.392,15.498,15.628,,44.207,,,0.404,10050746.12
601919.SH,2024-12-23,14.49,14.8,14.49,14.69,14.48,0.21,1.4503,833091.44,1224985.161,14.778,14.566,14.261,,14.667,14.574,14.466,,53.636,,,0.348,5361482.13
601985.SH,2024-12-23,9.76,10.36,9.7,10.33,9.75,0.58,5.9487,3152236.51,3206293.302,10.016,9.932,9.794,,10.03,9.956,9.897,,60.923,,,0.247,6082082.27
601988.SH,2024-12-23,5.26,5.4,5.25,5.36,5.26,0.1,1.9011,2597727.63,1391033.125,5.282,5.239,5.15,,5.284,5.238,5.153,,74.047,,,0.093,19487507.25
603019.SH,2024-12-23,76.0,78.5,75.99,76.78,75.54,1.24,1.6415,909596.47,7029751.424,74.384,73.869,76.367,,75.124,74.894,75.698,,46.326,,,3.996,-607840.77
603259.SH,2024-12-23,55.68,57.05,55.6,56.26,55.79,0.47,0.8424,340255.0,1918340.353,55.912,56.502,54.206,,56.065,55.827,55.101,,50.754,,,1.739,-787423.53
603501.SH,2024-12-23,103.98,105.29,101.68,101.89,104.01,-2.12,-2.0383,191378.48,1973020.645,101.546,100.3,99.371,,101.772,100.933,101.517,,43.167,,,3.334,-1043859.4
603993.SH,2024-12-23,6.86,6.94,6.84,6.91,6.85,0.06,0.8759,1583747.3,1093328.852,6.966,7.158,7.262,,6.981,7.096,7.231,,29.379,,,0.186,-5419382.34
688008.SH,2024-12-23,72.52,74.36,70.5,70.92,72.52,-1.6,-2.2063,456109.64,3293190.248,69.98,69.285,68.457,,70.479,69.729,69.261,,47.7,,,3.143,-1048282.27
688012.SH,2024-12-23,197.78,200.98,195.03,197.0,196.85,0.15,0.0762,107748.52,2128483.642,194.786,199.516,206.711,,196.632,199.585,205.536,,32.081,,,9.607,34037.0
688041.SH,2024-12-23,132.09,141.5,131.06,136.7,131.06,5.64,4.3034,497680.4,6872295.632,127.91,126.826,126.467,,130.247,128.207,127.178,,57.659,,,6.094,881302.76
688111.SH,2024-12-23,304.0,305.18,291.77,292.35,303.1,-10.75,-3.5467,62588.05,1855504.784,305.746,312.789,304.549,,303.483,306.438,305.001,,44.427,,,17.545,-340889.95
688256.SH,2024-12-23,675.95,700.0,635.0,648.75,675.95,-27.2,-4.024,103804.37,6888866.058,629.654,595.174,571.326,,633.641,607.598,570.092,,70.969,,,43.135,430372.43
688981.SH,2024-12-23,93.69,99.2,93.6,95.18,94.28,0.9,0.9546,1456755.67,14051252.987,88.098,86.697,87.217,,90.104,88.293,88.833,,54.874,,,4.393,527090.21
600028.SH,2024-12-24,6.5,6.65,6.49,6.61,6.54,0.07,1.0703,1811700.97,1196544.847,6.5,6.465,6.432,,6.515,6.479,6.431,,63.741,,,0.112,14777881.86
600030.SH,2024-12-24,29.92,30.38,29.9,30.32,29.92,0.4,1.3369,1082009.42,3264728.04,30.24,30.488,30.684,,30.264,30.428,30.743,,36.569,,,0.866,929923.27
600031.SH,2024-12-24,16.31,16.48,16.27,16.41,16.32,0.09,0.5515,357518.33,585466.317,16.364,16.524,16.81,,16.387,16.516,16.838,,32.176,,,0.359,-4388047.7
600036.SH,2024-12-24,38.35,39.29,38.32,39.22,38.35,0.87,2.2686,993428.46,3875223.368,38.404,38.201,37.638,,38.488,38.21,37.93,,59.993,,,0.753,2978000.67
600050.SH,2024-12-24,5.29,5.35,5.29,5.35,5.31,0.04,0.7533,3130858.48,1666503.454,5.322,5.294,5.248,,5.316,5.298,5.301,,54.785,,,0.162,10901311.13
600104.SH,2024-12-24,18.13,18.8,17.93,18.62,18.13,0.49,2.7027,848343.34,1564780.078,18.45,18.263,18.172,,18.385,18.302,18.059,,60.278,,,1.158,3878428.63
600111.SH,2024-12-24,21.8,21.99,21.75,21.92,21.8,0.12,0.5505,180597.99,394984.815,22.012,22.252,22.662,,22.012,22.233,22.631,,29.28,,,0.589,1433951.78
600150.SH,2024-12-24,36.08,36.24,35.81,36.12,36.18,-0.06,-0.1658,330314.79,1189597.227,36.058,35.676,35.672,,35.978,35.842,35.894,,48.933,,,0.923,1787669.51
600276.SH,2024-12-24,45.85,46.66,45.78,46.33,45.85,0.48,1.0469,293991.09,1362414.863,46.312,46.691,48.138,,46.339,46.801,47.467,,38.67,,,1.118,-2813847.82
600309.SH,2024-12-24,74.14,75.4,73.88,74.89,74.13,0.76,1.0252,155854.6,1167230.325,74.336,74.631,74.318,,74.436,74.44,74.868,,44.821,,,1.634,-1209445.92
600406.SH,2024-12-24,24.85,25.26,24.73,25.24,24.72,0.52,2.1036,264969.5,665479.057,24.888,24.749,24.78,,24.913,24.847,25.049,,48.238,,,0.576,-123210.08
600519.SH,2024-12-24,1525.0,1544.0,1521.59,1538.82,1526.45,12.37,0.8104,22104.92,3394160.299,1541.956,1541.538,1532.366,,1537.192,1537.941,1539.362,,46.463,,,28.703,76118.88
600690.SH,2024-12-24,28.63,29.18,28.5,29.15,28.69,0.46,1.6033,297867.04,863329.224,28.576,28.695,28.795,,28.722,28.714,28.78,,54.921,,,0.804,4081929.54
600760.SH,2024-12-24,48.25,48.69,48.12,48.58,48.49,0.09,0.1856,115576.45,559379.599,49.36,49.318,48.97,,49.058,49.149,49.526,,35.988,,,1.578,-1201058.68
600809.SH,2024-12-24,188.41,190.49,187.51,189.52,188.4,1.12,0.5945,51004.86,963954.692,191.772,196.338,198.787,,191.672,194.624,199.203,,27.424,,,5.805,-399151.11
600887.SH,2024-12-24,29.51,30.14,29.51,30.1,29.6,0.5,1.6892,480188.16,1436314.608,29.576,29.594,29.276,,29.669,29.539,29.408,,55.924,,,0.658,1033513.91
600900.SH,2024-12-24,29.47,29.85,29.36,29.81,29.57,0.24,0.8116,927355.5,2753108.462,29.452,29.11,28.508,,29.464,29.151,28.649,,71.242,,,0.491,5643365.1
601012.SH,2024-12-24,16.22,16.59,16.2,16.39,16.24,0.15,0.9236,802711.69,1319262.92,16.444,16.825,17.462,,16.481,16.787,17.322,,22.284,,,0.508,-4172614.49
601088.SH,2024-12-24,41.7,41.98,41.16,41.74,41.78,-0.04,-0.0957,195969.57,815761.895,42.106,42.587,41.897,,42.014,42.163,41.834,,52.059,,,1.092,1592318.97
601127.SH,2024-12-24,130.9,131.52,128.1,131.34,130.68,0.66,0.5051,224674.18,2924366.414,130.736,131.538,132.197,,131.106,131.642,131.725,,45.452,,,5.921,-573165.02
601166.SH,2024-12-24,18.83,19.04,18.82,18.98,18.82,0.16,0.8502,827210.94,1567185.949,18.692,18.549,18.436,,18.727,18.604,18.471,,61.19,,,0.319,4673297.76
601211.SH,2024-12-24,18.8,19.0,18.72,18.95,18.64,0.31,1.6631,404413.66,762933.303,18.778,18.913,18.988,,18.825,18.886,19.071,,38.984,,,0.391,1114610.64
601225.SH,2024-12-24,23.57,23.65,23.15,23.27,23.59,-0.32,-1.3565,475388.88,1108640.799,24.044,24.549,24.363,,23.875,24.199,24.201,,39.454,,,0.628,561963.93
601288.SH,2024-12-24,5.18,5.26,5.15,5.25,5.19,0.06,1.1561,4329040.76,2256538.387,5.124,5.083,4.994,,5.149,5.093,5.002,,74.123,,,0.095,61292244.46
601318.SH,2024-12-24,53.08,53.83,53.0,53.78,53.1,0.68,1.2806,495609.16,2654767.33,53.066,53.568,53.863,,53.311,53.501,53.981,,41.642,,,1.09,-3723282.95
601328.SH,2024-12-24,7.66,7.74,7.61,7.73,7.68,0.05,0.651,1370133.64,1054205.31,7.584,7.482,7.429,,7.602,7.523,7.429,,66.868,,,0.153,10531456.08
601398.SH,2024-12-24,6.71,6.79,6.65,6.78,6.7,0.08,1.194,4641473.68,3126875.532,6.618,6.525,6.386,,6.641,6.548,6.421,,74.08,,,0.12,25256120.89
601601.SH,2024-12-24,33.18,33.94,33.0,33.86,33.09,0.77,2.327,323975.36,1090376.681,33.482,34.017,34.405,,33.6,33.902,34.287,,41.876,,,0.999,-270476.7
601628.SH,2024-12-24,41.57,42.8,41.45,42.48,41.54,0.94,2.2629,157299.67,665994.46,41.772,42.132,42.483,,41.957,42.129,42.608,,42.665,,,1.366,866289.65
601658.SH,2024-12-24,5.58,5.64,5.54,5.63,5.59,0.04,0.7156,2253350.3,1258448.713,5.516,5.498,5.471,,5.543,5.511,5.454,,63.959,,,0.113,14277228.31
601668.SH,2024-12-24,6.01,6.04,5.99,6.02,6.0,0.02,0.3333,1515279.22,911942.475,5.972,5.988,6.014,,5.984,5.99,6.012,,47.479,,,0.113,14946242.63
601728.SH,2024-12-24,7.06,7.1,6.97,7.09,7.06,0.03,0.4249,1084067.89,764085.726,7.06,6.959,6.769,,7.044,6.962,6.838,,66.826,,,0.181,18255743.89
601816.SH,2024-12-24,6.13,6.18,6.01,6.16,6.14,0.02,0.3257,1319493.69,807278.787,6.138,6.186,6.127,,6.149,6.153,6.056,,57.27,,,0.149,8314545.27
601857.SH,2024-12-24,8.54,8.82,8.5,8.78,8.58,0.2,2.331,2386242.72,2083028.591,8.526,8.474,8.34,,8.569,8.486,8.371,,68.123,,,0.175,13387003.77
601888.SH,2024-12-24,68.66,69.53,68.52,69.43,68.7,0.73,1.0626,100336.33,693604.004,69.642,70.794,70.458,,69.67,70.133,70.437,,41.494,,,1.824,-404398.29
601899.SH,2024-12-24,15.49,15.66,15.29,15.63,15.51,0.12,0.7737,1167419.37,1811782.586,15.394,15.57,15.634,,15.472,15.522,15.629,,46.409,,,0.401,11218165.49
601919.SH,2024-12-24,14.8,15.22,14.76,15.07,14.69,0.38,2.5868,1658820.83,2502445.347,14.804,14.664,14.323,,14.801,14.664,14.524,,60.03,,,0.361,7020302.96
601985.SH,2024-12-24,10.3,10.38,10.19,10.36,10.33,0.03,0.2904,1640775.69,1687645.431,10.078,9.977,9.842,,10.14,10.029,9.941,,61.517,,,0.243,7722857.96
601988.SH,2024-12-24,5.38,5.44,5.34,5.43,5.36,0.07,1.306,2108740.9,1139130.773,5.312,5.261,5.172,,5.333,5.273,5.18,,76.951,,,0.093,21596248.15
603019.SH,2024-12-24,77.0,77.96,75.6,76.98,76.78,0.2,0.2605,617028.47,4734749.57,75.49,74.073,76.414,,75.742,75.273,75.82,,46.74,,,3.879,9187.7
603259.SH,2024-12-24,56.07,56.6,56.07,56.45,56.26,0.19,0.3377,236492.33,1331703.14,56.102,56.35,54.578,,56.194,55.94,55.229,,51.56,,,1.652,-550931.2
603501.SH,2024-12-24,102.11,102.79,100.58,102.79,101.89,0.9,0.8833,123114.82,1252686.211,102.604,100.69,99.693,,102.111,101.271,101.638,,45.602,,,3.253,-920744.58
603993.SH,2024-12-24,6.91,6.99,6.87,6.99,6.91,0.08,1.1577,1260613.67,874441.893,6.95,7.117,7.247,,6.984,7.076,7.208,,33.825,,,0.182,-4158768.67
688008.SH,2024-12-24,71.01,72.25,69.88,72.18,70.92,1.26,1.7766,318052.93,2263278.716,71.042,69.664,68.911,,71.046,70.175,69.539,,50.989,,,3.088,-730229.34
688012.SH,2024-12-24,196.95,200.38,193.28,199.88,197.0,2.88,1.4619,99550.38,1963825.116,196.582,197.802,206.443,,197.714,199.639,204.997,,35.765,,,9.428,133587.38
688041.SH,2024-12-24,138.49,141.21,134.5,140.75,136.7,4.05,2.9627,325398.14,4488752.108,131.698,127.871,127.599,,133.748,130.487,128.47,,61.649,,,6.138,1206700.9
688111.SH,2024-12-24,292.5,295.89,289.5,295.5,292.35,3.15,1.0775,36692.5,1076208.248,302.818,310.415,305.043,,300.822,304.449,304.096,,45.993,,,16.748,-304197.45
688256.SH,2024-12-24,655.5,662.0,620.06,659.3,648.75,10.55,1.6262,73829.27,4784588.823,647.514,607.261,579.996,,642.194,616.998,578.588,,72.165,,,43.05,504201.7
688981.SH,2024-12-24,95.99,97.34,92.99,96.86,95.18,1.68,1.7651,912045.08,8713502.072,91.032,87.583,87.805,,92.356,89.851,89.598,,57.381,,,4.39,1439135.29
600028.SH,2024-12-25,6.61,6.76,6.61,6.76,6.61,0.15,2.2693,2084356.57,1402001.781,6.55,6.497,6.451,,6.597,6.53,6.463,,69.589,,,0.114,16862238.43
600030.SH,2024-12-25,30.34,30.39,29.9,30.09,30.32,-0.23,-0.7586,940862.26,2833858.815,30.2,30.363,30.674,,30.206,30.367,30.681,,35.043,,,0.839,-10938.99
600031.SH,2024-12-25,16.42,16.48,16.31,16.4,16.41,-0.01,-0.0609,283883.64,465011.365,16.348,16.468,16.761,,16.392,16.495,16.796,,32.021,,,0.346,-4671931.34
600036.SH,2024-12-25,39.23,39.56,38.99,39.4,39.22,0.18,0.4589,755913.07,2972981.821,38.58,38.311,37.778,,38.792,38.426,38.07,,61.206,,,0.74,3733913.74
600050.SH,2024-12-25,5.36,5.56,5.35,5.44,5.35,0.09,1.6822,6754089.45,3683292.566,5.346,5.309,5.259,,5.357,5.323,5.314,,58.771,,,0.166,17655400.58
600104.SH,2024-12-25,18.61,19.4,18.54,18.85,18.62,0.23,1.2352,1198248.31,2283769.232,18.424,18.376,18.217,,18.54,18.401,18.134,,61.47,,,1.136,5076676.94
600111.SH,2024-12-25,21.93,21.93,21.42,21.55,21.92,-0.37,-1.688,229831.05,496609.894,21.904,22.105,22.593,,21.858,22.109,22.528,,26.442,,,0.583,1204120.73
600150.SH,2024-12-25,36.25,36.4,35.77,35.95,36.12,-0.17,-0.4707,347346.9,1251784.61,36.034,35.723,35.676,,35.969,35.862,35.899,,47.424,,,0.902,1440322.61
600276.SH,2024-12-25,46.56,47.0,46.33,46.62,46.33,0.29,0.6259,315257.66,1472155.113,46.318,46.538,47.97,,46.432,46.768,47.387,,41.083,,,1.086,-2498590.16
600309.SH,2024-12-25,75.0,75.0,73.04,73.31,74.89,-1.58,-2.1098,186454.31,1368456.218,74.056,74.472,74.259,,74.061,74.235,74.719,,39.412,,,1.657,-1395900.23
600406.SH,2024-12-25,25.24,25.44,24.9,25.0,25.24,-0.24,-0.9509,147308.53,370013.802,24.978,24.754,24.78,,24.942,24.875,25.045,,45.399,,,0.573,-270518.61
600519.SH,2024-12-25,1538.8,1538.8,1526.1,1530.0,1538.82,-8.82,-0.5732,17123.39,2621061.878,1533.656,1540.978,1532.913,,1534.795,1536.497,1538.47,,44.44,,,27.561,58995.49
600690.SH,2024-12-25,29.12,29.26,28.5,28.61,29.15,-0.54,-1.8525,358193.45,1032756.028,28.622,28.611,28.787,,28.685,28.695,28.764,,49.154,,,0.801,3723736.09
600760.SH,2024-12-25,48.56,48.99,47.78,48.17,48.58,-0.41,-0.844,120788.07,583466.715,48.994,49.286,48.904,,48.762,48.971,49.397,,34.782,,,1.552,-1321846.75
600809.SH,2024-12-25,189.99,190.55,187.4,188.88,189.52,-0.64,-0.3377,48710.72,919489.979,190.506,194.738,198.111,,190.742,193.579,198.22,,26.907,,,5.615,-447861.83
600887.SH,2024-12-25,30.1,30.17,29.82,29.93,30.1,-0.17,-0.5648,320484.33,960151.014,29.64,29.61,29.329,,29.756,29.61,29.457,,53.807,,,0.636,713029.58
600900.SH,2024-12-25,29.82,29.93,29.67,29.79,29.81,-0.02,-0.0671,685160.52,2043557.883,29.526,29.272,28.628,,29.573,29.267,28.757,,70.78,,,0.474,4958204.58
601012.SH,2024-12-25,16.65,16.69,16.31,16.36,16.39,-0.03,-0.183,555859.23,914200.229,16.39,16.692,17.363,,16.44,16.709,17.23,,22.036,,,0.499,-4728473.72
601088.SH,2024-12-25,41.82,43.26,41.74,42.9,41.74,1.16,2.7791,283468.79,1210170.702,42.074,42.539,42.012,,42.309,42.297,41.935,,59.098,,,1.123,1875787.76
601127.SH,2024-12-25,131.34,131.93,129.0,129.28,131.34,-2.06,-1.5684,181914.52,2367993.825,130.64,131.094,132.467,,130.498,131.213,131.492,,43.096,,,5.707,-755079.54
601166.SH,2024-12-25,19.01,19.27,18.98,19.19,18.98,0.21,1.1064,745273.77,1428014.497,18.81,18.613,18.49,,18.881,18.711,18.539,,64.595,,,0.317,5418571.53
601211.SH,2024-12-25,18.97,19.05,18.7,19.01,18.95,0.06,0.3166,364256.65,688059.986,18.824,18.898,18.985,,18.886,18.909,19.065,,40.54,,,0.388,1478867.29
601225.SH,2024-12-25,23.31,23.67,23.23,23.45,23.27,0.18,0.7735,385307.27,903924.026,23.698,24.369,24.354,,23.734,24.063,24.13,,41.892,,,0.614,947271.2
601288.SH,2024-12-25,5.26,5.42,5.25,5.31,5.25,0.06,1.1429,5665600.01,3014540.717,5.166,5.117,5.018,,5.203,5.132,5.031,,76.433,,,0.101,66957844.47
601318.SH,2024-12-25,53.81,54.31,53.57,53.9,53.78,0.12,0.2231,417398.96,2249897.99,53.258,53.468,53.881,,53.508,53.574,53.974,,42.607,,,1.065,-3305883.99
601328.SH,2024-12-25,7.74,7.86,7.69,7.74,7.73,0.01,0.1294,1661992.35,1287904.278,7.628,7.523,7.442,,7.648,7.563,7.459,,67.178,,,0.154,12193448.43
601398.SH,2024-12-25,6.77,7.04,6.76,6.94,6.78,0.16,2.3599,6360901.32,4411842.457,6.688,6.588,6.423,,6.74,6.619,6.47,,78.073,,,0.131,31617022.21
601601.SH,2024-12-25,33.9,34.43,33.69,34.0,33.86,0.14,0.4135,251314.6,855366.104,33.506,33.897,34.411,,33.734,33.92,34.26,,43.041,,,0.981,-19162.1
601628.SH,2024-12-25,42.5,43.21,42.24,42.7,42.48,0.22,0.5179,110056.74,470472.117,41.984,42.076,42.503,,42.205,42.233,42.617,,44.154,,,1.338,976346.39
601658.SH,2024-12-25,5.63,5.76,5.61,5.66,5.63,0.03,0.5329,1962038.89,1112011.637,5.546,5.517,5.487,,5.582,5.538,5.473,,65.347,,,0.116,16239267.2
601668.SH,2024-12-25,6.03,6.09,6.02,6.06,6.02,0.04,0.6645,1802799.64,1093189.796,5.992,5.983,6.018,,6.01,6.003,6.016,,50.387,,,0.11,16749042.27
601728.SH,2024-12-25,7.09,7.3,7.08,7.21,7.09,0.12,1.6925,1424793.2,1029908.636,7.1,7.008,6.804,,7.099,7.007,6.873,,70.683,,,0.184,19680537.09
601816.SH,2024-12-25,6.15,6.26,6.15,6.24,6.16,0.08,1.2987,1273499.68,792974.438,6.148,6.188,6.157,,6.179,6.169,6.073,,60.646,,,0.146,9588044.95
601857.SH,2024-12-25,8.76,9.05,8.75,9.02,8.78,0.24,2.7335,2503520.51,2241802.966,8.628,8.531,8.389,,8.72,8.583,8.433,,73.368,,,0.184,15890524.28
601888.SH,2024-12-25,69.58,69.58,68.53,69.2,69.43,-0.23,-0.3313,95209.6,656942.014,69.356,70.529,70.484,,69.513,69.964,70.319,,40.74,,,1.768,-499607.89
601899.SH,2024-12-25,15.63,15.67,15.34,15.52,15.63,-0.11,-0.7038,878541.07,1359933.126,15.4,15.51,15.626,,15.488,15.522,15.618,,44.669,,,0.396,10339624.42
601919.SH,2024-12-25,15.09,15.19,14.97,15.05,15.07,-0.02,-0.1327,750836.69,1132553.348,14.818,14.747,14.381,,14.884,14.734,14.574,,59.564,,,0.351,6269466.27
601985.SH,2024-12-25,10.34,10.49,10.27,10.3,10.36,-0.06,-0.5792,1203812.05,1246743.262,10.134,10.02,9.883,,10.193,10.079,9.975,,59.567,,,0.241,6519045.91
601988.SH,2024-12-25,5.43,5.59,5.42,5.51,5.43,0.08,1.4733,2655333.28,1463543.893,5.358,5.299,5.196,,5.392,5.316,5.211,,79.742,,,0.099,24251581.43
603019.SH,2024-12-25,77.85,80.74,77.68,78.8,76.98,1.82,2.3643,1045982.72,8302291.922,76.872,74.581,76.43,,76.762,75.914,76.104,,50.482,,,3.871,1055170.42
603259.SH,2024-12-25,57.5,58.0,55.5,55.64,56.45,-0.81,-1.4349,382329.54,2161036.321,56.01,56.145,54.864,,56.009,55.886,55.268,,47.954,,,1.713,-933260.74
603501.SH,2024-12-25,102.9,104.5,100.82,101.29,102.79,-1.5,-1.4593,159187.12,1628063.432,102.65,100.824,99.833,,101.838,101.274,101.605,,42.346,,,3.284,-1079931.7
603993.SH,2024-12-25,6.98,6.99,6.85,6.89,6.99,-0.1,-1.4306,894601.47,616825.554,6.93,7.056,7.226,,6.953,7.043,7.177,,31.182,,,0.179,-5053370.14
688008.SH,2024-12-25,72.0,74.08,71.68,72.41,72.18,0.23,0.3186,376690.18,2742000.055,71.764,70.016,69.197,,71.501,70.581,69.812,,51.587,,,3.039,-353539.16
688012.SH,2024-12-25,199.88,202.2,195.55,196.0,199.88,-3.88,-1.9412,79841.22,1584639.799,196.922,196.822,205.651,,197.143,198.977,204.14,,33.156,,,9.229,53746.16
688041.SH,2024-12-25,147.5,161.22,147.5,156.6,140.75,15.85,11.2611,486734.33,7606391.118,138.778,131.093,129.27,,141.365,135.235,131.149,,72.551,,,7.162,1693435.23
688111.SH,2024-12-25,294.59,296.88,285.5,288.33,295.5,-7.17,-2.4264,42245.13,1220642.165,297.688,305.947,304.434,,296.658,301.519,302.594,,43.022,,,16.365,-346442.58
688256.SH,2024-12-25,651.0,666.6,634.03,662.1,659.3,2.8,0.4247,61318.74,3995053.323,656.424,618.991,586.374,,648.83,625.199,586.542,,72.489,,,42.301,565520.44
688981.SH,2024-12-25,96.48,99.8,96.38,97.99,96.86,1.13,1.1666,985329.07,9679610.219,93.95,88.7,88.305,,94.234,91.33,90.397,,59.03,,,4.321,2424464.36
600028.SH,2024-12-26,6.74,6.76,6.62,6.67,6.76,-0.09,-1.3314,1611222.88,1074428.455,6.592,6.518,6.464,,6.621,6.555,6.482,,63.022,0.087,0.061,0.116,15251015.55
600030.SH,2024-12-26,30.09,30.33,29.95,30.15,30.09,0.06,0.1994,811411.98,2447344.066,30.164,30.212,30.688,,30.187,30.327,30.631,,35.796,-0.375,-0.346,0.806,800472.99
600031.SH,2024-12-26,16.36,16.72,16.35,16.7,16.4,0.3,1.8293,594926.58,988384.03,16.39,16.436,16.732,,16.494,16.532,16.787,,41.171,-0.389,-0.457,0.347,-4077004.76
600036.SH,2024-12-26,39.4,39.54,39.01,39.48,39.4,0.08,0.203,539251.94,2125139.425,38.872,38.379,37.929,,39.021,38.618,38.204,,61.761,0.471,0.248,0.725,4273165.68
600050.SH,2024-12-26,5.46,5.46,5.32,5.39,5.44,-0.05,-0.9191,4453455.21,2387697.715,5.352,5.315,5.272,,5.368,5.336,5.321,,55.826,0.003,-0.032,0.164,13201945.37
600104.SH,2024-12-26,18.88,19.28,18.7,18.84,18.85,-0.01,-0.0531,953760.58,1809529.481,18.526,18.518,18.288,,18.64,18.481,18.201,,61.384,0.398,0.427,1.097,4122916.36
600111.SH,2024-12-26,21.5,21.87,21.5,21.67,21.55,0.12,0.5568,174562.58,379012.343,21.798,21.976,22.55,,21.795,22.029,22.446,,28.851,-0.537,-0.476,0.568,1378683.31
600150.SH,2024-12-26,35.88,36.05,35.7,35.8,35.95,-0.15,-0.4172,269353.56,965588.713,35.944,35.74,35.702,,35.913,35.85,35.89,,46.074,-0.142,-0.277,0.863,1170969.05
600276.SH,2024-12-26,46.5,46.54,45.76,46.11,46.62,-0.51,-1.094,255827.87,1178284.148,46.232,46.345,47.79,,46.325,46.648,47.265,,38.234,-0.712,-0.487,1.07,-2754418.03
600309.SH,2024-12-26,73.31,73.4,72.58,73.08,73.31,-0.23,-0.3137,167290.81,1218510.502,73.82,74.145,74.218,,73.734,74.025,74.563,,38.68,-0.795,-0.908,1.597,-1563191.04
600406.SH,2024-12-26,25.01,25.19,24.78,25.06,25.0,0.06,0.24,124647.39,311953.724,24.974,24.755,24.803,,24.981,24.908,25.046,,46.25,-0.3,-0.493,0.561,-145871.22
600519.SH,2024-12-26,1534.0,1538.78,1523.0,1527.79,1530.0,-2.21,-0.1444,18286.51,2798840.003,1529.012,1537.177,1533.402,,1532.46,1534.914,1537.453,,43.924,-3.585,-3.77,26.72,40708.98
600690.SH,2024-12-26,28.65,28.68,28.09,28.47,28.61,-0.14,-0.4893,256118.64,727544.421,28.616,28.496,28.801,,28.613,28.654,28.736,,47.754,-0.071,-0.045,0.786,3467617.45
600760.SH,2024-12-26,49.0,50.67,49.0,49.6,48.17,1.43,2.9687,329022.81,1644262.736,48.986,49.195,48.945,,49.042,49.085,49.416,,42.074,-0.614,-0.853,1.619,-992823.94
600809.SH,2024-12-26,188.88,190.2,187.4,188.93,188.88,0.05,0.0265,30178.67,570676.726,189.646,192.633,197.521,,190.138,192.734,197.335,,27.023,-5.931,-5.488,5.414,-417683.16
600887.SH,2024-12-26,29.93,30.04,29.79,29.97,29.93,0.04,0.1336,272727.09,815551.813,29.76,29.584,29.402,,29.827,29.675,29.506,,54.246,0.201,0.123,0.609,985756.67
600900.SH,2024-12-26,29.79,29.83,29.29,29.32,29.79,-0.47,-1.5777,898845.58,2645228.041,29.538,29.364,28.722,,29.489,29.277,28.811,,60.812,0.621,0.588,0.479,4059359.0
601012.SH,2024-12-26,16.42,16.42,16.13,16.19,16.36,-0.17,-1.0391,582440.75,945650.138,16.304,16.533,17.259,,16.357,16.615,17.131,,20.633,-0.677,-0.62,0.484,-5310914.47
601088.SH,2024-12-26,42.68,43.09,42.1,42.13,42.9,-0.77,-1.7949,221776.71,938499.373,41.978,42.441,42.105,,42.249,42.266,41.954,,53.484,0.578,0.784,1.113,1654011.05
601127.SH,2024-12-26,130.0,136.4,129.36,136.0,129.28,6.72,5.198,477574.58,6413181.621,131.68,131.003,133.306,,132.332,132.083,131.922,,51.86,0.764,1.36,5.808,-277504.96
601166.SH,2024-12-26,19.16,19.25,19.01,19.22,19.19,0.03,0.1563,577985.97,1107808.095,18.946,18.66,18.549,,18.994,18.803,18.604,,65.067,0.24,0.161,0.311,5996557.5
601211.SH,2024-12-26,18.99,19.0,18.87,18.91,19.01,-0.1,-0.526,236093.35,446512.897,18.854,18.846,18.992,,18.894,18.909,19.05,,38.766,-0.223,-0.279,0.371,1242773.94
601225.SH,2024-12-26,23.45,23.49,22.95,22.97,23.45,-0.48,-2.0469,396678.16,917393.159,23.384,24.148,24.335,,23.479,23.864,24.019,,37.549,-0.009,0.341,0.609,550593.04
601288.SH,2024-12-26,5.31,5.33,5.21,5.3,5.31,-0.01,-0.1883,4301401.27,2265639.362,5.218,5.144,5.04,,5.235,5.163,5.057,,75.228,0.138,0.12,0.102,62656443.2
601318.SH,2024-12-26,53.89,53.94,53.36,53.45,53.9,-0.45,-0.8349,379221.7,2031175.519,53.37,53.255,53.895,,53.488,53.551,53.924,,39.94,-0.508,-0.583,1.03,-3685105.69
601328.SH,2024-12-26,7.73,7.74,7.6,7.7,7.74,-0.04,-0.5168,1305292.88,999546.182,7.67,7.548,7.456,,7.666,7.588,7.482,,64.578,0.131,0.101,0.153,10888155.55
601398.SH,2024-12-26,6.94,6.94,6.79,6.93,6.94,-0.01,-0.1441,4872522.64,3343500.772,6.776,6.639,6.46,,6.804,6.676,6.514,,77.272,0.195,0.143,0.133,26744499.57
601601.SH,2024-12-26,33.9,34.15,33.67,34.01,34.0,0.01,0.0294,204208.73,693620.068,33.592,33.739,34.441,,33.826,33.936,34.236,,43.129,-0.321,-0.233,0.945,185046.63
601628.SH,2024-12-26,42.55,42.9,42.29,42.7,42.7,0.0,0.0,74180.07,315937.858,42.17,41.931,42.557,,42.37,42.318,42.625,,44.154,-0.447,-0.58,1.286,976346.39
601658.SH,2024-12-26,5.66,5.67,5.57,5.62,5.66,-0.04,-0.7067,1388718.63,777611.495,5.584,5.525,5.503,,5.595,5.553,5.487,,61.923,0.095,0.096,0.115,14850548.57
601668.SH,2024-12-26,6.06,6.06,6.0,6.02,6.06,-0.04,-0.6601,1307256.05,786664.698,6.002,5.971,6.021,,6.013,6.006,6.017,,47.552,-0.014,-0.019,0.106,15441786.22
601728.SH,2024-12-26,7.23,7.26,7.04,7.23,7.21,0.02,0.2774,1238983.0,886575.053,7.128,7.049,6.843,,7.143,7.048,6.907,,71.282,0.172,0.131,0.187,20919520.09
601816.SH,2024-12-26,6.26,6.27,6.16,6.19,6.24,-0.05,-0.8013,907027.14,562273.568,6.158,6.17,6.18,,6.183,6.173,6.085,,57.584,0.169,0.234,0.143,8681017.81
601857.SH,2024-12-26,9.02,9.02,8.85,8.97,9.02,-0.05,-0.5543,1845506.97,1647425.131,8.738,8.583,8.436,,8.803,8.653,8.484,,70.756,0.205,0.148,0.183,14045017.31
601888.SH,2024-12-26,69.2,69.4,68.73,69.07,69.2,-0.13,-0.1879,93941.14,648303.294,69.164,70.055,70.524,,69.365,69.801,70.2,,40.294,-0.314,0.022,1.69,-593549.03
601899.SH,2024-12-26,15.53,15.73,15.46,15.62,15.52,0.1,0.6443,875092.55,1366286.291,15.46,15.448,15.631,,15.532,15.539,15.618,,46.628,-0.096,-0.102,0.387,11214716.97
601919.SH,2024-12-26,15.08,15.12,14.88,15.1,15.05,0.05,0.3322,719623.61,1081205.861,14.878,14.806,14.458,,14.956,14.801,14.624,,60.391,0.18,0.076,0.343,6989089.88
601985.SH,2024-12-26,10.29,10.32,10.14,10.19,10.3,-0.11,-1.068,1100436.69,1122085.705,10.186,10.059,9.921,,10.192,10.099,9.996,,56.06,0.11,0.051,0.237,5418609.22
601988.SH,2024-12-26,5.51,5.53,5.39,5.5,5.51,-0.01,-0.1815,2366880.16,1293578.859,5.412,5.329,5.219,,5.428,5.349,5.239,,78.463,0.142,0.121,0.102,21884701.27
603019.SH,2024-12-26,77.8,79.99,77.19,79.01,78.8,0.21,0.2665,821766.94,6457465.396,77.422,75.003,76.293,,77.511,76.477,76.381,,50.91,-0.296,-1.032,3.794,1876937.36
603259.SH,2024-12-26,55.27,56.07,55.0,55.51,55.64,-0.13,-0.2336,204622.96,1137236.272,55.93,55.987,55.17,,55.843,55.817,55.291,,47.382,0.96,1.113,1.667,-1137883.7
603501.SH,2024-12-26,101.3,107.27,100.23,106.01,101.29,4.72,4.6599,296258.79,3102540.263,103.198,101.409,100.273,,103.228,102.135,102.025,,53.579,-0.635,-1.999,3.552,-783672.91
603993.SH,2024-12-26,6.88,7.0,6.86,6.95,6.89,0.06,0.8708,936208.36,650081.879,6.918,7.001,7.216,,6.952,7.026,7.156,,34.489,-0.153,-0.118,0.176,-4117161.78
688008.SH,2024-12-26,72.0,80.6,71.49,79.99,72.41,7.58,10.4682,1019007.03,7873027.713,73.604,71.145,69.87,,74.33,72.292,70.782,,66.226,1.48,0.363,3.472,665467.87
688012.SH,2024-12-26,195.0,199.0,193.63,195.91,196.0,-0.09,-0.0459,78749.81,1542567.99,197.128,195.823,204.908,,196.732,198.42,203.356,,33.095,-6.561,-6.492,8.954,-25003.65
688041.SH,2024-12-26,155.0,160.6,154.5,159.18,156.6,2.58,1.6475,361541.65,5704294.979,144.858,134.331,130.928,,147.304,139.589,133.819,,73.854,5.715,1.499,7.086,2054976.88
688111.SH,2024-12-26,289.0,307.7,286.65,298.7,288.33,10.37,3.5966,59164.85,1763725.877,295.596,303.567,304.609,,297.339,301.006,302.224,,48.23,0.911,4.435,16.699,-287277.73
688256.SH,2024-12-26,659.0,661.0,640.98,651.24,662.1,-10.86,-1.6402,64816.92,4219457.591,659.468,626.416,591.634,,649.633,629.933,592.703,,69.129,49.682,46.953,40.788,500703.52
688981.SH,2024-12-26,98.0,98.88,96.15,96.73,97.99,-1.26,-1.2858,711045.86,6914605.464,96.208,89.656,88.788,,95.066,92.312,91.0,,56.409,0.458,-1.982,4.207,1713418.5
600028.SH,2024-12-27,6.66,6.71,6.57,6.65,6.67,-0.02,-0.2999,1320605.97,875399.967,6.646,6.547,6.479,,6.631,6.573,6.498,,61.63,0.09,0.067,0.118,13930409.58
600030.SH,2024-12-27,30.16,30.76,29.92,30.22,30.15,0.07,0.2322,1792644.02,5429064.622,30.14,30.192,30.662,,30.198,30.308,30.591,,36.717,-0.362,-0.349,0.808,2593117.01
600031.SH,2024-12-27,16.71,16.77,16.58,16.63,16.7,-0.07,-0.4192,423688.88,705756.816,16.492,16.443,16.689,,16.54,16.55,16.772,,39.824,-0.356,-0.437,0.336,-4500693.64
600036.SH,2024-12-27,39.48,39.64,38.78,39.34,39.48,-0.14,-0.3546,700319.55,2742768.758,39.158,38.583,38.079,,39.128,38.749,38.313,,60.139,0.506,0.3,0.735,3572846.13
600050.SH,2024-12-27,5.36,5.4,5.34,5.37,5.39,-0.02,-0.3711,2987776.59,1602805.661,5.372,5.33,5.284,,5.369,5.342,5.326,,54.647,0.006,-0.024,0.156,10214168.78
600104.SH,2024-12-27,18.76,20.22,18.38,19.81,18.84,0.97,5.1486,1723468.69,3342922.928,18.85,18.625,18.399,,19.03,18.723,18.354,,66.321,0.477,0.437,1.15,5846385.05
600111.SH,2024-12-27,21.66,21.91,21.59,21.64,21.67,-0.03,-0.1384,218104.24,474353.619,21.716,21.902,22.489,,21.744,21.958,22.37,,28.599,-0.537,-0.489,0.55,1160579.07
600150.SH,2024-12-27,35.7,36.77,35.69,36.44,35.8,0.64,1.7877,692748.14,2523976.739,36.098,35.914,35.758,,36.088,35.958,35.942,,52.312,-0.085,-0.238,0.878,1863717.19
600276.SH,2024-12-27,46.2,46.36,45.9,46.1,46.11,-0.01,-0.0217,212505.38,980779.073,46.202,46.296,47.561,,46.25,46.549,47.154,,38.178,-0.728,-0.535,1.027,-2966923.41
600309.SH,2024-12-27,73.09,73.19,72.41,72.99,73.08,-0.09,-0.1232,166676.0,1213350.092,73.68,73.969,74.152,,73.486,73.837,74.413,,38.379,-0.819,-0.891,1.539,-1729867.04
600406.SH,2024-12-27,24.91,25.18,24.81,25.07,25.06,0.01,0.0399,145782.78,364592.137,25.018,24.816,24.822,,25.011,24.938,25.048,,46.401,-0.263,-0.447,0.548,-88.44
600519.SH,2024-12-27,1528.9,1536.0,1519.5,1528.97,1527.79,1.18,0.0772,20759.32,3170191.445,1530.406,1538.174,1533.564,,1531.296,1533.833,1536.645,,44.296,-3.75,-3.766,25.99,61468.3
600690.SH,2024-12-27,28.48,28.55,28.16,28.43,28.47,-0.04,-0.1405,225756.48,640257.043,28.67,28.499,28.806,,28.552,28.613,28.707,,47.34,-0.086,-0.054,0.758,3241860.97
600760.SH,2024-12-27,52.01,52.5,50.22,50.46,49.6,0.86,1.7339,431817.31,2209956.764,49.06,49.382,48.994,,49.514,49.335,49.516,,45.986,-0.454,-0.773,1.711,-561006.63
600809.SH,2024-12-27,188.66,189.8,187.08,187.79,188.93,-1.14,-0.6034,44708.33,840366.142,188.704,191.468,196.726,,189.355,191.835,196.426,,26.012,-5.945,-5.579,5.221,-462391.49
600887.SH,2024-12-27,29.96,30.21,29.75,30.15,29.97,0.18,0.6006,386790.79,1161393.948,29.95,29.674,29.48,,29.935,29.762,29.567,,56.26,0.229,0.144,0.598,1372547.46
600900.SH,2024-12-27,29.3,29.63,29.17,29.61,29.32,0.29,0.9891,854237.09,2508819.673,29.62,29.453,28.837,,29.529,29.337,28.887,,64.165,0.611,0.593,0.478,4913596.09
601012.SH,2024-12-27,16.23,16.32,16.05,16.15,16.19,-0.04,-0.2471,610830.79,990279.529,16.266,16.446,17.142,,16.288,16.53,17.038,,20.305,-0.675,-0.631,0.468,-5921745.26
601088.SH,2024-12-27,42.18,42.53,41.68,42.19,42.13,0.06,0.1424,186498.27,785971.308,42.148,42.4,42.217,,42.23,42.253,41.976,,53.852,0.537,0.735,1.094,1840509.32
601127.SH,2024-12-27,134.88,136.0,133.4,135.08,136.0,-0.92,-0.6765,287710.2,3873235.835,132.476,131.495,133.98,,133.248,132.628,132.222,,50.709,0.92,1.272,5.579,-565215.16
601166.SH,2024-12-27,19.23,19.35,19.0,19.35,19.22,0.13,0.6764,708824.53,1362339.588,19.112,18.78,18.614,,19.113,18.903,18.675,,67.111,0.27,0.183,0.314,6705382.03
601211.SH,2024-12-27,18.9,19.26,18.89,18.95,18.91,0.04,0.2115,454357.79,866498.28,18.892,18.84,18.993,,18.913,18.916,19.041,,39.899,-0.204,-0.264,0.371,1697131.73
601225.SH,2024-12-27,23.01,23.1,22.38,22.79,22.97,-0.18,-0.7836,549453.21,1243507.921,23.214,23.966,24.307,,23.249,23.669,23.902,,36.041,-0.1,0.253,0.617,1139.83
601288.SH,2024-12-27,5.28,5.33,5.16,5.31,5.3,0.01,0.1887,5136807.13,2697504.399,5.272,5.175,5.065,,5.26,5.189,5.081,,75.641,0.142,0.124,0.107,67793250.33
601318.SH,2024-12-27,53.45,53.75,52.71,53.27,53.45,-0.18,-0.3368,537757.19,2862446.917,53.5,53.208,53.896,,53.416,53.5,53.861,,38.891,-0.497,-0.566,1.031,-4222862.88
601328.SH,2024-12-27,7.69,7.75,7.54,7.71,7.7,0.01,0.1299,1399454.97,1070968.15,7.712,7.588,7.475,,7.68,7.61,7.504,,64.943,0.133,0.107,0.157,12287610.52
601398.SH,2024-12-27,6.89,6.94,6.76,6.92,6.93,-0.01,-0.1443,5107040.6,3503590.982,6.854,6.692,6.498,,6.842,6.72,6.553,,76.427,0.204,0.155,0.136,21637458.97
601601.SH,2024-12-27,33.98,34.34,33.53,34.1,34.01,0.09,0.2646,251907.86,855987.127,33.812,33.705,34.451,,33.917,33.966,34.223,,43.965,-0.292,-0.245,0.935,436954.49
601628.SH,2024-12-27,42.69,43.0,41.83,42.52,42.7,-0.18,-0.4215,104984.81,444626.261,42.388,41.968,42.578,,42.42,42.354,42.615,,43.092,-0.401,-0.544,1.277,871361.58
601658.SH,2024-12-27,5.61,5.65,5.5,5.59,5.62,-0.03,-0.5338,1810841.08,1007967.438,5.618,5.543,5.517,,5.593,5.56,5.497,,59.408,0.092,0.095,0.117,13039707.49
601668.SH,2024-12-27,6.02,6.05,5.98,6.04,6.02,0.02,0.3322,1604348.58,965086.826,6.028,5.98,6.024,,6.022,6.012,6.019,,49.094,-0.01,-0.018,0.104,17046134.8
601728.SH,2024-12-27,7.18,7.26,7.1,7.17,7.23,-0.06,-0.8299,1025015.78,734371.892,7.152,7.087,6.878,,7.152,7.07,6.932,,66.866,0.172,0.139,0.185,19894504.31
601816.SH,2024-12-27,6.21,6.26,6.16,6.23,6.19,0.04,0.6462,884595.91,548743.025,6.192,6.177,6.205,,6.199,6.183,6.098,,59.352,0.161,0.219,0.14,9565613.72
601857.SH,2024-12-27,8.98,9.07,8.81,8.92,8.97,-0.05,-0.5574,1451990.07,1291502.032,8.854,8.647,8.48,,8.842,8.702,8.526,,68.143,0.215,0.161,0.188,12593027.24
601888.SH,2024-12-27,68.91,69.6,68.6,68.88,69.07,-0.19,-0.2751,118695.94,819745.674,69.056,69.813,70.49,,69.204,69.634,70.074,,39.612,-0.371,-0.057,1.641,-712244.97
601899.SH,2024-12-27,15.64,15.69,15.27,15.3,15.62,-0.32,-2.0487,1236416.0,1903734.256,15.516,15.421,15.611,,15.455,15.496,15.588,,41.558,-0.109,-0.103,0.39,9978300.97
601919.SH,2024-12-27,15.09,15.23,14.95,15.2,15.1,0.1,0.6623,978810.24,1479844.395,15.022,14.899,14.538,,15.037,14.873,14.679,,62.063,0.204,0.102,0.338,7967900.12
601985.SH,2024-12-27,10.19,10.41,10.12,10.38,10.19,0.19,1.8646,1505827.05,1548319.293,10.312,10.129,9.969,,10.255,10.15,10.032,,60.397,0.127,0.066,0.241,6924436.27
601988.SH,2024-12-27,5.49,5.54,5.36,5.48,5.5,-0.02,-0.3636,2109121.65,1148479.336,5.456,5.359,5.243,,5.445,5.373,5.262,,75.844,0.144,0.125,0.107,19775579.62
603019.SH,2024-12-27,79.02,79.39,74.59,74.84,79.01,-4.17,-5.2778,1051069.84,8069696.477,77.282,75.294,75.795,,76.621,76.18,76.234,,42.96,-0.422,-0.91,3.866,825867.52
603259.SH,2024-12-27,55.4,55.48,54.32,54.79,55.51,-0.72,-1.2971,320379.05,1756650.116,55.73,55.816,55.402,,55.492,55.631,55.244,,44.231,0.827,1.056,1.633,-1458262.75
603501.SH,2024-12-27,105.9,108.13,105.35,105.7,106.01,-0.31,-0.2924,232282.33,2480212.648,103.536,102.113,100.626,,104.052,102.783,102.375,,52.85,-0.275,-1.655,3.497,-1015955.24
603993.SH,2024-12-27,6.96,7.02,6.82,6.82,6.95,-0.13,-1.8705,1877091.71,1291587.48,6.912,6.961,7.193,,6.908,6.988,7.124,,31.012,-0.161,-0.126,0.178,-5994253.49
688008.SH,2024-12-27,79.66,79.69,75.47,75.48,79.99,-4.51,-5.6382,777580.7,6029331.659,74.196,71.891,70.276,,74.714,72.872,71.229,,55.477,1.661,0.623,3.547,-112112.83
688012.SH,2024-12-27,195.91,204.98,193.31,197.35,195.91,1.44,0.735,155599.32,3111913.22,197.228,195.507,203.675,,196.938,198.225,202.784,,35.129,-6.295,-6.452,9.148,130595.67
688041.SH,2024-12-27,159.18,160.67,154.79,155.05,159.18,-4.13,-2.5945,310318.59,4904550.635,149.656,137.455,132.39,,149.886,142.4,135.841,,68.268,6.648,2.529,7.0,1744658.29
688111.SH,2024-12-27,298.7,311.9,297.8,304.16,298.7,5.46,1.8279,73802.55,2258922.463,295.808,302.602,305.08,,299.612,301.58,302.408,,50.781,1.098,3.768,16.514,-213475.18
688256.SH,2024-12-27,649.75,668.2,648.0,652.1,651.24,0.86,0.1321,63010.0,4151232.803,654.698,634.826,596.19,,650.455,633.964,598.36,,69.251,48.219,47.207,39.318,563713.52
688981.SH,2024-12-27,96.78,102.37,96.49,97.51,96.73,0.78,0.8064,1144716.3,11378943.925,96.854,91.108,89.158,,95.881,93.257,91.62,,57.662,0.88,-1.41,4.327,2858134.8
600028.SH,2024-12-30,6.62,6.74,6.62,6.72,6.65,0.07,1.0526,1392515.89,931609.742,6.682,6.574,6.499,,6.661,6.599,6.52,,64.578,0.096,0.073,0.118,15322925.47
600030.SH,2024-12-30,30.1,30.54,30.0,30.51,30.22,0.29,0.9596,1206691.05,3662919.134,30.258,30.24,30.624,,30.302,30.345,30.584,,40.525,-0.325,-0.344,0.789,3799808.06
600031.SH,2024-12-30,16.6,16.74,16.55,16.68,16.63,0.05,0.3007,418518.28,697067.423,16.564,16.473,16.656,,16.586,16.574,16.763,,41.301,-0.321,-0.414,0.326,-4082175.36
600036.SH,2024-12-30,39.34,39.8,39.25,39.62,39.34,0.28,0.7117,678845.33,2690314.729,39.412,38.771,38.234,,39.292,38.908,38.437,,62.272,0.551,0.35,0.721,4251691.46
600050.SH,2024-12-30,5.35,5.41,5.34,5.41,5.37,0.04,0.7449,3411847.9,1836788.007,5.392,5.346,5.296,,5.382,5.354,5.334,,56.621,0.012,-0.017,0.15,13626016.68
600104.SH,2024-12-30,19.81,21.3,19.41,21.04,19.81,1.23,6.209,1829090.44,3725861.723,19.432,18.906,18.502,,19.7,19.144,18.61,,71.328,0.631,0.476,1.203,7675475.49
600111.SH,2024-12-30,21.66,21.85,21.65,21.78,21.64,0.14,0.647,194409.12,422682.562,21.712,21.873,22.411,,21.756,21.926,22.313,,31.602,-0.52,-0.495,0.526,1354988.19
600150.SH,2024-12-30,36.65,36.94,36.26,36.44,36.44,0.0,0.0,408036.63,1490592.115,36.15,36.079,35.768,,36.206,36.045,35.989,,52.312,-0.039,-0.199,0.864,1863717.19
600276.SH,2024-12-30,46.29,46.76,46.05,46.14,46.1,0.04,0.0868,256266.85,1186680.455,46.26,46.303,47.345,,46.213,46.474,47.057,,38.565,-0.728,-0.574,1.004,-2710656.56
600309.SH,2024-12-30,72.88,73.98,72.65,72.85,72.99,-0.14,-0.1918,186823.66,1364560.297,73.424,73.902,74.026,,73.274,73.657,74.264,,37.887,-0.84,-0.88,1.524,-1916690.7
600406.SH,2024-12-30,25.03,25.48,25.0,25.1,25.07,0.03,0.1197,173392.45,436942.157,25.094,24.918,24.845,,25.041,24.967,25.053,,46.88,-0.229,-0.403,0.543,173304.01
600519.SH,2024-12-30,1533.97,1543.96,1525.0,1525.0,1528.97,-3.97,-0.2597,25129.82,3849542.646,1530.116,1537.954,1533.564,,1529.198,1532.227,1535.536,,43.257,-4.154,-3.844,25.488,36338.48
600690.SH,2024-12-30,28.38,28.82,28.22,28.24,28.43,-0.19,-0.6683,359086.48,1023224.587,28.58,28.502,28.785,,28.448,28.545,28.662,,45.325,-0.112,-0.065,0.747,2882774.49
600760.SH,2024-12-30,50.59,51.4,49.6,50.1,50.46,-0.36,-0.7134,250167.7,1260972.709,49.382,49.448,49.009,,49.71,49.474,49.571,,44.627,-0.353,-0.689,1.717,-811174.33
600809.SH,2024-12-30,188.0,188.83,185.45,185.93,187.79,-1.86,-0.9905,47820.46,891931.31,188.21,190.572,195.949,,188.213,190.761,195.426,,24.407,-6.037,-5.671,5.09,-510211.95
600887.SH,2024-12-30,30.0,30.3,29.9,30.08,30.15,-0.07,-0.2322,338462.35,1018665.822,30.046,29.762,29.543,,29.983,29.82,29.616,,55.241,0.243,0.164,0.584,1034085.11
600900.SH,2024-12-30,29.61,29.83,29.34,29.41,29.61,-0.2,-0.6754,778256.62,2298925.152,29.588,29.466,28.927,,29.489,29.351,28.937,,60.331,0.58,0.59,0.479,4135339.47
601012.SH,2024-12-30,16.17,16.27,16.02,16.24,16.15,0.09,0.5573,572913.61,925326.617,16.266,16.384,17.032,,16.272,16.478,16.962,,23.258,-0.659,-0.637,0.453,-5348831.65
601088.SH,2024-12-30,42.4,43.29,42.4,42.78,42.19,0.59,1.3984,217620.71,932948.66,42.348,42.333,42.375,,42.413,42.348,42.053,,57.418,0.546,0.697,1.095,2058130.03
601127.SH,2024-12-30,136.6,137.78,134.33,134.8,135.08,-0.28,-0.2073,200058.9,2709847.079,133.3,131.905,134.033,,133.765,133.023,132.468,,50.343,1.008,1.219,5.427,-765274.06
601166.SH,2024-12-30,19.36,19.62,19.36,19.55,19.35,0.2,1.0336,724250.39,1413955.42,19.258,18.913,18.682,,19.259,19.02,18.758,,70.017,0.305,0.207,0.311,7429632.42
601211.SH,2024-12-30,18.94,19.23,18.9,19.17,18.95,0.22,1.1609,386514.82,739033.403,18.998,18.87,18.994,,18.999,18.963,19.053,,45.836,-0.169,-0.245,0.368,2083646.55
601225.SH,2024-12-30,22.88,23.45,22.83,23.34,22.79,0.55,2.4133,483413.27,1125004.192,23.164,23.807,24.298,,23.28,23.609,23.849,,43.51,-0.126,0.177,0.62,484553.1
601288.SH,2024-12-30,5.29,5.39,5.28,5.37,5.31,0.06,1.1299,4207177.13,2249306.805,5.308,5.201,5.093,,5.297,5.222,5.108,,78.014,0.148,0.129,0.107,72000427.46
601318.SH,2024-12-30,53.22,53.9,53.21,53.9,53.27,0.63,1.1827,533437.83,2865180.504,53.66,53.286,53.89,,53.577,53.573,53.865,,44.394,-0.432,-0.539,1.007,-3689425.05
601328.SH,2024-12-30,7.68,7.84,7.68,7.82,7.71,0.11,1.4267,1613352.28,1255834.494,7.74,7.628,7.504,,7.727,7.648,7.534,,68.759,0.141,0.114,0.157,13900962.8
601398.SH,2024-12-30,6.88,7.0,6.87,6.95,6.92,0.03,0.4335,4823303.17,3342787.449,6.904,6.734,6.539,,6.878,6.762,6.591,,77.232,0.211,0.166,0.136,26460762.14
601601.SH,2024-12-30,33.92,35.0,33.91,34.63,34.1,0.53,1.5543,373454.95,1295767.326,34.12,33.787,34.452,,34.155,34.087,34.262,,48.745,-0.223,-0.241,0.946,810409.44
601628.SH,2024-12-30,42.48,43.19,42.35,43.03,42.52,0.51,1.1994,125229.9,536352.13,42.686,42.136,42.604,,42.623,42.477,42.654,,46.983,-0.319,-0.499,1.246,996591.48
601658.SH,2024-12-30,5.56,5.71,5.55,5.7,5.59,0.11,1.9678,1920019.02,1084366.355,5.64,5.563,5.534,,5.629,5.585,5.516,,65.017,0.097,0.095,0.12,14959726.51
601668.SH,2024-12-30,6.02,6.1,6.01,6.08,6.04,0.04,0.6623,1858812.05,1126706.632,6.044,5.997,6.026,,6.041,6.024,6.025,,52.126,-0.004,-0.015,0.103,18904946.85
601728.SH,2024-12-30,7.17,7.3,7.15,7.26,7.17,0.09,1.2552,1033541.69,748643.038,7.192,7.115,6.916,,7.188,7.105,6.963,,69.88,0.178,0.147,0.182,20928046.0
601816.SH,2024-12-30,6.25,6.35,6.22,6.28,6.23,0.05,0.8026,1348037.87,847823.901,6.22,6.182,6.217,,6.226,6.201,6.116,,61.512,0.156,0.207,0.14,10913651.59
601857.SH,2024-12-30,8.92,9.08,8.91,9.0,8.92,0.08,0.8969,1459250.07,1311769.433,8.938,8.702,8.529,,8.895,8.756,8.571,,70.049,0.226,0.174,0.187,14052277.31
601888.SH,2024-12-30,68.87,68.87,67.58,68.26,68.88,-0.62,-0.9001,154868.56,1055263.837,68.968,69.459,70.273,,68.889,69.384,69.902,,37.389,-0.462,-0.138,1.616,-867113.53
601899.SH,2024-12-30,15.26,15.72,15.23,15.54,15.3,0.24,1.5686,1524840.72,2365457.326,15.522,15.44,15.61,,15.483,15.504,15.583,,46.276,-0.099,-0.102,0.397,11503141.69
601919.SH,2024-12-30,15.2,15.75,15.2,15.7,15.2,0.5,3.2895,1681689.1,2619632.704,15.224,15.001,14.628,,15.258,15.024,14.776,,69.086,0.261,0.134,0.354,9649589.22
601985.SH,2024-12-30,10.42,10.51,10.25,10.27,10.38,-0.11,-1.0597,1234125.04,1276274.031,10.3,10.158,10.007,,10.26,10.172,10.055,,56.896,0.13,0.079,0.242,5690311.23
601988.SH,2024-12-30,5.46,5.54,5.45,5.53,5.48,0.05,0.9124,1993781.03,1097072.744,5.49,5.386,5.269,,5.473,5.402,5.287,,77.836,0.148,0.13,0.106,21769360.65
603019.SH,2024-12-30,74.84,75.93,73.8,74.04,74.84,-0.8,-1.0689,631855.9,4715865.635,76.734,75.559,75.307,,75.76,75.791,76.025,,41.617,-0.58,-0.844,3.742,194011.62
603259.SH,2024-12-30,54.55,56.4,54.52,56.1,54.79,1.31,2.3909,335452.08,1873917.73,55.698,55.805,55.646,,55.695,55.716,55.325,,50.66,0.818,1.008,1.651,-1122810.67
603501.SH,2024-12-30,105.72,109.8,105.71,108.0,105.7,2.3,2.176,282979.63,3067087.428,104.758,103.152,100.976,,105.368,103.732,102.91,,57.47,0.193,-1.285,3.54,-732975.61
603993.SH,2024-12-30,6.83,6.87,6.77,6.81,6.82,-0.01,-0.1466,1363041.1,928804.212,6.892,6.929,7.16,,6.875,6.956,7.094,,30.755,-0.166,-0.134,0.172,-7357294.59
688008.SH,2024-12-30,73.0,73.55,70.97,71.19,75.48,-4.29,-5.6836,681147.45,4910358.82,74.25,72.115,70.378,,73.539,72.566,71.225,,47.569,1.441,0.786,3.616,-793260.28
688012.SH,2024-12-30,197.4,201.19,196.19,198.0,197.35,0.65,0.3294,85042.94,1686865.139,197.428,196.107,202.575,,197.292,198.184,202.329,,36.073,-5.964,-6.355,8.851,215638.61
688041.SH,2024-12-30,155.0,159.18,151.33,154.0,155.05,-1.05,-0.6772,275322.13,4270340.687,153.116,140.513,133.746,,151.257,144.509,137.57,,66.883,7.219,3.467,7.061,1469336.16
688111.SH,2024-12-30,301.5,303.99,293.97,295.4,304.16,-8.76,-2.8801,44108.19,1311507.467,296.418,301.082,305.116,,298.208,300.456,301.741,,46.797,0.533,3.121,16.062,-257583.37
688256.SH,2024-12-30,655.01,695.88,649.0,683.5,652.1,31.4,4.8152,77958.59,5269180.201,661.648,645.651,602.264,,661.47,642.97,606.469,,73.372,49.028,47.571,39.858,641672.11
688981.SH,2024-12-30,96.6,100.53,96.0,99.29,97.51,1.78,1.8255,906573.04,8950494.606,97.676,92.887,89.648,,97.017,94.354,92.35,,60.456,1.341,-0.86,4.341,3764707.84
600028.SH,2024-12-31,6.7,6.78,6.66,6.68,6.72,-0.04,-0.5952,1708795.98,1149845.139,6.696,6.598,6.516,,6.667,6.614,6.535,,61.662,0.097,0.078,0.118,13614129.49
600030.SH,2024-12-31,30.53,30.57,29.15,29.17,30.51,-1.34,-4.392,1980812.81,5903231.591,30.028,30.134,30.528,,29.925,30.131,30.449,,31.187,-0.398,-0.355,0.834,1818995.25
600031.SH,2024-12-31,16.66,16.75,16.48,16.48,16.68,-0.2,-1.199,515155.64,857354.76,16.578,16.471,16.626,,16.551,16.557,16.736,,37.351,-0.307,-0.392,0.322,-4597331.0
600036.SH,2024-12-31,39.56,39.9,39.3,39.3,39.62,-0.32,-0.8077,643716.99,2549055.494,39.428,38.916,38.343,,39.294,38.979,38.519,,58.424,0.554,0.391,0.713,3607974.47
600050.SH,2024-12-31,5.4,5.44,5.31,5.31,5.41,-0.1,-1.8484,4499626.94,2412493.227,5.384,5.353,5.304,,5.358,5.346,5.332,,50.682,0.009,-0.012,0.149,9126389.74
600104.SH,2024-12-31,20.76,21.3,20.5,20.76,21.04,-0.28,-1.3308,1218398.05,2542318.942,19.86,19.155,18.593,,20.053,19.438,18.815,,68.82,0.722,0.525,1.174,6457077.44
600111.SH,2024-12-31,21.77,21.8,21.22,21.22,21.78,-0.56,-2.5712,273856.76,588309.765,21.572,21.792,22.299,,21.577,21.798,22.209,,26.754,-0.545,-0.505,0.53,1081131.43
600150.SH,2024-12-31,36.31,36.85,35.82,35.96,36.44,-0.48,-1.3172,485962.26,1765248.232,36.118,36.088,35.772,,36.124,36.03,35.987,,47.53,-0.041,-0.167,0.876,1377754.93
600276.SH,2024-12-31,46.13,46.57,45.85,45.9,46.14,-0.24,-0.5202,388165.93,1793640.701,46.174,46.243,47.158,,46.109,46.37,46.947,,37.065,-0.74,-0.607,0.984,-3098822.49
600309.SH,2024-12-31,72.62,72.95,71.34,71.35,72.85,-1.5,-2.059,236275.66,1701804.823,72.716,73.526,73.84,,72.633,73.238,73.987,,32.998,-0.967,-0.898,1.53,-2152966.36
600406.SH,2024-12-31,25.03,25.42,24.9,25.22,25.1,0.12,0.4781,306032.14,771014.965,25.09,24.989,24.855,,25.1,25.013,25.069,,48.85,-0.19,-0.361,0.541,479336.15
600519.SH,2024-12-31,1525.4,1545.0,1522.01,1524.0,1525.0,-1.0,-0.0656,39354.45,6033540.366,1527.152,1534.554,1533.427,,1527.465,1530.731,1534.437,,42.983,-4.502,-3.975,25.309,-3015.97
600690.SH,2024-12-31,28.24,28.74,28.07,28.47,28.24,0.23,0.8144,375771.11,1071439.698,28.444,28.51,28.76,,28.455,28.532,28.644,,48.199,-0.113,-0.075,0.741,3258545.6
600760.SH,2024-12-31,49.9,51.31,49.6,50.72,50.1,0.62,1.2375,317542.1,1604228.898,49.81,49.585,49.117,,50.046,49.701,49.681,,47.503,-0.22,-0.595,1.717,-493632.23
600809.SH,2024-12-31,185.5,188.0,184.1,184.21,185.93,-1.72,-0.9251,61553.68,1145172.716,187.148,189.46,195.151,,186.879,189.57,194.358,,22.995,-6.178,-5.772,5.005,-571765.63
600887.SH,2024-12-31,29.98,30.65,29.96,30.18,30.08,0.1,0.3324,677721.17,2063323.533,30.062,29.819,29.589,,30.049,29.885,29.67,,56.454,0.259,0.183,0.591,1711806.28
600900.SH,2024-12-31,29.4,29.77,29.36,29.55,29.41,0.14,0.476,965370.38,2859607.977,29.536,29.494,29.007,,29.51,29.387,28.995,,62.041,0.56,0.584,0.474,5100709.85
601012.SH,2024-12-31,16.2,16.4,15.7,15.71,16.24,-0.53,-3.2635,871133.89,1390268.494,16.13,16.287,16.893,,16.085,16.338,16.843,,18.833,-0.68,-0.646,0.471,-6219965.54
601088.SH,2024-12-31,42.9,43.97,42.7,43.48,42.78,0.7,1.6363,358716.62,1563375.731,42.696,42.401,42.538,,42.769,42.554,42.189,,61.244,0.602,0.678,1.107,2416846.65
601127.SH,2024-12-31,135.32,136.39,131.4,133.39,134.8,-1.41,-1.046,264686.0,3544296.643,133.71,132.223,133.918,,133.64,133.09,132.556,,48.444,0.954,1.166,5.396,-1029960.06
601166.SH,2024-12-31,19.49,19.6,19.16,19.16,19.55,-0.39,-1.9949,813366.0,1576099.345,19.294,18.993,18.718,,19.226,19.046,18.797,,59.057,0.299,0.226,0.32,6616266.42
601211.SH,2024-12-31,19.18,19.34,18.62,18.65,19.17,-0.52,-2.7126,550548.74,1044759.437,18.938,18.858,18.964,,18.882,18.906,19.015,,36.626,-0.181,-0.233,0.393,1533097.81
601225.SH,2024-12-31,23.25,23.63,23.25,23.26,23.34,-0.08,-0.3428,379943.31,892928.89,23.162,23.603,24.258,,23.273,23.546,23.793,,42.728,-0.151,0.111,0.603,104609.79
601288.SH,2024-12-31,5.37,5.44,5.34,5.34,5.37,-0.03,-0.5587,4630191.01,2495023.167,5.326,5.225,5.115,,5.311,5.244,5.13,,74.127,0.149,0.133,0.106,67370236.45
601318.SH,2024-12-31,53.79,54.02,52.65,52.65,53.9,-1.25,-2.3191,677117.9,3607846.474,53.434,53.25,53.801,,53.268,53.405,53.749,,37.23,-0.476,-0.526,1.033,-4366542.95
601328.SH,2024-12-31,7.8,7.89,7.75,7.77,7.82,-0.05,-0.6394,1438734.95,1125689.751,7.748,7.666,7.525,,7.741,7.67,7.556,,65.281,0.143,0.12,0.156,12462227.85
601398.SH,2024-12-31,6.94,7.03,6.9,6.92,6.95,-0.03,-0.4317,5209801.74,3632600.718,6.932,6.775,6.574,,6.892,6.791,6.622,,74.495,0.211,0.175,0.135,21250960.4
601601.SH,2024-12-31,34.66,34.99,34.08,34.08,34.63,-0.55,-1.5882,370291.75,1282842.09,34.164,33.823,34.381,,34.13,34.086,34.245,,44.503,-0.211,-0.235,0.944,440117.69
601628.SH,2024-12-31,42.94,43.23,41.92,41.92,43.03,-1.11,-2.5796,126236.47,538187.647,42.574,42.173,42.545,,42.389,42.376,42.584,,40.493,-0.34,-0.467,1.251,870355.01
601658.SH,2024-12-31,5.69,5.77,5.68,5.68,5.7,-0.02,-0.3509,2038560.22,1167330.371,5.65,5.583,5.544,,5.646,5.603,5.532,,63.305,0.098,0.096,0.118,12921166.29
601668.SH,2024-12-31,6.07,6.1,6.0,6.0,6.08,-0.08,-1.3158,2076061.08,1256801.864,6.04,6.006,6.022,,6.028,6.02,6.022,,46.199,-0.006,-0.013,0.102,16828885.77
601728.SH,2024-12-31,7.28,7.35,7.22,7.22,7.26,-0.04,-0.551,1024907.12,745617.62,7.218,7.139,6.951,,7.199,7.126,6.988,,66.965,0.177,0.153,0.178,19903138.88
601816.SH,2024-12-31,6.27,6.32,6.16,6.16,6.28,-0.12,-1.9108,1138513.92,710716.9,6.22,6.179,6.215,,6.204,6.193,6.12,,54.084,0.142,0.194,0.141,9775137.67
601857.SH,2024-12-31,9.02,9.05,8.92,8.94,9.0,-0.06,-0.6667,1554073.59,1396986.883,8.97,8.748,8.571,,8.91,8.789,8.606,,66.821,0.228,0.185,0.183,12498203.72
601888.SH,2024-12-31,68.0,68.6,67.0,67.01,68.26,-1.25,-1.8312,136900.35,926572.134,68.484,69.063,70.042,,68.263,68.952,69.626,,33.327,-0.627,-0.236,1.615,-1004013.88
601899.SH,2024-12-31,15.43,15.46,15.12,15.12,15.54,-0.42,-2.7027,1422364.89,2172211.223,15.42,15.407,15.586,,15.362,15.434,15.539,,40.165,-0.123,-0.106,0.398,10080776.8
601919.SH,2024-12-31,15.7,15.79,15.47,15.5,15.7,-0.2,-1.2739,1247410.83,1951037.033,15.31,15.057,14.691,,15.339,15.11,14.845,,63.984,0.287,0.164,0.351,8402178.39
601985.SH,2024-12-31,10.28,10.58,10.26,10.43,10.27,0.16,1.5579,2042768.12,2136919.24,10.314,10.196,10.039,,10.317,10.219,10.091,,60.485,0.144,0.092,0.248,7733079.35
601988.SH,2024-12-31,5.52,5.59,5.5,5.51,5.53,-0.02,-0.3617,2438727.9,1351634.189,5.506,5.409,5.29,,5.486,5.421,5.308,,75.165,0.148,0.134,0.105,19330632.75
603019.SH,2024-12-31,74.17,74.2,72.13,72.32,74.04,-1.72,-2.3231,519071.08,3785160.384,75.802,75.646,75.031,,74.614,75.16,75.672,,38.808,-0.835,-0.842,3.623,-325059.46
603259.SH,2024-12-31,56.08,56.08,55.02,55.04,56.1,-1.06,-1.8895,272688.15,1509924.465,55.416,55.759,55.782,,55.476,55.593,55.298,,46.035,0.717,0.95,1.61,-1395498.82
603501.SH,2024-12-31,107.66,108.5,104.35,104.41,108.0,-3.59,-3.3241,192749.58,2037836.161,105.082,103.843,101.258,,105.049,103.855,103.053,,49.344,0.272,-0.974,3.584,-925725.19
603993.SH,2024-12-31,6.79,6.8,6.65,6.65,6.81,-0.16,-2.3495,1720009.2,1154594.228,6.824,6.887,7.119,,6.8,6.9,7.052,,26.914,-0.181,-0.144,0.171,-9077303.79
688008.SH,2024-12-31,70.94,71.67,67.65,67.9,71.19,-3.29,-4.6214,447348.09,3107495.548,73.394,72.218,70.356,,71.659,71.718,70.909,,42.558,0.991,0.827,3.645,-1240608.37
688012.SH,2024-12-31,197.85,198.5,188.9,189.16,198.0,-8.84,-4.4646,100279.06,1928095.87,195.284,195.933,201.389,,194.581,196.543,201.074,,29.733,-6.341,-6.352,8.905,115359.55
688041.SH,2024-12-31,153.48,154.87,149.58,149.79,154.0,-4.21,-2.7338,224460.78,3396781.825,154.924,143.311,134.967,,150.768,145.469,138.734,,61.495,7.248,4.223,6.934,1244875.38
688111.SH,2024-12-31,295.99,296.99,286.0,286.39,295.4,-9.01,-3.0501,43128.8,1251919.48,294.596,298.707,304.915,,294.269,297.899,300.279,,43.055,-0.635,2.37,15.7,-300712.17
688256.SH,2024-12-31,684.0,688.0,658.0,658.0,683.5,-25.5,-3.7308,70210.55,4694180.548,661.388,654.451,606.665,,660.313,645.703,611.377,,65.673,47.07,47.471,39.154,571461.56
688981.SH,2024-12-31,99.0,99.58,94.59,94.62,99.29,-4.67,-4.7034,878237.97,8446753.613,97.228,94.13,90.018,,96.218,94.402,92.567,,50.956,1.315,-0.425,4.387,2886469.87
600028.SH,2025-01-02,6.67,6.73,6.52,6.56,6.68,-0.12,-1.7964,1719786.77,1136783.089,6.656,6.603,6.52,,6.631,6.604,6.537,,53.812,0.087,0.08,0.125,11894342.72
600030.SH,2025-01-02,28.98,29.0,27.17,27.45,29.17,-1.72,-5.8965,2828487.33,7898902.462,29.5,29.85,30.361,,29.1,29.644,30.163,,23.654,-0.589,-0.402,0.918,-1009492.08
600031.SH,2025-01-02,16.48,16.48,15.69,15.77,16.48,-0.71,-4.3083,853894.28,1368558.133,16.452,16.4,16.569,,16.291,16.414,16.644,,27.351,-0.349,-0.384,0.355,-5451225.28
600036.SH,2025-01-02,39.35,39.5,38.34,38.51,39.3,-0.79,-2.0102,642000.7,2493694.677,39.25,38.915,38.428,,39.033,38.894,38.518,,50.18,0.487,0.41,0.745,2965973.77
600050.SH,2025-01-02,5.31,5.31,4.99,5.02,5.31,-0.29,-5.4614,6316935.35,3236422.041,5.3,5.323,5.295,,5.246,5.287,5.302,,38.176,-0.017,-0.013,0.161,2809454.39
600104.SH,2025-01-02,20.5,20.57,18.81,19.03,20.76,-1.73,-8.3333,1424806.98,2794923.975,19.896,19.16,18.652,,19.712,19.364,18.835,,55.771,0.647,0.549,1.229,5032270.46
600111.SH,2025-01-02,21.23,21.29,20.26,20.49,21.22,-0.73,-3.4402,416255.7,862467.796,21.36,21.632,22.148,,21.215,21.56,22.046,,22.014,-0.617,-0.527,0.565,664875.73
600150.SH,2025-01-02,35.89,36.06,34.28,34.57,35.96,-1.39,-3.8654,609966.32,2135187.507,35.842,35.938,35.71,,35.606,35.764,35.852,,36.985,-0.152,-0.164,0.94,767788.61
600276.SH,2025-01-02,45.88,46.1,44.7,44.95,45.9,-0.95,-2.0697,348132.41,1575496.086,45.84,46.079,46.936,,45.723,46.112,46.757,,31.795,-0.816,-0.649,1.013,-3446954.9
600309.SH,2025-01-02,71.35,71.35,69.4,69.72,71.35,-1.63,-2.2845,257306.89,1802306.993,71.998,73.027,73.656,,71.662,72.598,73.58,,28.668,-1.185,-0.955,1.56,-2410273.25
600406.SH,2025-01-02,25.2,25.25,24.07,24.22,25.22,-1.0,-3.9651,349585.07,853884.318,24.934,24.956,24.822,,24.807,24.869,24.988,,36.652,-0.237,-0.336,0.587,129751.08
600519.SH,2025-01-02,1524.0,1524.49,1480.0,1488.0,1524.0,-36.0,-2.3622,50028.7,7490883.773,1518.752,1526.204,1531.827,,1514.31,1522.962,1530.015,,34.519,-7.596,-4.7,26.679,-53044.67
600690.SH,2025-01-02,28.45,29.04,27.99,28.2,28.47,-0.27,-0.9484,568571.27,1618238.609,28.362,28.492,28.716,,28.37,28.471,28.602,,45.196,-0.133,-0.086,0.763,2689974.33
600760.SH,2025-01-02,50.17,50.17,47.88,48.32,50.72,-2.4,-4.7319,232908.44,1135047.342,49.84,49.417,49.148,,49.471,49.45,49.551,,39.048,-0.304,-0.537,1.797,-726540.67
600809.SH,2025-01-02,183.25,184.0,177.0,177.98,184.21,-6.23,-3.382,89257.01,1600761.357,184.968,187.737,194.069,,183.913,187.463,192.798,,18.76,-6.715,-5.961,5.162,-661022.64
600887.SH,2025-01-02,30.1,30.48,29.36,29.56,30.18,-0.62,-2.0543,545479.78,1631435.516,29.988,29.814,29.612,,29.886,29.826,29.659,,47.806,0.22,0.191,0.629,1166326.5
600900.SH,2025-01-02,29.51,29.73,29.08,29.2,29.55,-0.35,-1.1844,1041220.08,3057996.06,29.418,29.472,29.044,,29.406,29.353,29.015,,55.589,0.51,0.569,0.486,4059489.77
601012.SH,2025-01-02,15.7,15.8,15.3,15.43,15.71,-0.28,-1.7823,828253.07,1287616.503,15.944,16.167,16.768,,15.866,16.173,16.708,,16.994,-0.712,-0.659,0.473,-7048218.61
601088.SH,2025-01-02,43.34,43.99,42.3,42.59,43.48,-0.89,-2.0469,303613.75,1306206.673,42.634,42.354,42.562,,42.709,42.561,42.227,,54.535,0.568,0.656,1.149,2113232.9
601127.SH,2025-01-02,131.66,131.95,127.77,128.54,133.39,-4.85,-3.636,311939.07,4042933.703,133.562,132.101,133.504,,131.94,132.263,132.173,,42.508,0.514,1.036,5.412,-1341899.13
601166.SH,2025-01-02,19.21,19.35,18.83,18.92,19.16,-0.24,-1.2526,951277.2,1813631.03,19.24,19.025,18.743,,19.124,19.023,18.808,,53.506,0.271,0.235,0.334,5664989.22
601211.SH,2025-01-02,18.54,18.56,17.65,17.77,18.65,-0.88,-4.7185,608565.27,1100098.952,18.69,18.757,18.904,,18.512,18.699,18.896,,26.809,-0.259,-0.238,0.436,924532.54
601225.SH,2025-01-02,23.38,23.78,23.11,23.12,23.26,-0.14,-0.6019,361110.21,843344.552,23.096,23.397,24.168,,23.222,23.468,23.729,,41.329,-0.18,0.053,0.608,-256500.42
601288.SH,2025-01-02,5.34,5.4,5.17,5.2,5.34,-0.14,-2.6217,6404374.45,3368830.351,5.304,5.235,5.13,,5.274,5.236,5.137,,59.282,0.136,0.134,0.115,60965862.0
601318.SH,2025-01-02,52.7,52.73,50.39,50.71,52.65,-1.94,-3.6847,948579.17,4877807.223,52.796,53.027,53.64,,52.415,52.915,53.46,,29.321,-0.659,-0.553,1.126,-5315122.12
601328.SH,2025-01-02,7.78,7.84,7.5,7.53,7.77,-0.24,-3.0888,2051511.94,1566422.871,7.706,7.667,7.533,,7.671,7.645,7.554,,51.748,0.123,0.12,0.169,10410715.91
601398.SH,2025-01-02,6.91,6.98,6.76,6.8,6.92,-0.12,-1.7341,5314824.65,3636887.2,6.904,6.796,6.602,,6.861,6.792,6.639,,64.629,0.2,0.18,0.141,15936135.75
601601.SH,2025-01-02,34.09,34.09,32.13,32.29,34.08,-1.79,-5.2523,449626.69,1487202.964,33.822,33.664,34.244,,33.517,33.759,34.059,,34.1,-0.342,-0.256,1.016,-9509.0
601628.SH,2025-01-02,41.81,41.92,39.5,39.82,41.92,-2.1,-5.0095,180369.71,730555.023,41.998,41.991,42.411,,41.533,41.911,42.321,,31.6,-0.52,-0.478,1.334,689985.3
601658.SH,2025-01-02,5.68,5.76,5.51,5.52,5.68,-0.16,-2.8169,1919775.79,1076430.203,5.622,5.584,5.546,,5.604,5.588,5.531,,51.594,0.085,0.094,0.128,11001390.5
601668.SH,2025-01-02,6.01,6.03,5.79,5.82,6.0,-0.18,-3.0,3008804.57,1772769.188,5.992,5.992,6.01,,5.958,5.984,6.003,,36.22,-0.022,-0.015,0.112,13820081.2
601728.SH,2025-01-02,7.22,7.28,7.03,7.11,7.22,-0.11,-1.5235,1737024.97,1236590.567,7.198,7.149,6.973,,7.169,7.123,6.999,,59.6,0.166,0.156,0.184,18166113.91
601816.SH,2025-01-02,6.17,6.21,5.98,6.03,6.16,-0.13,-2.1104,1318145.53,801010.074,6.178,6.163,6.206,,6.146,6.164,6.111,,47.406,0.118,0.178,0.147,8456992.14
601857.SH,2025-01-02,8.91,9.01,8.73,8.77,8.94,-0.17,-1.9016,1849814.42,1636853.877,8.92,8.774,8.588,,8.863,8.786,8.622,,58.583,0.213,0.19,0.19,10648389.3
601888.SH,2025-01-02,67.03,67.19,64.33,64.7,67.01,-2.31,-3.4472,186711.66,1227701.233,67.584,68.47,69.773,,67.075,68.179,69.157,,27.403,-0.933,-0.375,1.704,-1190725.54
601899.SH,2025-01-02,15.2,15.48,15.0,15.18,15.12,0.06,0.3968,1990530.77,3037419.314,15.352,15.376,15.554,,15.301,15.388,15.505,,41.356,-0.136,-0.112,0.404,12071307.57
601919.SH,2025-01-02,15.55,15.67,14.94,15.03,15.5,-0.47,-3.0323,1437508.48,2194344.502,15.306,15.062,14.733,,15.236,15.096,14.863,,53.907,0.266,0.185,0.378,6964669.91
601985.SH,2025-01-02,10.4,10.49,10.12,10.15,10.43,-0.28,-2.6846,1710085.82,1765127.247,10.284,10.209,10.055,,10.261,10.206,10.096,,52.281,0.131,0.1,0.256,6022993.53
601988.SH,2025-01-02,5.51,5.56,5.33,5.37,5.51,-0.14,-2.5408,2678095.57,1454224.689,5.478,5.418,5.303,,5.447,5.412,5.314,,59.72,0.135,0.134,0.114,16652537.18
603019.SH,2025-01-02,72.2,72.2,67.01,67.95,72.32,-4.37,-6.0426,898994.66,6216552.575,73.632,75.252,74.528,,72.392,73.849,74.937,,32.759,-1.373,-0.948,3.743,-1224054.12
603259.SH,2025-01-02,55.03,55.29,52.7,53.06,55.04,-1.98,-3.5974,350818.13,1886594.13,54.9,55.455,55.861,,54.671,55.132,55.085,,38.894,0.472,0.854,1.68,-1746316.95
603501.SH,2025-01-02,104.4,104.93,98.99,100.58,104.41,-3.83,-3.6682,209140.25,2132763.511,104.94,103.795,101.37,,103.559,103.26,102.818,,42.448,0.024,-0.774,3.752,-1134865.44
603993.SH,2025-01-02,6.66,6.75,6.55,6.58,6.65,-0.07,-1.0526,1846091.45,1230142.674,6.762,6.846,7.072,,6.727,6.842,7.007,,25.419,-0.196,-0.154,0.173,-10923395.24
688008.SH,2025-01-02,67.83,68.39,65.3,65.93,67.9,-1.97,-2.9013,357590.6,2383660.096,72.098,71.931,70.262,,69.75,70.665,70.435,,39.851,0.469,0.756,3.605,-1598198.97
688012.SH,2025-01-02,188.81,188.87,178.65,180.9,189.16,-8.26,-4.3667,113828.9,2079401.916,192.264,194.593,199.748,,190.021,193.699,199.153,,25.265,-7.223,-6.526,9.019,1530.65
688041.SH,2025-01-02,148.3,149.47,137.41,139.08,149.79,-10.71,-7.15,386445.94,5449063.43,151.42,145.099,135.477,,146.872,144.308,138.767,,50.378,6.334,4.645,7.323,858429.44
688111.SH,2025-01-02,285.0,286.0,264.2,266.66,286.39,-19.73,-6.8892,77019.59,2092912.594,290.262,293.975,303.883,,285.066,292.219,297.077,,36.224,-3.116,1.272,16.163,-377731.76
688256.SH,2025-01-02,653.01,665.0,630.0,645.62,658.0,-12.38,-1.8815,79753.82,5128937.886,658.092,657.258,611.316,,655.416,645.688,614.638,,62.258,44.011,46.779,38.857,491707.74
688981.SH,2025-01-02,93.81,95.09,88.5,89.96,94.62,-4.66,-4.925,849710.56,7762894.946,95.622,94.786,90.132,,94.132,93.595,92.318,,43.594,0.908,-0.158,4.545,2036759.31
600028.SH,2025-01-03,6.58,6.65,6.54,6.57,6.56,0.01,0.1524,1621873.13,1071128.87,6.636,6.614,6.529,,6.611,6.598,6.54,,54.333,0.079,0.079,0.124,13516215.85
600030.SH,2025-01-03,27.34,27.57,26.84,26.97,27.45,-0.48,-1.7486,1839546.08,4998126.763,28.864,29.514,30.164,,28.39,29.157,29.859,,22.053,-0.77,-0.475,0.904,-2849038.16
600031.SH,2025-01-03,15.85,16.0,15.55,15.6,15.77,-0.17,-1.078,534033.71,842151.57,16.232,16.311,16.508,,16.06,16.266,16.545,,25.585,-0.391,-0.385,0.362,-5985258.99
600036.SH,2025-01-03,38.6,39.04,38.54,38.66,38.51,0.15,0.3895,682583.06,2646967.329,39.086,38.979,38.516,,38.909,38.851,38.532,,51.578,0.44,0.416,0.729,3648556.83
600050.SH,2025-01-03,5.01,5.03,4.88,4.92,5.02,-0.1,-1.992,3751283.7,1855921.731,5.206,5.279,5.282,,5.137,5.22,5.266,,34.972,-0.045,-0.019,0.16,-941829.31
600104.SH,2025-01-03,18.86,19.06,18.0,18.01,19.03,-1.02,-5.36,1080534.46,1991768.794,19.73,19.128,18.638,,19.145,19.118,18.757,,49.779,0.499,0.539,1.217,3951736.0
600111.SH,2025-01-03,20.56,21.03,20.25,20.33,20.49,-0.16,-0.7809,362199.99,747913.529,21.092,21.445,22.01,,20.92,21.336,21.882,,21.13,-0.68,-0.558,0.581,302675.74
600150.SH,2025-01-03,34.48,34.57,33.58,33.73,34.57,-0.84,-2.4299,450413.1,1534505.131,35.428,35.686,35.62,,34.981,35.394,35.65,,32.319,-0.305,-0.192,0.944,317375.51
600276.SH,2025-01-03,45.0,45.17,44.16,44.36,44.95,-0.59,-1.3126,273873.2,1223704.155,45.49,45.861,46.707,,45.268,45.793,46.529,,29.034,-0.913,-0.702,1.013,-3720828.1
600309.SH,2025-01-03,69.72,71.14,69.7,70.09,69.72,0.37,0.5307,177043.91,1245937.844,71.4,72.61,73.544,,71.138,72.142,73.248,,30.885,-1.313,-1.027,1.552,-2233229.34
600406.SH,2025-01-03,24.15,24.44,23.78,23.86,24.22,-0.36,-1.4864,200125.27,481907.684,24.694,24.834,24.786,,24.491,24.686,24.881,,33.417,-0.3,-0.329,0.592,-70374.19
600519.SH,2025-01-03,1494.5,1494.99,1467.01,1475.0,1488.0,-13.0,-0.8737,32628.36,4836610.288,1508.194,1518.603,1530.027,,1501.207,1514.242,1524.775,,32.063,-10.97,-5.954,26.772,-85673.03
600690.SH,2025-01-03,28.15,28.55,27.52,27.6,28.2,-0.6,-2.1277,428371.73,1195989.557,28.188,28.402,28.667,,28.113,28.313,28.506,,39.332,-0.196,-0.108,0.782,2261602.6
600760.SH,2025-01-03,48.03,48.33,46.21,46.34,48.32,-1.98,-4.0977,183708.31,867150.404,49.188,49.087,49.058,,48.427,48.884,49.245,,33.716,-0.525,-0.534,1.82,-910248.98
600809.SH,2025-01-03,178.0,180.58,177.0,178.0,177.98,0.02,0.0112,56723.56,1014909.815,182.782,186.214,193.03,,181.942,185.742,191.389,,18.812,-7.057,-6.18,5.049,-604299.08
600887.SH,2025-01-03,29.5,29.73,29.2,29.3,29.56,-0.26,-0.8796,409097.46,1206201.912,29.854,29.807,29.634,,29.691,29.73,29.625,,44.712,0.165,0.185,0.622,757229.04
600900.SH,2025-01-03,29.21,29.43,28.85,29.0,29.2,-0.2,-0.6849,946322.86,2753136.714,29.354,29.446,29.079,,29.271,29.289,29.013,,52.246,0.449,0.545,0.493,3113166.91
601012.SH,2025-01-03,15.43,15.56,14.97,15.0,15.43,-0.43,-2.7868,722007.23,1101114.343,15.706,16.005,16.621,,15.578,15.96,16.545,,14.63,-0.763,-0.68,0.481,-7770225.84
601088.SH,2025-01-03,42.92,43.01,41.97,42.07,42.59,-0.52,-1.2209,240857.02,1020680.626,42.622,42.3,42.57,,42.496,42.471,42.212,,51.018,0.494,0.624,1.141,1872375.88
601127.SH,2025-01-03,128.88,129.16,124.85,124.98,128.54,-3.56,-2.7696,272432.14,3448949.907,131.358,131.519,132.754,,129.62,130.938,131.488,,38.753,-0.121,0.804,5.333,-1614331.27
601166.SH,2025-01-03,18.93,19.15,18.8,18.92,18.92,0.0,0.0,736913.2,1396707.839,19.18,19.063,18.776,,19.056,19.004,18.819,,53.506,0.247,0.237,0.335,5664989.22
601211.SH,2025-01-03,17.87,17.94,17.42,17.57,17.77,-0.2,-1.1255,428045.44,757054.324,18.422,18.638,18.827,,18.198,18.494,18.77,,25.159,-0.333,-0.257,0.442,496487.1
601225.SH,2025-01-03,23.26,23.73,23.13,23.53,23.12,0.41,1.7734,407307.16,956407.473,23.208,23.296,24.097,,23.325,23.48,23.71,,46.821,-0.169,0.009,0.608,150806.74
601288.SH,2025-01-03,5.19,5.23,5.1,5.15,5.2,-0.05,-0.9615,5330975.69,2745987.063,5.274,5.246,5.141,,5.233,5.22,5.138,,55.042,0.121,0.131,0.116,55634886.31
601318.SH,2025-01-03,51.0,51.09,50.08,50.3,50.71,-0.41,-0.8085,551351.85,2788346.287,52.166,52.768,53.471,,51.71,52.44,53.159,,27.969,-0.828,-0.608,1.118,-5866473.97
601328.SH,2025-01-03,7.56,7.6,7.41,7.43,7.53,-0.1,-1.328,1548186.5,1157196.373,7.652,7.661,7.539,,7.591,7.606,7.542,,47.344,0.098,0.116,0.171,8862529.41
601398.SH,2025-01-03,6.81,6.83,6.62,6.71,6.8,-0.09,-1.3235,5210739.86,3493034.297,6.86,6.818,6.624,,6.811,6.777,6.646,,58.384,0.181,0.18,0.146,10725395.89
601601.SH,2025-01-03,32.31,32.43,31.6,31.65,32.29,-0.64,-1.982,330076.0,1056465.023,33.35,33.471,34.105,,32.894,33.376,33.829,,31.285,-0.491,-0.303,1.003,-339585.0
601628.SH,2025-01-03,39.82,40.0,39.07,39.32,39.82,-0.5,-1.2557,126120.11,497482.935,41.322,41.746,42.27,,40.795,41.44,42.035,,29.916,-0.695,-0.521,1.305,563865.19
601658.SH,2025-01-03,5.54,5.57,5.44,5.49,5.52,-0.03,-0.5435,1787648.14,984008.383,5.596,5.59,5.546,,5.566,5.57,5.527,,49.737,0.072,0.089,0.128,9213742.36
601668.SH,2025-01-03,5.82,5.88,5.76,5.78,5.82,-0.04,-0.6873,1842138.07,1070904.132,5.944,5.973,5.998,,5.899,5.947,5.982,,34.44,-0.037,-0.019,0.113,11977943.13
601728.SH,2025-01-03,7.11,7.18,6.94,7.01,7.11,-0.1,-1.4065,1263160.39,887517.364,7.154,7.141,6.993,,7.116,7.102,7.0,,53.807,0.147,0.154,0.188,16902953.52
601816.SH,2025-01-03,6.05,6.07,5.91,5.96,6.03,-0.07,-1.1609,986465.07,590616.479,6.132,6.145,6.194,,6.084,6.127,6.097,,44.239,0.093,0.161,0.148,7470527.07
601857.SH,2025-01-03,8.81,8.95,8.8,8.85,8.77,0.08,0.9122,1789653.1,1589925.43,8.896,8.817,8.616,,8.859,8.798,8.643,,61.018,0.205,0.193,0.189,12438042.4
601888.SH,2025-01-03,64.99,65.2,62.76,62.83,64.7,-1.87,-2.8903,153837.69,979895.136,66.336,67.75,69.42,,65.66,67.207,68.554,,23.726,-1.312,-0.563,1.757,-1344563.23
601899.SH,2025-01-03,15.3,15.92,15.27,15.57,15.18,0.39,2.5692,3124884.66,4898067.955,15.342,15.401,15.559,,15.391,15.421,15.511,,48.53,-0.113,-0.112,0.428,15196192.23
601919.SH,2025-01-03,15.1,15.29,14.9,14.96,15.03,-0.07,-0.4657,1034909.08,1561279.746,15.278,15.078,14.778,,15.144,15.071,14.872,,52.579,0.241,0.196,0.379,5929760.83
601985.SH,2025-01-03,10.21,10.29,9.99,10.02,10.15,-0.13,-1.2808,1184430.28,1195569.607,10.25,10.218,10.067,,10.181,10.172,10.089,,48.961,0.109,0.102,0.26,4838563.25
601988.SH,2025-01-03,5.37,5.4,5.26,5.35,5.37,-0.02,-0.3724,2301716.36,1226436.845,5.448,5.43,5.316,,5.415,5.401,5.318,,57.89,0.122,0.131,0.116,14350820.82
603019.SH,2025-01-03,67.42,67.79,64.78,64.82,67.95,-3.13,-4.6063,683664.9,4506798.041,70.794,74.108,73.972,,69.868,72.207,73.973,,29.243,-2.029,-1.164,3.702,-1907719.02
603259.SH,2025-01-03,53.05,53.58,52.21,52.37,53.06,-0.69,-1.3004,257327.36,1362899.26,54.272,55.101,55.909,,53.904,54.63,54.826,,36.754,0.219,0.727,1.658,-2003644.31
603501.SH,2025-01-03,100.95,101.27,98.11,98.5,100.58,-2.08,-2.068,159312.69,1588228.432,103.438,103.318,101.409,,101.873,102.394,102.407,,39.24,-0.335,-0.686,3.71,-1294178.13
603993.SH,2025-01-03,6.61,6.97,6.61,6.77,6.58,0.19,2.8875,3284324.88,2243092.889,6.726,6.822,7.042,,6.741,6.829,6.984,,35.841,-0.191,-0.161,0.189,-7639070.36
688008.SH,2025-01-03,66.23,67.28,65.08,65.52,65.93,-0.41,-0.6219,295377.25,1955964.029,69.204,71.404,70.122,,68.34,69.73,69.966,,39.291,0.022,0.609,3.505,-1893576.22
688012.SH,2025-01-03,181.18,184.85,179.77,181.53,180.9,0.63,0.3483,89111.93,1624494.889,189.388,193.258,198.201,,187.191,191.487,197.475,,26.176,-7.782,-6.777,8.738,90642.58
688041.SH,2025-01-03,139.39,139.8,135.58,135.61,139.08,-3.47,-2.495,199195.39,2741766.652,146.706,145.782,135.856,,143.118,142.726,138.466,,47.388,5.269,4.77,7.101,659234.05
688111.SH,2025-01-03,266.66,269.2,261.61,261.68,266.66,-4.98,-1.8675,43050.0,1141433.953,282.858,289.227,301.867,,277.271,286.666,293.706,,34.727,-5.422,-0.067,15.551,-420781.76
688256.SH,2025-01-03,639.89,644.99,616.16,621.0,645.62,-24.62,-3.8134,66152.37,4164652.837,652.044,655.756,613.86,,643.944,641.199,615.244,,56.018,39.149,45.253,38.186,425555.37
688981.SH,2025-01-03,90.1,91.13,87.53,88.31,89.96,-1.65,-1.8341,612889.81,5452105.981,93.938,95.073,90.197,,92.191,92.634,91.937,,41.318,0.447,-0.037,4.477,1423869.5
600028.SH,2025-01-06,6.59,6.61,6.47,6.56,6.57,-0.01,-0.1522,1294696.08,845595.926,6.618,6.632,6.536,,6.594,6.591,6.542,,53.68,0.071,0.078,0.125,12221519.77
600030.SH,2025-01-06,26.8,27.11,26.52,27.06,26.97,0.09,0.3337,1236877.1,3329164.147,28.232,29.186,29.955,,27.947,28.776,29.593,,23.104,-0.895,-0.559,0.882,-1612161.06
600031.SH,2025-01-06,15.6,15.71,15.42,15.58,15.6,-0.02,-0.1282,454873.82,707452.833,16.022,16.257,16.442,,15.9,16.141,16.453,,25.377,-0.421,-0.392,0.357,-6440132.81
600036.SH,2025-01-06,38.9,39.1,38.13,39.05,38.66,0.39,1.0088,617158.63,2394244.404,39.028,39.093,38.583,,38.956,38.887,38.581,,55.103,0.43,0.419,0.747,4265715.46
600050.SH,2025-01-06,4.91,4.91,4.79,4.86,4.92,-0.06,-1.2195,3178947.29,1540996.524,5.104,5.238,5.265,,5.045,5.155,5.227,,33.173,-0.071,-0.03,0.158,-4120776.6
600104.SH,2025-01-06,17.9,18.61,17.74,17.87,18.01,-0.14,-0.7773,782386.58,1419052.07,19.342,19.096,18.644,,18.72,18.891,18.672,,49.0,0.367,0.505,1.192,3169349.42
600111.SH,2025-01-06,20.27,21.25,20.26,20.82,20.33,0.49,2.4102,483941.1,1009227.462,20.928,21.322,21.893,,20.887,21.242,21.781,,30.351,-0.681,-0.583,0.61,786616.84
600150.SH,2025-01-06,33.58,34.05,32.77,33.08,33.73,-0.65,-1.9271,433308.77,1442474.018,34.756,35.427,35.497,,34.347,34.974,35.405,,29.244,-0.474,-0.249,0.968,-115933.26
600276.SH,2025-01-06,44.75,45.11,44.38,45.01,44.36,0.65,1.4653,301481.16,1351231.04,45.272,45.737,46.481,,45.182,45.651,46.384,,35.663,-0.928,-0.747,0.994,-3419346.94
600309.SH,2025-01-06,70.12,70.71,69.68,70.26,70.09,0.17,0.2425,143874.06,1008441.515,70.854,72.267,73.375,,70.845,71.8,72.963,,31.932,-1.384,-1.098,1.514,-2089355.28
600406.SH,2025-01-06,24.05,24.15,23.63,23.79,23.86,-0.07,-0.2934,193496.89,461225.193,24.438,24.728,24.732,,24.258,24.523,24.777,,32.811,-0.352,-0.333,0.587,-263871.08
600519.SH,2025-01-06,1453.0,1462.66,1432.8,1440.0,1475.0,-35.0,-2.3729,44255.12,6392479.712,1490.4,1510.403,1525.976,,1480.804,1500.743,1516.701,,26.581,-16.28,-8.019,27.874,-129928.15
600690.SH,2025-01-06,27.52,27.96,27.28,27.68,27.6,0.08,0.2899,321475.11,887847.93,28.038,28.354,28.588,,27.969,28.198,28.428,,40.442,-0.236,-0.134,0.775,2583077.71
600760.SH,2025-01-06,46.34,46.67,44.91,45.75,46.34,-0.59,-1.2732,137919.76,631683.496,48.246,48.653,48.922,,47.535,48.314,48.913,,32.3,-0.739,-0.575,1.816,-1048168.74
600809.SH,2025-01-06,176.09,177.7,172.5,174.2,178.0,-3.8,-2.1348,69795.37,1220052.716,180.064,184.384,191.74,,179.361,183.644,189.752,,16.645,-7.548,-6.454,5.082,-674094.45
600887.SH,2025-01-06,29.25,29.38,28.8,29.04,29.3,-0.26,-0.8874,379349.01,1102617.592,29.632,29.791,29.624,,29.474,29.605,29.569,,41.799,0.1,0.168,0.619,377880.03
600900.SH,2025-01-06,29.1,29.1,28.51,28.89,29.0,-0.11,-0.3793,794674.26,2286573.074,29.21,29.415,29.115,,29.144,29.216,29.002,,50.449,0.388,0.514,0.5,2318492.65
601012.SH,2025-01-06,15.0,15.28,14.91,15.17,15.0,0.17,1.1333,648292.29,979232.009,15.51,15.888,16.487,,15.442,15.816,16.414,,19.402,-0.781,-0.7,0.473,-7121933.55
601088.SH,2025-01-06,42.2,42.33,41.42,41.81,42.07,-0.26,-0.618,215897.23,902132.666,42.546,42.347,42.543,,42.267,42.351,42.174,,49.306,0.41,0.581,1.125,1656478.65
601127.SH,2025-01-06,125.13,126.95,121.26,124.0,124.98,-0.98,-0.7841,259162.47,3222245.715,129.142,130.809,132.035,,127.747,129.677,130.775,,37.765,-0.695,0.504,5.359,-1873493.74
601166.SH,2025-01-06,19.01,19.25,18.7,19.21,18.92,0.29,1.5328,844270.52,1607370.452,19.152,19.132,18.812,,19.107,19.042,18.856,,58.917,0.248,0.239,0.351,6509259.74
601211.SH,2025-01-06,17.46,17.62,17.3,17.55,17.57,-0.02,-0.1138,292253.62,511008.219,18.142,18.517,18.74,,17.982,18.322,18.654,,24.993,-0.389,-0.283,0.433,204233.48
601225.SH,2025-01-06,23.52,23.52,22.82,23.16,23.53,-0.37,-1.5725,326325.97,756968.496,23.282,23.248,24.015,,23.27,23.421,23.657,,42.917,-0.187,-0.03,0.615,-175519.23
601288.SH,2025-01-06,5.16,5.21,5.05,5.19,5.15,0.04,0.7767,4945205.58,2545070.499,5.25,5.261,5.153,,5.219,5.215,5.143,,57.652,0.111,0.127,0.119,60580091.89
601318.SH,2025-01-06,50.55,50.62,49.83,50.34,50.3,0.04,0.0795,413489.51,2077171.909,51.58,52.54,53.232,,51.253,52.058,52.891,,28.316,-0.948,-0.676,1.094,-5452984.46
601328.SH,2025-01-06,7.49,7.49,7.28,7.41,7.43,-0.02,-0.2692,1833891.42,1353335.539,7.592,7.652,7.541,,7.53,7.57,7.529,,46.491,0.076,0.108,0.173,7028637.99
601398.SH,2025-01-06,6.71,6.78,6.59,6.75,6.71,0.04,0.5961,4742246.52,3180308.148,6.826,6.84,6.646,,6.791,6.772,6.656,,60.224,0.168,0.178,0.149,15467642.41
601601.SH,2025-01-06,31.74,31.85,31.18,31.71,31.65,0.06,0.1896,227772.12,719309.787,32.872,33.342,33.905,,32.5,33.073,33.627,,31.853,-0.598,-0.362,0.979,-111812.88
601628.SH,2025-01-06,39.44,39.66,38.88,39.18,39.32,-0.14,-0.3561,99282.96,389094.333,40.654,41.521,42.041,,40.257,41.029,41.763,,29.442,-0.836,-0.584,1.268,464582.23
601658.SH,2025-01-06,5.5,5.6,5.43,5.55,5.49,0.06,1.0929,1666930.3,919091.456,5.588,5.603,5.546,,5.561,5.566,5.529,,53.354,0.065,0.084,0.131,10880672.66
601668.SH,2025-01-06,5.81,5.82,5.66,5.74,5.78,-0.04,-0.692,1764205.74,1011439.607,5.884,5.956,5.982,,5.846,5.909,5.959,,32.709,-0.051,-0.026,0.116,10213737.39
601728.SH,2025-01-06,6.98,7.04,6.9,7.0,7.01,-0.01,-0.1427,978664.81,682092.323,7.12,7.136,7.011,,7.077,7.084,7.0,,53.25,0.13,0.149,0.184,15924288.71
601816.SH,2025-01-06,5.98,6.0,5.86,5.92,5.96,-0.04,-0.6711,843611.33,498772.913,6.07,6.131,6.177,,6.029,6.089,6.08,,42.492,0.069,0.143,0.148,6626915.74
601857.SH,2025-01-06,8.87,8.95,8.68,8.91,8.85,0.06,0.678,1704628.04,1509884.54,8.894,8.874,8.645,,8.876,8.818,8.669,,62.786,0.202,0.195,0.195,14142670.44
601888.SH,2025-01-06,62.83,63.29,62.15,62.54,62.83,-0.29,-0.4616,95955.63,601081.04,65.068,67.062,69.018,,64.62,66.358,67.982,,23.206,-1.617,-0.773,1.713,-1440518.86
601899.SH,2025-01-06,15.68,15.86,15.33,15.49,15.57,-0.08,-0.5138,2252831.87,3516450.288,15.38,15.448,15.549,,15.424,15.434,15.509,,47.253,-0.101,-0.11,0.436,12943360.36
601919.SH,2025-01-06,15.09,15.14,14.69,14.95,14.96,-0.01,-0.0668,898484.47,1338291.867,15.228,15.125,14.819,,15.079,15.049,14.879,,52.38,0.218,0.201,0.384,5031276.36
601985.SH,2025-01-06,10.02,10.07,9.85,9.95,10.02,-0.07,-0.6986,1141090.85,1134286.24,10.164,10.238,10.068,,10.104,10.132,10.076,,47.222,0.085,0.098,0.257,3697472.4
601988.SH,2025-01-06,5.35,5.41,5.21,5.39,5.35,0.04,0.7477,2285665.88,1217417.471,5.43,5.443,5.331,,5.406,5.399,5.325,,60.497,0.113,0.128,0.122,16636486.7
603019.SH,2025-01-06,64.17,65.98,63.89,64.51,64.82,-0.31,-0.4782,445007.13,2879680.685,68.728,73.005,73.348,,68.082,70.808,73.072,,28.912,-2.544,-1.44,3.587,-2352726.15
603259.SH,2025-01-06,52.69,53.5,51.81,52.9,52.37,0.53,1.012,306605.59,1618876.876,53.894,54.812,55.793,,53.569,54.316,54.643,,39.507,0.061,0.594,1.66,-1697038.72
603501.SH,2025-01-06,98.88,100.79,97.8,98.14,98.5,-0.36,-0.3655,130612.96,1293913.059,101.926,102.731,101.348,,100.629,101.621,102.0,,38.695,-0.642,-0.678,3.658,-1424791.09
603993.SH,2025-01-06,6.8,6.92,6.62,6.81,6.77,0.04,0.5908,2040923.87,1390315.521,6.724,6.818,7.012,,6.764,6.826,6.968,,37.811,-0.181,-0.165,0.197,-5598146.49
688008.SH,2025-01-06,65.31,65.95,63.5,63.91,65.52,-1.61,-2.4573,217636.63,1405460.486,66.89,70.543,69.809,,66.863,68.672,69.39,,37.087,-0.456,0.396,3.43,-2111212.85
688012.SH,2025-01-06,181.0,183.83,178.8,181.71,181.53,0.18,0.0992,54551.17,990217.03,186.26,191.744,196.482,,185.364,189.709,195.973,,26.452,-8.116,-7.045,8.473,145193.75
688041.SH,2025-01-06,137.74,141.8,133.33,134.57,135.61,-1.04,-0.7669,199114.63,2719449.703,142.61,146.133,136.094,,140.269,141.243,138.095,,46.498,4.292,4.674,7.199,460119.42
688111.SH,2025-01-06,261.69,263.8,254.83,257.65,261.68,-4.03,-1.54,46516.33,1201742.234,273.556,284.682,299.748,,270.73,281.391,290.272,,33.519,-7.488,-1.551,15.081,-467298.09
688256.SH,2025-01-06,625.74,650.0,613.8,649.48,621.0,28.48,4.5862,71421.93,4525444.814,651.52,653.109,618.654,,645.789,642.705,618.504,,60.9,37.166,43.635,38.044,496977.3
688981.SH,2025-01-06,88.84,89.6,85.72,86.94,88.31,-1.37,-1.5514,438313.08,3822056.709,91.824,94.339,90.098,,90.441,91.599,91.461,,39.475,-0.028,-0.035,4.435,985556.42
600028.SH,2025-01-07,6.55,6.56,6.48,6.53,6.56,-0.03,-0.4573,925314.67,602887.577,6.58,6.631,6.539,,6.573,6.58,6.541,,51.674,0.061,0.074,0.122,11296205.1
600030.SH,2025-01-07,27.1,27.32,26.81,27.16,27.06,0.1,0.3695,979724.05,2650426.338,27.562,28.91,29.757,,27.684,28.482,29.361,,24.325,-0.976,-0.643,0.855,-632437.01
600031.SH,2025-01-07,15.59,15.64,15.43,15.52,15.58,-0.06,-0.3851,393682.19,611079.078,15.79,16.177,16.375,,15.774,16.028,16.364,,24.729,-0.445,-0.403,0.346,-6833815.0
600036.SH,2025-01-07,38.97,39.15,38.61,38.9,39.05,-0.15,-0.3841,492752.05,1917344.814,38.884,39.148,38.643,,38.937,38.89,38.612,,53.49,0.406,0.416,0.732,3772963.41
600050.SH,2025-01-07,4.84,4.9,4.83,4.9,4.86,0.04,0.823,2056171.3,1000082.258,5.002,5.197,5.243,,4.996,5.108,5.196,,35.553,-0.088,-0.041,0.152,-2064605.3
600104.SH,2025-01-07,17.95,18.61,17.81,18.59,17.87,0.72,4.0291,624828.98,1142427.803,18.852,19.142,18.67,,18.677,18.836,18.665,,53.065,0.317,0.467,1.164,3794178.4
600111.SH,2025-01-07,20.99,22.2,20.82,21.47,20.82,0.65,3.122,712260.5,1536995.802,20.866,21.289,21.822,,21.081,21.284,21.751,,40.32,-0.623,-0.591,0.665,1498877.34
600150.SH,2025-01-07,33.11,33.44,32.81,33.4,33.08,0.32,0.9674,296228.58,982261.772,34.148,35.149,35.387,,34.031,34.688,35.214,,32.642,-0.574,-0.314,0.944,180295.32
600276.SH,2025-01-07,45.05,45.09,44.01,44.04,45.01,-0.97,-2.1551,257421.75,1139218.012,44.852,45.556,46.214,,44.802,45.358,46.161,,31.008,-1.005,-0.799,1.001,-3676768.69
600309.SH,2025-01-07,70.12,70.4,69.18,69.48,70.26,-0.78,-1.1102,163240.21,1135935.775,70.18,71.802,73.191,,70.39,71.378,72.632,,29.709,-1.487,-1.176,1.493,-2252595.49
600406.SH,2025-01-07,23.78,24.15,23.63,23.75,23.79,-0.04,-0.1681,171627.07,409531.928,24.168,24.631,24.674,,24.088,24.382,24.679,,32.448,-0.391,-0.345,0.582,-435498.15
600519.SH,2025-01-07,1444.66,1451.89,1439.0,1440.2,1440.0,0.2,0.0139,24221.18,3494634.227,1473.44,1501.778,1522.046,,1467.27,1489.735,1509.416,,26.658,-20.24,-10.463,26.804,-105706.97
600690.SH,2025-01-07,27.65,28.75,27.51,28.51,27.68,0.83,2.9986,583080.78,1658077.772,28.092,28.336,28.544,,28.149,28.255,28.436,,50.547,-0.199,-0.147,0.808,3166158.49
600760.SH,2025-01-07,45.64,46.5,45.51,46.4,45.75,0.65,1.4208,97489.94,449765.361,47.506,48.444,48.859,,47.157,47.966,48.673,,35.512,-0.846,-0.63,1.757,-950678.8
600809.SH,2025-01-07,174.21,176.18,172.56,173.94,174.2,-0.26,-0.1493,37305.28,648478.125,177.666,182.938,190.413,,177.554,181.879,188.246,,16.505,-7.867,-6.736,4.977,-711399.73
600887.SH,2025-01-07,28.85,29.17,28.75,28.88,29.04,-0.16,-0.551,318904.33,923011.914,29.392,29.719,29.627,,29.276,29.473,29.504,,40.07,0.035,0.142,0.605,58975.7
600900.SH,2025-01-07,28.88,28.89,28.54,28.7,28.89,-0.19,-0.6577,654960.3,1879633.128,29.068,29.328,29.129,,28.996,29.122,28.973,,47.415,0.32,0.475,0.489,1663532.35
601012.SH,2025-01-07,15.05,15.27,15.02,15.24,15.17,0.07,0.4614,466371.03,707882.488,15.31,15.788,16.368,,15.374,15.711,16.303,,21.352,-0.78,-0.716,0.457,-6655562.52
601088.SH,2025-01-07,41.83,41.92,40.78,41.1,41.81,-0.71,-1.6982,218458.58,898530.525,42.21,42.279,42.473,,41.878,42.124,42.072,,44.877,0.282,0.521,1.126,1438020.07
601127.SH,2025-01-07,124.28,129.48,123.21,129.26,124.0,5.26,4.2419,301872.87,3821949.644,128.034,130.667,131.26,,128.251,129.601,130.631,,45.763,-0.718,0.26,5.424,-1571620.87
601166.SH,2025-01-07,19.15,19.55,19.14,19.43,19.21,0.22,1.1452,694613.83,1345436.696,19.128,19.193,18.856,,19.215,19.112,18.911,,62.485,0.263,0.244,0.355,7203873.57
601211.SH,2025-01-07,17.6,17.69,17.47,17.69,17.55,0.14,0.7977,199699.93,351163.845,17.846,18.422,18.676,,17.885,18.207,18.562,,28.541,-0.417,-0.31,0.418,403933.41
601225.SH,2025-01-07,23.18,23.18,22.52,22.63,23.16,-0.53,-2.2884,255721.61,580848.816,23.14,23.152,23.918,,23.057,23.278,23.559,,38.025,-0.242,-0.073,0.618,-431240.84
601288.SH,2025-01-07,5.17,5.26,5.12,5.26,5.19,0.07,1.3487,5267161.7,2733842.079,5.228,5.268,5.166,,5.232,5.223,5.154,,61.827,0.107,0.123,0.121,65847253.59
601318.SH,2025-01-07,50.19,50.36,49.81,50.17,50.34,-0.17,-0.3377,392787.17,1967557.698,50.834,52.247,52.999,,50.892,51.715,52.631,,27.705,-1.045,-0.75,1.056,-5845771.63
601328.SH,2025-01-07,7.41,7.48,7.34,7.46,7.41,0.05,0.6748,1433460.07,1061305.188,7.52,7.63,7.544,,7.507,7.55,7.523,,48.965,0.062,0.099,0.171,8462098.06
601398.SH,2025-01-07,6.61,6.71,6.56,6.69,6.61,0.08,1.2103,3820217.77,2534162.279,6.774,6.839,6.664,,6.757,6.757,6.659,,56.21,0.151,0.172,0.152,11647424.64
601601.SH,2025-01-07,31.66,31.83,31.33,31.67,31.71,-0.04,-0.1261,200716.23,634915.872,32.28,33.2,33.721,,32.223,32.818,33.441,,31.665,-0.678,-0.425,0.945,-312529.11
601628.SH,2025-01-07,39.15,39.22,38.67,38.95,39.18,-0.23,-0.587,88336.2,343860.69,39.838,41.262,41.785,,39.821,40.651,41.495,,28.641,-0.955,-0.658,1.217,376246.03
601658.SH,2025-01-07,5.54,5.6,5.49,5.59,5.55,0.04,0.7207,1600120.68,886994.187,5.566,5.603,5.549,,5.57,5.571,5.535,,55.646,0.062,0.08,0.129,12480793.34
601668.SH,2025-01-07,5.75,5.76,5.67,5.74,5.74,0.0,0.0,1362045.01,778915.985,5.816,5.93,5.964,,5.811,5.878,5.938,,32.709,-0.062,-0.033,0.114,10213737.39
601728.SH,2025-01-07,6.99,7.02,6.92,7.0,7.0,0.0,0.0,647361.22,451490.387,7.068,7.13,7.025,,7.052,7.068,7.0,,53.25,0.115,0.142,0.178,15924288.71
601816.SH,2025-01-07,5.93,5.96,5.83,5.88,5.92,-0.04,-0.6757,741364.76,435776.628,5.99,6.105,6.153,,5.98,6.051,6.061,,40.758,0.046,0.123,0.146,5885550.98
601857.SH,2025-01-07,8.86,8.93,8.75,8.84,8.91,-0.07,-0.7856,1222673.27,1077809.048,8.862,8.9,8.666,,8.864,8.822,8.685,,59.402,0.191,0.194,0.194,12919997.17
601888.SH,2025-01-07,62.54,62.71,61.86,62.47,62.54,-0.07,-0.1119,96164.6,599735.313,63.91,66.439,68.678,,63.903,65.651,67.457,,23.074,-1.843,-0.987,1.651,-1536683.46
601899.SH,2025-01-07,15.55,16.05,15.4,16.02,15.49,0.53,3.4216,2298933.14,3655875.985,15.476,15.499,15.556,,15.623,15.54,15.558,,55.59,-0.047,-0.098,0.451,15242293.5
601919.SH,2025-01-07,14.77,14.88,14.52,14.76,14.95,-0.19,-1.2709,927875.31,1360764.372,15.04,15.132,14.849,,14.973,14.996,14.868,,48.623,0.183,0.197,0.387,4103401.05
601985.SH,2025-01-07,9.96,10.02,9.88,9.98,9.95,0.03,0.3015,946053.07,941065.125,10.106,10.203,10.068,,10.063,10.104,10.067,,48.073,0.067,0.092,0.248,4643525.47
601988.SH,2025-01-07,5.39,5.48,5.34,5.46,5.39,0.07,1.2987,1858052.02,1007224.911,5.416,5.453,5.346,,5.424,5.41,5.337,,64.625,0.111,0.124,0.123,18494538.72
603019.SH,2025-01-07,64.6,66.55,64.38,66.55,64.51,2.04,3.1623,582797.84,3828487.249,67.23,71.982,72.926,,67.571,70.034,72.451,,34.191,-2.756,-1.703,3.486,-1769928.31
603259.SH,2025-01-07,52.6,52.65,51.45,52.38,52.9,-0.52,-0.983,283194.26,1471841.339,53.15,54.424,55.463,,53.173,53.964,54.427,,37.77,-0.105,0.454,1.645,-1980232.98
603501.SH,2025-01-07,98.6,102.3,98.28,101.92,98.14,3.78,3.8516,196503.84,1983374.835,100.71,102.734,101.517,,101.059,101.675,101.993,,47.016,-0.574,-0.657,3.694,-1228287.25
603993.SH,2025-01-07,6.85,7.14,6.82,7.04,6.81,0.23,3.3774,2361999.27,1657579.24,6.77,6.831,6.994,,6.856,6.865,6.975,,47.747,-0.153,-0.163,0.206,-3236147.22
688008.SH,2025-01-07,64.1,66.54,63.8,66.41,63.91,2.5,3.9118,294682.57,1916970.838,65.934,70.092,69.688,,66.712,68.26,69.106,,42.483,-0.627,0.191,3.38,-1816530.28
688012.SH,2025-01-07,181.8,185.5,181.22,184.33,181.71,2.62,1.4419,74461.37,1363771.477,183.526,190.477,194.997,,185.019,188.731,194.864,,30.523,-8.077,-7.251,8.174,219655.12
688041.SH,2025-01-07,135.57,148.62,134.03,147.6,134.57,13.03,9.6827,358284.73,5096022.844,141.33,147.223,137.025,,142.712,142.399,139.001,,57.32,4.516,4.643,7.727,818404.15
688111.SH,2025-01-07,258.69,261.24,256.56,261.24,257.65,3.59,1.3934,35070.52,908364.295,266.724,281.571,297.18,,267.567,277.727,287.507,,35.665,-8.736,-2.988,14.338,-432227.57
688256.SH,2025-01-07,640.49,718.0,637.0,718.0,649.48,68.52,10.55,87304.09,5905819.223,658.42,660.034,627.604,,669.859,656.395,627.98,,69.633,40.654,43.039,41.112,584281.39
688981.SH,2025-01-07,87.1,90.75,86.0,90.6,86.94,3.66,4.2098,672147.96,5939309.425,90.086,93.881,90.289,,90.494,91.417,91.379,,46.359,-0.108,-0.05,4.457,1657704.38
600028.SH,2025-01-08,6.53,6.7,6.52,6.58,6.53,0.05,0.7657,1592766.8,1051268.802,6.56,6.628,6.546,,6.575,6.58,6.545,,54.712,0.057,0.071,0.126,12888971.9
600030.SH,2025-01-08,27.12,27.28,26.5,26.98,27.16,-0.18,-0.6627,1192336.01,3199334.778,27.124,28.576,29.532,,27.45,28.209,29.134,,23.598,-1.042,-0.722,0.85,-1824773.02
600031.SH,2025-01-08,15.57,15.71,15.26,15.57,15.52,0.05,0.3222,573354.64,888892.453,15.608,16.093,16.308,,15.706,15.945,16.289,,26.416,-0.455,-0.413,0.354,-6260460.36
600036.SH,2025-01-08,38.83,39.55,38.82,39.28,38.9,0.38,0.9769,751481.02,2952943.868,38.88,39.154,38.677,,39.051,38.961,38.675,,56.93,0.412,0.415,0.732,4524444.43
600050.SH,2025-01-08,4.88,4.93,4.81,4.91,4.9,0.01,0.2041,2996819.44,1461333.333,4.922,5.153,5.224,,4.968,5.072,5.169,,36.165,-0.099,-0.053,0.15,932214.14
600104.SH,2025-01-08,18.3,18.38,16.99,17.89,18.59,-0.7,-3.7655,1391894.12,2439827.665,18.278,19.069,18.666,,18.414,18.664,18.591,,48.978,0.218,0.417,1.196,2402284.28
600111.SH,2025-01-08,21.23,21.35,20.53,21.04,21.47,-0.43,-2.0028,425957.06,892301.859,20.83,21.201,21.726,,21.067,21.239,21.684,,36.589,-0.605,-0.593,0.685,1072920.28
600150.SH,2025-01-08,34.0,34.29,33.35,34.02,33.4,0.62,1.8563,488970.52,1657011.694,33.76,34.939,35.308,,34.028,34.566,35.1,,38.776,-0.597,-0.37,0.944,669265.84
600276.SH,2025-01-08,44.05,44.18,42.95,43.55,44.04,-0.49,-1.1126,350327.42,1524946.448,44.382,45.278,45.985,,44.384,45.029,45.912,,28.952,-1.094,-0.858,1.017,-4027096.11
600309.SH,2025-01-08,69.48,69.48,67.77,68.2,69.48,-1.28,-1.8423,224259.26,1536623.215,69.55,71.133,72.882,,69.66,70.8,72.21,,26.454,-1.653,-1.271,1.509,-2476854.75
600406.SH,2025-01-08,23.76,23.86,23.29,23.6,23.75,-0.15,-0.6316,187876.0,442158.899,23.844,24.467,24.608,,23.926,24.24,24.576,,31.063,-0.43,-0.362,0.581,-623374.15
600519.SH,2025-01-08,1440.0,1451.82,1426.66,1442.5,1440.2,2.3,0.1597,35258.21,5071821.246,1457.14,1492.146,1516.842,,1459.013,1481.147,1503.043,,27.601,-22.927,-12.956,26.686,-70448.76
600690.SH,2025-01-08,28.4,29.6,28.21,29.32,28.51,0.81,2.8411,643849.12,1874933.237,28.262,28.353,28.524,,28.54,28.448,28.52,,58.031,-0.103,-0.138,0.85,3810007.61
600760.SH,2025-01-08,46.2,46.25,43.6,45.06,46.4,-1.34,-2.8879,216568.56,969334.651,46.374,48.092,48.705,,46.458,47.438,48.329,,32.128,-1.028,-0.709,1.831,-1167247.36
600809.SH,2025-01-08,173.97,174.99,170.1,171.57,173.94,-2.37,-1.3625,48094.66,829466.011,175.138,181.143,188.74,,175.559,180.005,186.658,,15.245,-8.217,-7.032,4.971,-759494.39
600887.SH,2025-01-08,28.95,29.45,28.56,29.15,28.88,0.27,0.9349,399560.94,1162978.649,29.186,29.624,29.609,,29.234,29.414,29.47,,44.262,0.005,0.114,0.625,458536.64
600900.SH,2025-01-08,28.67,29.16,28.63,29.0,28.7,0.3,1.0453,906309.29,2624410.315,28.958,29.247,29.178,,28.997,29.1,28.976,,52.293,0.287,0.438,0.492,2569841.64
601012.SH,2025-01-08,15.24,15.28,14.81,15.09,15.24,-0.15,-0.9843,600620.92,903552.09,15.186,15.658,16.241,,15.28,15.598,16.187,,20.223,-0.783,-0.729,0.458,-7256183.44
601088.SH,2025-01-08,40.95,41.55,40.5,40.88,41.1,-0.22,-0.5353,284577.14,1163425.59,41.69,42.193,42.39,,41.546,41.898,41.958,,43.571,0.161,0.449,1.12,1153442.93
601127.SH,2025-01-08,128.44,128.8,124.28,127.78,129.26,-1.48,-1.145,254427.44,3224048.217,126.912,130.311,130.925,,128.094,129.27,130.359,,44.048,-0.845,0.039,5.392,-1826048.31
601166.SH,2025-01-08,19.43,19.8,19.4,19.64,19.43,0.21,1.0808,844442.66,1657569.915,19.224,19.259,18.904,,19.357,19.208,18.98,,65.559,0.289,0.253,0.358,8048316.23
601211.SH,2025-01-08,17.61,17.73,17.31,17.67,17.69,-0.02,-0.1131,298313.8,522432.357,17.65,18.294,18.604,,17.813,18.11,18.477,,28.335,-0.436,-0.335,0.418,105619.61
601225.SH,2025-01-08,22.68,22.76,22.36,22.54,22.63,-0.09,-0.3977,248148.37,559923.507,22.996,23.079,23.814,,22.884,23.143,23.462,,37.249,-0.289,-0.116,0.603,-679389.21
601288.SH,2025-01-08,5.16,5.24,5.14,5.18,5.14,0.04,0.7782,5331964.11,2763161.806,5.196,5.261,5.172,,5.215,5.215,5.157,,55.136,0.097,0.118,0.121,60515289.48
601318.SH,2025-01-08,50.18,50.58,49.55,50.3,50.17,0.13,0.2591,510383.04,2555823.167,50.364,51.899,52.733,,50.695,51.457,52.409,,28.968,-1.098,-0.82,1.054,-5335388.59
601328.SH,2025-01-08,7.45,7.58,7.44,7.52,7.46,0.06,0.8043,1533922.92,1154543.859,7.47,7.609,7.545,,7.511,7.545,7.522,,51.841,0.055,0.09,0.169,9996020.98
601398.SH,2025-01-08,6.69,6.84,6.67,6.76,6.69,0.07,1.0463,3996842.84,2703647.491,6.742,6.837,6.681,,6.758,6.758,6.668,,59.593,0.141,0.166,0.153,15644267.48
601601.SH,2025-01-08,31.59,32.27,31.43,31.99,31.67,0.32,1.0104,230817.81,734310.269,31.862,33.013,33.515,,32.145,32.667,33.303,,34.971,-0.707,-0.482,0.937,-81711.3
601628.SH,2025-01-08,38.93,39.3,38.38,39.07,38.95,0.12,0.3081,106639.0,414146.046,39.268,40.921,41.527,,39.571,40.364,41.264,,29.716,-1.027,-0.732,1.195,482885.03
601658.SH,2025-01-08,5.44,5.53,5.42,5.45,5.44,0.01,0.1838,2151599.87,1174713.968,5.52,5.585,5.542,,5.53,5.549,5.527,,46.951,0.048,0.074,0.132,10329193.47
601668.SH,2025-01-08,5.73,5.76,5.6,5.68,5.74,-0.06,-1.0453,2117463.15,1200428.94,5.752,5.896,5.942,,5.767,5.842,5.913,,30.078,-0.075,-0.041,0.118,8096274.24
601728.SH,2025-01-08,6.98,7.17,6.94,7.16,7.0,0.16,2.2857,1106838.0,783927.166,7.056,7.137,7.048,,7.088,7.085,7.016,,60.788,0.115,0.137,0.182,17031126.71
601816.SH,2025-01-08,5.89,5.96,5.81,5.91,5.88,0.03,0.5102,1135451.0,669015.021,5.94,6.08,6.133,,5.956,6.025,6.047,,42.648,0.03,0.105,0.147,7021001.98
601857.SH,2025-01-08,8.86,9.17,8.84,9.05,8.84,0.21,2.3756,2275089.32,2057337.764,8.884,8.927,8.7,,8.926,8.863,8.72,,65.423,0.197,0.195,0.203,15195086.49
601888.SH,2025-01-08,62.47,62.47,60.66,61.79,62.47,-0.68,-1.0885,137648.19,846538.814,62.866,65.675,68.234,,63.199,64.949,66.917,,21.783,-2.053,-1.201,1.662,-1674331.65
601899.SH,2025-01-08,16.02,16.17,15.74,15.85,16.02,-0.17,-1.0612,1768436.69,2815392.4,15.622,15.521,15.545,,15.698,15.597,15.586,,52.712,-0.019,-0.082,0.449,13473856.81
601919.SH,2025-01-08,14.72,15.05,14.58,14.71,14.76,-0.05,-0.3388,983553.12,1453168.821,14.882,15.096,14.88,,14.885,14.944,14.853,,47.655,0.149,0.187,0.393,3119847.93
601985.SH,2025-01-08,9.96,10.29,9.89,10.19,9.98,0.21,2.1042,1560109.99,1584761.763,10.058,10.186,10.082,,10.105,10.12,10.078,,53.702,0.069,0.087,0.259,6203635.46
601988.SH,2025-01-08,5.46,5.56,5.43,5.52,5.46,0.06,1.0989,2256534.97,1243339.696,5.418,5.462,5.362,,5.456,5.43,5.355,,67.737,0.112,0.122,0.124,20751073.69
603019.SH,2025-01-08,65.9,66.17,63.36,65.44,66.55,-1.11,-1.6679,601193.52,3903456.659,65.854,70.828,72.45,,66.861,69.198,71.783,,32.765,-2.979,-1.959,3.465,-2371121.83
603259.SH,2025-01-08,52.16,52.54,51.13,51.91,52.38,-0.47,-0.8973,226503.58,1175324.845,52.524,53.97,55.16,,52.752,53.59,54.188,,36.219,-0.271,0.309,1.628,-2206736.56
603501.SH,2025-01-08,101.41,101.9,98.01,100.63,101.92,-1.29,-1.2657,180101.36,1799511.979,99.954,102.518,101.604,,100.916,101.485,101.863,,44.782,-0.616,-0.649,3.71,-1408388.61
603993.SH,2025-01-08,7.04,7.04,6.86,6.95,7.04,-0.09,-1.2784,1624366.59,1128947.307,6.83,6.827,6.972,,6.887,6.88,6.972,,44.735,-0.137,-0.158,0.204,-4860513.81
688008.SH,2025-01-08,65.67,67.9,64.18,66.82,66.41,0.41,0.6174,311056.5,2054491.735,65.718,69.556,69.61,,66.748,67.999,68.888,,43.341,-0.72,0.009,3.405,-1505473.78
688012.SH,2025-01-08,183.0,185.97,178.0,183.01,184.33,-1.32,-0.7161,85299.0,1558328.772,182.296,188.79,193.296,,184.349,187.691,193.735,,29.633,-8.059,-7.413,8.159,134356.12
688041.SH,2025-01-08,145.25,151.3,144.8,149.89,147.6,2.29,1.5515,328913.75,4877719.726,141.35,148.137,138.004,,145.105,143.761,140.038,,58.893,4.824,4.679,7.639,1147317.9
688111.SH,2025-01-08,260.17,262.0,249.05,257.78,261.24,-3.46,-1.3245,51345.14,1314575.408,261.002,277.799,294.107,,264.305,274.1,284.676,,34.509,-9.889,-4.368,14.239,-483572.71
688256.SH,2025-01-08,701.0,735.0,698.6,726.0,718.0,8.0,1.1142,81694.27,5825786.932,672.02,666.704,636.982,,688.573,669.05,637.315,,70.463,43.562,43.144,40.776,665975.66
688981.SH,2025-01-08,88.88,91.28,85.99,88.82,90.6,-1.78,-1.9647,687907.3,6092441.316,88.926,93.077,90.33,,89.936,90.945,91.135,,43.753,-0.312,-0.102,4.517,969797.08
600028.SH,2025-01-09,6.53,6.55,6.39,6.41,6.58,-0.17,-2.5836,1728341.36,1113004.055,6.53,6.593,6.545,,6.52,6.549,6.532,,44.473,0.04,0.065,0.13,11160630.54
600030.SH,2025-01-09,26.93,27.12,26.8,26.89,26.98,-0.09,-0.3336,630007.53,1699066.076,27.012,28.256,29.31,,27.263,27.969,28.921,,23.225,-1.089,-0.796,0.812,-2454780.55
600031.SH,2025-01-09,15.51,15.56,15.32,15.37,15.57,-0.2,-1.2845,357776.55,551312.715,15.528,15.99,16.229,,15.594,15.84,16.201,,24.09,-0.473,-0.425,0.346,-6618236.91
600036.SH,2025-01-09,39.4,39.43,38.83,39.0,39.28,-0.28,-0.7128,447083.35,1748399.288,38.978,39.114,38.712,,39.034,38.968,38.706,,53.774,0.39,0.41,0.722,4077361.08
600050.SH,2025-01-09,4.88,4.9,4.84,4.86,4.91,-0.05,-1.0183,1624933.31,791510.459,4.89,5.095,5.202,,4.932,5.034,5.139,,34.405,-0.11,-0.064,0.144,-692719.17
600104.SH,2025-01-09,17.8,17.99,16.91,17.41,17.89,-0.48,-2.6831,1341173.97,2326278.296,17.954,18.925,18.65,,18.08,18.436,18.478,,46.343,0.099,0.354,1.187,1061110.31
600111.SH,2025-01-09,20.95,21.44,20.95,21.16,21.04,0.12,0.5703,337780.83,716950.263,20.964,21.162,21.634,,21.098,21.225,21.634,,38.305,-0.574,-0.59,0.671,1410701.11
600150.SH,2025-01-09,34.01,34.01,33.41,33.43,34.02,-0.59,-1.7343,331457.15,1112533.768,33.532,34.687,35.205,,33.828,34.36,34.941,,35.466,-0.656,-0.428,0.92,337808.69
600276.SH,2025-01-09,43.58,43.87,43.06,43.08,43.55,-0.47,-1.0792,257767.64,1116825.881,44.008,44.924,45.731,,43.95,44.675,45.642,,27.097,-1.189,-0.924,1.002,-4284863.75
600309.SH,2025-01-09,68.11,68.43,67.52,67.71,68.2,-0.49,-0.7185,157823.66,1070717.938,69.148,70.573,72.522,,69.01,70.238,71.781,,25.311,-1.803,-1.378,1.466,-2634678.41
600406.SH,2025-01-09,23.55,24.06,23.35,23.71,23.6,0.11,0.4661,195128.73,462090.963,23.742,24.338,24.546,,23.854,24.144,24.494,,33.312,-0.446,-0.379,0.59,-428245.42
600519.SH,2025-01-09,1448.99,1464.58,1432.98,1444.0,1442.5,1.5,0.104,29705.65,4295852.736,1448.34,1483.546,1512.262,,1454.009,1474.393,1497.42,,28.248,-24.652,-15.295,27.037,-40743.11
600690.SH,2025-01-09,29.32,29.65,29.1,29.47,29.32,0.15,0.5116,340151.44,1002655.694,28.516,28.439,28.525,,28.85,28.634,28.61,,59.261,-0.015,-0.114,0.828,4150159.05
600760.SH,2025-01-09,44.69,49.49,44.51,47.49,45.06,2.43,5.3928,328663.3,1549311.21,46.208,48.024,48.655,,46.802,47.447,48.249,,42.777,-0.964,-0.76,2.056,-838584.06
600809.SH,2025-01-09,171.58,176.15,170.09,173.11,171.57,1.54,0.8976,51511.6,894067.914,174.164,179.566,187.152,,174.743,178.751,185.367,,19.542,-8.274,-7.281,5.049,-707982.79
600887.SH,2025-01-09,29.0,29.45,28.8,28.96,29.15,-0.19,-0.6518,289976.38,842923.378,29.066,29.527,29.568,,29.143,29.332,29.422,,42.033,-0.033,0.085,0.627,168560.26
600900.SH,2025-01-09,28.94,29.06,28.64,28.79,29.0,-0.21,-0.7241,581770.58,1676501.567,28.876,29.147,29.21,,28.928,29.044,28.958,,48.875,0.242,0.398,0.487,1988071.06
601012.SH,2025-01-09,15.0,15.17,14.93,14.98,15.09,-0.11,-0.729,507010.98,761659.148,15.096,15.52,16.106,,15.18,15.486,16.072,,19.413,-0.785,-0.741,0.443,-7763194.42
601088.SH,2025-01-09,40.5,40.66,39.5,39.57,40.88,-1.31,-3.2045,404246.68,1608901.506,41.086,41.86,42.2,,40.887,41.474,41.731,,36.719,-0.04,0.351,1.139,749196.25
601127.SH,2025-01-09,126.57,129.87,126.55,128.96,127.78,1.18,0.9235,210617.86,2708094.573,126.996,130.279,130.687,,128.383,129.214,130.226,,45.793,-0.841,-0.137,5.244,-1615430.45
601166.SH,2025-01-09,19.68,19.74,19.33,19.61,19.64,-0.03,-0.1527,641164.28,1256237.827,19.362,19.301,18.957,,19.441,19.281,19.04,,64.743,0.303,0.263,0.362,7407151.95
601211.SH,2025-01-09,17.6,17.7,17.45,17.53,17.67,-0.14,-0.7923,212349.62,373788.688,17.602,18.146,18.522,,17.719,18.004,18.387,,26.871,-0.457,-0.359,0.406,-106730.01
601225.SH,2025-01-09,22.54,22.54,21.8,22.1,22.54,-0.44,-1.9521,282037.51,623256.748,22.792,22.944,23.657,,22.623,22.954,23.333,,33.633,-0.357,-0.164,0.613,-961426.72
601288.SH,2025-01-09,5.18,5.2,5.09,5.14,5.18,-0.04,-0.7722,4047900.0,2081123.639,5.184,5.244,5.181,,5.19,5.201,5.155,,52.1,0.084,0.111,0.12,56467389.48
601318.SH,2025-01-09,50.26,50.41,49.8,49.81,50.3,-0.49,-0.9742,400821.12,2005089.617,50.184,51.49,52.479,,50.4,51.158,52.162,,27.05,-1.167,-0.889,1.022,-5736209.71
601328.SH,2025-01-09,7.52,7.53,7.39,7.4,7.52,-0.12,-1.5957,1291746.5,960038.885,7.444,7.575,7.549,,7.474,7.518,7.511,,46.229,0.039,0.08,0.167,8704274.48
601398.SH,2025-01-09,6.76,6.77,6.66,6.71,6.76,-0.05,-0.7396,2367234.19,1589593.952,6.724,6.814,6.701,,6.742,6.749,6.672,,56.25,0.128,0.158,0.15,13277033.29
601601.SH,2025-01-09,31.96,32.3,31.65,31.9,31.99,-0.09,-0.2813,181976.27,583057.821,31.784,32.803,33.35,,32.064,32.528,33.169,,34.466,-0.729,-0.531,0.917,-263687.57
601628.SH,2025-01-09,38.92,39.15,38.42,38.5,39.07,-0.57,-1.4589,77970.28,301858.884,39.004,40.501,41.289,,39.214,40.025,41.001,,27.589,-1.118,-0.809,1.162,404914.75
601658.SH,2025-01-09,5.44,5.45,5.32,5.37,5.45,-0.08,-1.4679,1460744.58,785045.429,5.49,5.556,5.537,,5.477,5.516,5.512,,42.832,0.03,0.065,0.132,8868448.89
601668.SH,2025-01-09,5.67,5.67,5.58,5.6,5.68,-0.08,-1.4085,1545874.24,867000.607,5.708,5.85,5.916,,5.711,5.798,5.884,,26.965,-0.09,-0.051,0.116,6550400.0
601728.SH,2025-01-09,7.15,7.17,7.05,7.07,7.16,-0.09,-1.257,668609.0,474416.388,7.048,7.123,7.065,,7.082,7.082,7.021,,55.379,0.106,0.131,0.177,16362517.71
601816.SH,2025-01-09,5.89,5.89,5.77,5.78,5.91,-0.13,-2.1997,995954.59,578717.035,5.89,6.034,6.111,,5.898,5.981,6.021,,37.122,0.007,0.085,0.146,6025047.39
601857.SH,2025-01-09,8.99,9.03,8.7,8.82,9.05,-0.23,-2.5414,1536295.38,1361696.664,8.894,8.907,8.719,,8.891,8.856,8.729,,55.683,0.182,0.192,0.214,13658791.11
601888.SH,2025-01-09,61.6,61.99,60.82,61.01,61.79,-0.78,-1.2623,128240.21,786838.965,62.128,64.856,67.693,,62.469,64.233,66.354,,20.375,-2.257,-1.412,1.627,-1802571.86
601899.SH,2025-01-09,15.91,16.03,15.72,15.92,15.85,0.07,0.4416,1342998.26,2132733.325,15.77,15.561,15.535,,15.772,15.655,15.618,,53.774,0.01,-0.063,0.439,14816855.07
601919.SH,2025-01-09,14.5,14.52,14.06,14.13,14.71,-0.58,-3.9429,1383225.39,1963601.624,14.702,15.004,14.876,,14.633,14.796,14.784,,38.158,0.074,0.165,0.412,1736622.54
601985.SH,2025-01-09,10.17,10.18,9.85,9.87,10.19,-0.32,-3.1403,1333466.89,1326234.616,10.002,10.143,10.082,,10.027,10.074,10.059,,45.592,0.045,0.079,0.265,4870168.57
601988.SH,2025-01-09,5.51,5.52,5.41,5.46,5.52,-0.06,-1.087,1644781.06,898201.884,5.436,5.457,5.378,,5.457,5.435,5.365,,61.875,0.107,0.119,0.123,19106292.63
603019.SH,2025-01-09,64.96,66.79,64.9,65.74,65.44,0.3,0.4584,457425.33,3020959.952,65.412,69.522,72.052,,66.487,68.57,71.208,,33.571,-3.096,-2.186,3.352,-1913696.5
603259.SH,2025-01-09,51.99,53.65,51.99,52.61,51.91,0.7,1.3485,216652.69,1147627.683,52.434,53.667,54.906,,52.705,53.412,54.037,,40.159,-0.343,0.179,1.636,-1990083.87
603501.SH,2025-01-09,100.0,101.86,99.68,99.96,100.63,-0.67,-0.6658,117006.06,1176919.877,99.83,102.385,101.605,,100.597,101.208,101.682,,43.623,-0.696,-0.658,3.6,-1525394.67
603993.SH,2025-01-09,7.0,7.0,6.88,6.94,6.95,-0.01,-0.1439,1084833.0,753512.287,6.902,6.832,6.944,,6.905,6.891,6.969,,44.4,-0.123,-0.151,0.198,-5945346.81
688008.SH,2025-01-09,66.21,68.5,66.08,66.3,66.82,-0.52,-0.7782,269521.73,1815372.589,65.792,68.945,69.48,,66.599,67.69,68.642,,42.476,-0.827,-0.158,3.334,-1774995.51
688012.SH,2025-01-09,184.7,185.8,182.0,182.01,183.01,-1.0,-0.5464,62703.41,1151693.768,182.518,187.391,192.107,,183.57,186.658,192.619,,28.944,-8.034,-7.537,7.848,71652.71
688041.SH,2025-01-09,149.89,150.88,145.78,148.2,149.89,-1.69,-1.1275,209431.1,3106013.725,143.174,147.297,139.195,,146.137,144.568,140.815,,57.217,4.874,4.718,7.458,937886.8
688111.SH,2025-01-09,255.77,266.33,255.0,262.44,257.78,4.66,1.8077,36583.56,959971.68,260.158,275.21,290.578,,263.683,271.98,282.558,,37.45,-10.309,-5.556,14.031,-446989.15
688256.SH,2025-01-09,725.0,731.97,706.15,712.29,726.0,-13.71,-1.8884,53823.26,3868372.943,685.354,671.723,645.357,,696.479,676.912,644.456,,67.081,44.25,43.365,39.708,612152.4
688981.SH,2025-01-09,88.4,93.33,88.1,91.32,88.82,2.5,2.8147,724164.51,6635272.045,89.198,92.41,90.555,,90.397,91.013,91.153,,48.161,-0.268,-0.135,4.568,1693961.59
600028.SH,2025-01-10,6.42,6.45,6.29,6.29,6.41,-0.12,-1.8721,1565838.16,993751.803,6.474,6.555,6.537,,6.443,6.502,6.509,,38.935,0.016,0.055,0.132,9594792.38
600030.SH,2025-01-10,26.93,27.08,26.46,26.46,26.89,-0.43,-1.5991,800249.77,2145973.115,26.91,27.887,29.05,,26.995,27.695,28.686,,21.476,-1.148,-0.866,0.798,-3255030.32
600031.SH,2025-01-10,15.42,15.71,15.38,15.44,15.37,0.07,0.4554,467712.6,727772.401,15.496,15.864,16.15,,15.543,15.768,16.129,,26.529,-0.476,-0.435,0.346,-6150524.31
600036.SH,2025-01-10,39.34,39.45,38.81,38.98,39.0,-0.02,-0.0513,481424.8,1881660.497,39.042,39.064,38.721,,39.016,38.97,38.732,,53.546,0.367,0.402,0.716,3595936.28
600050.SH,2025-01-10,4.85,4.86,4.78,4.78,4.86,-0.08,-1.6461,1828468.69,881602.649,4.862,5.034,5.174,,4.881,4.988,5.105,,31.744,-0.125,-0.076,0.139,-2521187.86
600104.SH,2025-01-10,17.38,18.18,17.38,17.63,17.41,0.22,1.2636,1170286.5,2086103.49,17.878,18.804,18.661,,17.93,18.289,18.398,,47.731,0.023,0.288,1.16,2231396.81
600111.SH,2025-01-10,21.3,21.68,20.92,21.14,21.16,-0.02,-0.0945,459101.18,976855.704,21.126,21.109,21.542,,21.112,21.21,21.587,,38.12,-0.545,-0.581,0.677,951599.93
600150.SH,2025-01-10,33.17,33.39,32.5,32.5,33.43,-0.93,-2.7819,372313.74,1224320.456,33.286,34.357,35.048,,33.386,34.021,34.709,,30.977,-0.768,-0.496,0.921,-34505.05
600276.SH,2025-01-10,43.06,43.41,42.53,42.67,43.08,-0.41,-0.9517,265751.59,1138717.521,43.67,44.58,45.463,,43.523,44.31,45.359,,25.558,-1.282,-0.995,0.993,-4550615.34
600309.SH,2025-01-10,67.82,68.1,65.9,65.9,67.71,-1.81,-2.6732,235103.11,1566711.407,68.31,69.855,72.0,,67.973,69.45,71.221,,21.598,-2.044,-1.511,1.518,-2869781.52
600406.SH,2025-01-10,23.85,23.85,23.45,23.45,23.71,-0.26,-1.0966,127944.65,301761.915,23.66,24.177,24.466,,23.719,24.018,24.394,,30.758,-0.475,-0.398,0.577,-556190.07
600519.SH,2025-01-10,1447.1,1451.95,1436.0,1436.0,1444.0,-8.0,-0.554,21871.95,3154677.598,1440.54,1474.367,1505.772,,1448.006,1467.412,1491.57,,26.868,-26.361,-17.508,26.245,-62615.06
600690.SH,2025-01-10,29.45,29.61,28.3,28.41,29.47,-1.06,-3.5969,351045.36,1007319.357,28.678,28.433,28.464,,28.703,28.593,28.591,,48.457,-0.03,-0.097,0.863,3799113.69
600760.SH,2025-01-10,46.85,48.48,46.85,47.15,47.49,-0.34,-0.7159,174708.58,831044.615,46.37,47.779,48.487,,46.918,47.393,48.145,,41.789,-0.931,-0.794,2.026,-1013292.64
600809.SH,2025-01-10,173.0,174.07,170.68,171.39,173.11,-1.72,-0.9936,41460.21,713827.995,172.842,177.812,185.222,,173.625,177.413,184.036,,18.419,-8.362,-7.497,4.93,-749443.0
600887.SH,2025-01-10,28.96,29.09,28.53,28.53,28.96,-0.43,-1.4848,311666.35,896971.215,28.912,29.383,29.483,,28.938,29.186,29.337,,37.44,-0.098,0.048,0.622,-143106.09
600900.SH,2025-01-10,28.79,29.05,28.51,28.87,28.79,0.08,0.2779,694909.83,2005099.923,28.85,29.102,29.233,,28.909,29.012,28.949,,50.21,0.209,0.361,0.491,2682980.89
601012.SH,2025-01-10,14.95,15.0,14.46,14.46,14.98,-0.52,-3.4713,639163.11,938941.44,14.988,15.347,15.94,,14.94,15.299,15.919,,16.123,-0.819,-0.756,0.449,-8402357.53
601088.SH,2025-01-10,39.5,39.93,38.9,39.18,39.57,-0.39,-0.9856,284883.22,1119437.483,40.508,41.565,42.003,,40.318,41.057,41.488,,34.956,-0.228,0.236,1.131,464313.03
601127.SH,2025-01-10,128.14,132.32,127.83,128.17,128.96,-0.79,-0.6126,283847.84,3686239.755,127.634,129.496,130.25,,128.312,129.024,130.03,,44.786,-0.892,-0.288,5.19,-1899278.29
601166.SH,2025-01-10,19.66,19.78,19.37,19.58,19.61,-0.03,-0.153,650177.44,1276377.685,19.494,19.337,18.999,,19.487,19.336,19.092,,63.886,0.309,0.272,0.365,6756974.51
601211.SH,2025-01-10,17.54,17.8,17.4,17.4,17.53,-0.13,-0.7416,322153.6,567314.866,17.568,17.995,18.42,,17.612,17.894,18.293,,25.552,-0.478,-0.383,0.406,-428883.61
601225.SH,2025-01-10,22.24,22.41,21.81,22.15,22.1,0.05,0.2262,277029.27,613305.28,22.516,22.862,23.505,,22.465,22.808,23.22,,34.412,-0.403,-0.212,0.612,-684397.45
601288.SH,2025-01-10,5.14,5.17,5.06,5.1,5.14,-0.04,-0.7782,3544959.99,1811152.318,5.174,5.224,5.184,,5.16,5.183,5.15,,49.184,0.07,0.103,0.119,52922429.49
601318.SH,2025-01-10,49.82,50.08,48.9,48.95,49.81,-0.86,-1.7266,522703.71,2576373.866,49.914,51.04,52.147,,49.917,50.756,51.856,,24.04,-1.276,-0.966,1.033,-6258913.42
601328.SH,2025-01-10,7.42,7.46,7.32,7.4,7.4,0.0,0.0,1161616.95,859680.296,7.438,7.545,7.546,,7.449,7.497,7.5,,46.229,0.026,0.069,0.165,8704274.48
601398.SH,2025-01-10,6.72,6.74,6.6,6.67,6.71,-0.04,-0.5961,2620257.88,1748468.963,6.716,6.788,6.714,,6.718,6.735,6.672,,53.657,0.113,0.149,0.15,10656775.41
601601.SH,2025-01-10,31.95,32.21,31.2,31.2,31.9,-0.7,-2.1944,253473.66,798928.729,31.694,32.522,33.131,,31.776,32.286,32.982,,30.747,-0.794,-0.584,0.924,-517161.23
601628.SH,2025-01-10,38.4,38.85,37.64,37.66,38.5,-0.84,-2.1818,110916.8,421743.844,38.672,39.997,40.964,,38.696,39.595,40.683,,24.776,-1.243,-0.896,1.166,293997.95
601658.SH,2025-01-10,5.35,5.41,5.28,5.33,5.37,-0.04,-0.7449,1265806.97,676449.413,5.458,5.527,5.526,,5.428,5.482,5.495,,40.9,0.013,0.055,0.132,7602641.92
601668.SH,2025-01-10,5.6,5.63,5.5,5.5,5.6,-0.1,-1.7857,1492318.53,828128.621,5.652,5.798,5.884,,5.641,5.744,5.847,,23.666,-0.109,-0.063,0.117,5058081.47
601728.SH,2025-01-10,7.07,7.08,6.97,6.98,7.07,-0.09,-1.273,604937.72,424701.267,7.042,7.098,7.073,,7.048,7.064,7.017,,50.536,0.091,0.123,0.173,15757579.99
601816.SH,2025-01-10,5.8,5.83,5.73,5.73,5.78,-0.05,-0.8651,979383.16,565356.102,5.844,5.988,6.079,,5.842,5.935,5.994,,35.231,-0.016,0.065,0.143,5045664.23
601857.SH,2025-01-10,8.86,8.91,8.69,8.75,8.82,-0.07,-0.7937,1434638.02,1258431.039,8.874,8.885,8.734,,8.844,8.836,8.731,,53.092,0.162,0.186,0.214,12224153.09
601888.SH,2025-01-10,60.8,61.0,59.93,59.98,61.01,-1.03,-1.6882,112651.46,680046.801,61.558,63.947,67.001,,61.64,63.46,65.747,,18.659,-2.473,-1.624,1.588,-1915223.32
601899.SH,2025-01-10,16.09,16.34,15.87,16.15,15.92,0.23,1.4447,1955517.11,3158715.409,15.886,15.614,15.531,,15.898,15.745,15.668,,57.175,0.05,-0.041,0.442,16772372.18
601919.SH,2025-01-10,14.26,14.28,14.09,14.14,14.13,0.01,0.0708,713971.88,1012511.882,14.538,14.908,14.857,,14.469,14.677,14.723,,38.386,0.016,0.135,0.396,2450594.42
601985.SH,2025-01-10,9.83,9.84,9.42,9.43,9.87,-0.44,-4.458,1887214.78,1808346.238,9.884,10.067,10.063,,9.828,9.957,9.999,,37.259,-0.01,0.061,0.278,2982953.79
601988.SH,2025-01-10,5.47,5.48,5.37,5.45,5.46,-0.01,-0.1832,1642008.62,893317.931,5.456,5.452,5.391,,5.455,5.438,5.373,,60.929,0.102,0.115,0.122,17464284.01
603019.SH,2025-01-10,62.7,64.09,61.65,61.66,65.74,-4.08,-6.2063,913404.73,5725236.035,64.78,67.787,71.395,,64.878,67.313,70.298,,28.557,-3.478,-2.445,3.405,-2827101.23
603259.SH,2025-01-10,53.47,54.3,52.94,53.36,52.61,0.75,1.4256,334536.61,1798150.094,52.632,53.452,54.719,,52.923,53.403,53.973,,44.14,-0.335,0.076,1.64,-1655547.26
603501.SH,2025-01-10,99.96,104.1,99.02,100.55,99.96,0.59,0.5902,220276.75,2243940.351,100.24,101.839,101.624,,100.582,101.088,101.574,,44.974,-0.704,-0.667,3.706,-1305117.92
603993.SH,2025-01-10,6.97,7.08,6.89,6.96,6.94,0.02,0.2882,1701331.91,1191487.956,6.94,6.833,6.917,,6.923,6.904,6.968,,45.283,-0.109,-0.143,0.198,-4244014.9
688008.SH,2025-01-10,66.0,67.37,64.08,64.2,66.3,-2.1,-3.1674,293834.52,1934535.925,65.528,67.366,69.256,,65.799,67.055,68.219,,39.08,-1.069,-0.34,3.331,-2068830.03
688012.SH,2025-01-10,182.69,185.28,179.1,179.1,182.01,-2.91,-1.5988,75881.76,1381373.327,182.032,185.71,190.767,,182.08,185.284,191.331,,26.98,-8.154,-7.66,7.729,-4229.05
688041.SH,2025-01-10,149.12,153.66,146.63,146.7,148.2,-1.5,-1.0121,326955.12,4892245.269,145.392,146.049,140.19,,146.324,144.956,141.376,,55.701,4.739,4.722,7.427,610931.68
688111.SH,2025-01-10,261.89,268.0,255.51,255.51,262.44,-6.93,-2.6406,40231.74,1055535.137,258.924,270.891,287.229,,260.959,268.986,279.982,,34.937,-11.072,-6.659,13.921,-487220.89
688256.SH,2025-01-10,720.0,777.77,720.0,729.97,712.29,17.68,2.4821,94380.41,7034599.855,707.148,679.596,653.006,,707.642,686.559,652.6,,69.138,45.696,43.831,41.548,706532.81
688981.SH,2025-01-10,90.85,96.68,90.85,93.18,91.32,1.86,2.0368,899889.28,8521652.352,90.172,92.055,90.855,,91.325,91.407,91.346,,51.223,-0.083,-0.125,4.658,2593850.87
600028.SH,2025-01-13,6.32,6.35,6.16,6.21,6.29,-0.08,-1.2719,1567141.98,975742.257,6.404,6.511,6.529,,6.366,6.449,6.48,,35.739,-0.009,0.042,0.137,8027650.4
600030.SH,2025-01-13,26.16,26.59,26.16,26.51,26.46,0.05,0.189,660663.89,1745282.889,26.8,27.516,28.854,,26.834,27.479,28.479,,22.21,-1.177,-0.928,0.772,-2594366.43
600031.SH,2025-01-13,15.39,15.7,15.23,15.31,15.44,-0.13,-0.842,384318.12,592609.973,15.442,15.732,16.087,,15.465,15.684,16.051,,24.927,-0.484,-0.445,0.355,-6534842.43
600036.SH,2025-01-13,38.93,39.15,38.54,39.07,38.98,0.09,0.2309,606322.74,2360608.444,39.046,39.037,38.81,,39.034,38.988,38.764,,54.482,0.351,0.392,0.709,4202259.02
600050.SH,2025-01-13,4.73,4.77,4.7,4.74,4.78,-0.04,-0.8368,1722224.25,814704.32,4.838,4.971,5.15,,4.834,4.943,5.07,,30.474,-0.138,-0.089,0.135,-4243412.11
600104.SH,2025-01-13,17.1,17.36,16.18,16.27,17.63,-1.36,-7.7141,1351524.68,2246990.679,17.558,18.45,18.537,,17.376,17.922,18.195,,40.718,-0.145,0.201,1.18,879872.13
600111.SH,2025-01-13,20.93,21.53,20.8,21.31,21.14,0.17,0.8042,392644.69,835211.681,21.224,21.076,21.489,,21.178,21.228,21.56,,40.741,-0.502,-0.565,0.681,1344244.62
600150.SH,2025-01-13,31.92,32.36,31.8,32.16,32.5,-0.34,-1.0462,319614.97,1024659.621,33.102,33.929,34.921,,32.977,33.683,34.466,,29.507,-0.875,-0.571,0.905,-354120.02
600276.SH,2025-01-13,42.51,43.17,42.4,42.81,42.67,0.14,0.3281,191129.33,819457.43,43.23,44.251,45.274,,43.285,44.038,45.117,,27.081,-1.329,-1.062,0.977,-4359486.01
600309.SH,2025-01-13,65.89,67.09,65.45,66.69,65.9,0.79,1.1988,151597.32,1009839.375,67.596,69.225,71.597,,67.546,68.948,70.789,,26.655,-2.147,-1.638,1.527,-2718184.2
600406.SH,2025-01-13,23.34,23.62,23.08,23.2,23.45,-0.25,-1.0661,164636.4,383323.308,23.542,23.99,24.403,,23.546,23.869,24.281,,28.496,-0.512,-0.421,0.574,-720826.47
600519.SH,2025-01-13,1425.0,1444.44,1422.01,1443.98,1436.0,7.98,0.5557,21082.51,3030806.87,1441.336,1465.868,1502.021,,1446.664,1463.152,1487.038,,30.515,-26.763,-19.359,25.973,-41532.55
600690.SH,2025-01-13,28.18,28.18,27.07,27.2,28.41,-1.21,-4.2591,538630.65,1479460.525,28.582,28.31,28.405,,28.202,28.34,28.459,,39.585,-0.138,-0.105,0.897,3260483.04
600760.SH,2025-01-13,46.5,47.86,46.07,46.93,47.15,-0.22,-0.4666,129779.81,611146.812,46.606,47.426,48.404,,46.922,47.309,48.029,,41.127,-0.912,-0.818,2.009,-1143072.45
600809.SH,2025-01-13,170.73,174.66,170.21,173.56,171.39,2.17,1.2661,58594.48,1012581.446,172.714,176.389,183.928,,173.604,176.712,183.039,,24.328,-8.163,-7.63,4.896,-690848.52
600887.SH,2025-01-13,28.44,28.84,28.26,28.45,28.53,-0.08,-0.2804,302015.33,859053.968,28.794,29.213,29.443,,28.776,29.052,29.252,,36.638,-0.153,0.008,0.619,-445121.42
600900.SH,2025-01-13,28.8,28.91,28.43,28.81,28.87,-0.06,-0.2078,906278.06,2602917.132,28.834,29.022,29.237,,28.876,28.975,28.936,,49.173,0.177,0.324,0.49,1776702.83
601012.SH,2025-01-13,14.35,14.72,14.29,14.63,14.46,0.17,1.1757,532878.64,776602.99,14.88,15.195,15.82,,14.837,15.178,15.796,,20.845,-0.823,-0.769,0.448,-7869478.89
601088.SH,2025-01-13,39.23,39.51,38.76,38.89,39.18,-0.29,-0.7402,243307.36,950014.027,39.924,41.235,41.818,,39.842,40.663,41.24,,33.662,-0.396,0.109,1.104,221005.67
601127.SH,2025-01-13,130.74,135.0,130.01,132.0,128.17,3.83,2.9882,342401.79,4536420.714,129.234,129.188,130.342,,129.541,129.565,130.218,,50.472,-0.615,-0.353,5.307,-1556876.5
601166.SH,2025-01-13,19.44,19.56,19.12,19.29,19.58,-0.29,-1.4811,638704.64,1233913.738,19.51,19.331,19.056,,19.422,19.327,19.111,,56.152,0.287,0.275,0.372,6118269.87
601211.SH,2025-01-13,17.1,17.4,17.01,17.28,17.4,-0.12,-0.6897,215920.75,372836.369,17.514,17.828,18.334,,17.502,17.783,18.196,,24.362,-0.499,-0.406,0.405,-644804.36
601225.SH,2025-01-13,22.15,22.48,22.0,22.11,22.15,-0.04,-0.1806,226947.31,504119.734,22.306,22.794,23.38,,22.347,22.681,23.114,,34.068,-0.438,-0.257,0.602,-911344.76
601288.SH,2025-01-13,5.08,5.1,4.96,5.03,5.1,-0.07,-1.3725,4287159.4,2153668.607,5.142,5.196,5.186,,5.117,5.155,5.138,,44.49,0.053,0.093,0.121,48635270.09
601318.SH,2025-01-13,48.48,48.8,48.1,48.59,48.95,-0.36,-0.7354,511393.15,2474824.396,49.564,50.572,51.89,,49.474,50.363,51.545,,22.892,-1.375,-1.048,1.02,-6770306.57
601328.SH,2025-01-13,7.37,7.4,7.22,7.27,7.4,-0.13,-1.7568,1352458.94,986864.869,7.41,7.501,7.544,,7.39,7.456,7.478,,40.694,0.005,0.056,0.166,7351815.54
601398.SH,2025-01-13,6.66,6.67,6.49,6.6,6.67,-0.07,-1.0495,3306032.82,2177310.84,6.686,6.756,6.724,,6.679,6.71,6.665,,49.367,0.094,0.138,0.152,7350742.59
601601.SH,2025-01-13,30.98,31.22,30.42,30.62,31.2,-0.58,-1.859,362137.61,1110845.473,31.476,32.174,32.94,,31.39,31.983,32.757,,28.046,-0.882,-0.644,0.915,-879298.84
601628.SH,2025-01-13,37.45,37.64,37.04,37.43,37.66,-0.23,-0.6107,119382.11,445508.695,38.322,39.488,40.728,,38.274,39.201,40.373,,24.052,-1.346,-0.986,1.127,174615.84
601658.SH,2025-01-13,5.31,5.32,5.16,5.24,5.33,-0.09,-1.6886,1578536.06,826877.261,5.396,5.492,5.518,,5.365,5.438,5.47,,36.871,-0.008,0.042,0.135,6024105.86
601668.SH,2025-01-13,5.48,5.53,5.42,5.49,5.5,-0.01,-0.1818,1466091.58,801148.887,5.602,5.743,5.861,,5.591,5.698,5.813,,23.359,-0.124,-0.075,0.117,3591989.89
601728.SH,2025-01-13,6.92,6.98,6.75,6.83,6.98,-0.15,-2.149,1074906.91,734843.01,7.008,7.064,7.076,,6.975,7.021,6.999,,43.68,0.066,0.111,0.177,14682673.08
601816.SH,2025-01-13,5.75,5.75,5.65,5.69,5.73,-0.04,-0.6981,962661.7,547731.981,5.798,5.934,6.055,,5.791,5.891,5.965,,33.75,-0.036,0.045,0.14,4083002.53
601857.SH,2025-01-13,8.9,8.95,8.72,8.87,8.75,0.12,1.3714,1781679.45,1578493.988,8.866,8.88,8.764,,8.853,8.842,8.745,,56.802,0.154,0.18,0.215,14005832.54
601888.SH,2025-01-13,59.5,60.65,59.37,60.17,59.98,0.19,0.3168,91988.64,552403.607,61.084,63.076,66.445,,61.15,62.862,65.216,,19.998,-2.599,-1.819,1.566,-1823234.68
601899.SH,2025-01-13,16.14,16.66,16.03,16.4,16.15,0.25,1.548,2377232.03,3905138.856,16.068,15.724,15.572,,16.065,15.864,15.738,,60.57,0.101,-0.012,0.455,19149604.21
601919.SH,2025-01-13,14.31,14.44,14.14,14.19,14.14,0.05,0.3536,1046287.61,1494792.33,14.386,14.807,14.853,,14.376,14.588,14.672,,39.585,-0.026,0.103,0.389,3496882.03
601985.SH,2025-01-13,9.27,9.32,9.01,9.31,9.43,-0.12,-1.2725,2173320.23,1990783.077,9.756,9.96,10.045,,9.655,9.84,9.933,,35.361,-0.062,0.036,0.288,809633.56
601988.SH,2025-01-13,5.41,5.45,5.3,5.35,5.45,-0.1,-1.8349,1857741.36,997327.651,5.448,5.439,5.399,,5.42,5.422,5.371,,52.312,0.088,0.11,0.124,15606542.65
603019.SH,2025-01-13,60.31,61.64,60.18,60.89,61.66,-0.77,-1.2488,427070.39,2603674.928,64.056,66.392,70.843,,63.549,66.145,69.402,,27.715,-3.799,-2.716,3.267,-3254171.62
603259.SH,2025-01-13,52.63,53.63,52.44,53.17,53.36,-0.19,-0.3561,200884.52,1067634.276,52.686,53.29,54.553,,53.005,53.36,53.896,,43.353,-0.34,-0.007,1.608,-1856431.78
603501.SH,2025-01-13,98.68,100.48,98.23,99.75,100.55,-0.8,-0.7956,137251.84,1362280.52,100.562,101.244,101.679,,100.304,100.845,101.4,,43.453,-0.766,-0.687,3.607,-1442369.76
603993.SH,2025-01-13,6.89,7.06,6.86,6.94,6.96,-0.02,-0.2874,1757408.97,1225475.987,6.966,6.845,6.903,,6.929,6.91,6.966,,44.521,-0.099,-0.134,0.198,-6001423.87
688008.SH,2025-01-13,62.71,63.57,61.8,62.91,64.2,-1.29,-2.0093,242828.09,1523336.14,65.328,66.109,69.0,,64.836,66.302,67.713,,37.118,-1.349,-0.542,3.265,-2311658.12
688012.SH,2025-01-13,174.81,181.15,174.51,178.96,179.1,-0.14,-0.0782,60235.0,1075818.246,181.482,183.871,189.689,,181.04,184.134,190.153,,26.885,-8.166,-7.762,7.651,-64464.05
688041.SH,2025-01-13,146.7,146.7,141.26,143.4,146.7,-3.3,-2.2495,217896.59,3121265.214,147.158,144.884,141.169,,145.35,144.673,141.568,,52.411,4.316,4.641,7.286,393035.09
688111.SH,2025-01-13,251.68,260.42,251.18,255.0,255.51,-0.51,-0.1996,34714.11,888294.58,258.394,265.975,284.288,,258.972,266.443,277.603,,34.753,-11.585,-7.645,13.587,-521935.0
688256.SH,2025-01-13,707.0,721.05,667.42,719.0,729.97,-10.97,-1.5028,93076.36,6466985.233,721.052,686.286,660.556,,711.428,692.457,658.924,,66.367,45.432,44.151,43.049,613456.45
688981.SH,2025-01-13,91.0,95.86,89.88,95.02,93.18,1.84,1.9747,680256.4,6365470.803,91.788,91.806,91.457,,92.557,92.064,91.696,,54.112,0.21,-0.058,4.752,3274107.27
600028.SH,2025-01-14,6.21,6.27,6.17,6.26,6.21,0.05,0.8052,1347197.66,839783.498,6.35,6.465,6.52,,6.33,6.415,6.459,,39.103,-0.025,0.029,0.134,9374848.06
600030.SH,2025-01-14,26.62,27.76,26.55,27.7,26.51,1.19,4.4889,1666249.23,4556431.362,26.908,27.235,28.738,,27.122,27.52,28.405,,37.234,-1.091,-0.961,0.806,-928117.2
600031.SH,2025-01-14,15.31,15.85,15.3,15.8,15.31,0.49,3.2005,590312.54,925532.19,15.498,15.644,16.058,,15.577,15.705,16.027,,39.703,-0.445,-0.445,0.369,-5944529.89
600036.SH,2025-01-14,39.09,39.97,38.9,39.85,39.07,0.78,1.9964,708011.88,2802857.578,39.236,39.06,38.915,,39.306,39.145,38.868,,61.691,0.398,0.393,0.735,4910270.9
600050.SH,2025-01-14,4.75,4.85,4.74,4.85,4.74,0.11,2.3207,2146643.43,1033564.612,4.828,4.915,5.13,,4.839,4.926,5.049,,37.836,-0.137,-0.098,0.133,-2096768.68
600104.SH,2025-01-14,16.28,17.38,16.2,17.05,16.27,0.78,4.7941,1186059.07,1986203.256,17.25,18.051,18.478,,17.268,17.764,18.086,,45.65,-0.213,0.118,1.18,2065931.2
600111.SH,2025-01-14,21.37,22.1,21.07,22.08,21.31,0.77,3.6133,631569.19,1377239.794,21.346,21.106,21.49,,21.479,21.383,21.61,,50.89,-0.402,-0.532,0.706,1975813.81
600150.SH,2025-01-14,32.1,33.12,31.91,33.05,32.16,0.89,2.7674,433172.9,1418305.662,33.032,33.59,34.834,,33.001,33.568,34.331,,37.826,-0.877,-0.633,0.927,79052.88
600276.SH,2025-01-14,42.81,44.41,42.81,44.29,42.81,1.48,3.4571,337755.03,1481294.682,43.28,44.066,45.184,,43.62,44.083,45.038,,40.855,-1.233,-1.096,1.022,-4021730.98
600309.SH,2025-01-14,66.69,67.99,66.28,67.81,66.69,1.12,1.6794,178331.93,1199849.052,67.262,68.721,71.312,,67.634,68.741,70.506,,33.23,-2.113,-1.733,1.54,-2539852.27
600406.SH,2025-01-14,23.2,23.87,22.89,23.7,23.2,0.5,2.1552,220538.64,517716.696,23.532,23.85,24.384,,23.597,23.838,24.225,,38.274,-0.495,-0.436,0.603,-500287.83
600519.SH,2025-01-14,1444.95,1478.68,1442.0,1472.5,1443.98,28.52,1.9751,30956.57,4535651.504,1447.796,1460.618,1499.286,,1455.276,1464.852,1485.653,,41.705,-24.497,-20.387,26.738,-10575.98
600690.SH,2025-01-14,27.05,27.51,26.88,27.39,27.2,0.19,0.6985,433824.79,1182549.84,28.358,28.225,28.364,,27.931,28.167,28.357,,41.4,-0.206,-0.125,0.878,3694307.83
600760.SH,2025-01-14,46.95,48.38,46.88,48.28,46.93,1.35,2.8766,150970.1,722197.177,46.982,47.244,48.346,,47.375,47.486,48.053,,46.706,-0.778,-0.81,1.973,-992102.35
600809.SH,2025-01-14,174.0,180.99,173.59,180.86,173.56,7.3,4.206,76971.59,1378649.004,174.098,175.882,183.227,,176.022,177.467,182.831,,40.057,-7.331,-7.57,5.077,-613876.93
600887.SH,2025-01-14,28.39,28.95,28.21,28.65,28.45,0.2,0.703,375231.32,1074224.813,28.748,29.07,29.416,,28.734,28.979,29.195,,40.093,-0.179,-0.029,0.628,-69890.1
600900.SH,2025-01-14,28.8,28.98,28.72,28.84,28.81,0.03,0.1041,819856.65,2362763.164,28.862,28.965,29.216,,28.864,28.951,28.927,,49.732,0.152,0.289,0.474,2596559.48
601012.SH,2025-01-14,14.7,15.15,14.6,15.11,14.63,0.48,3.2809,673007.62,1004866.708,14.854,15.082,15.733,,14.928,15.165,15.731,,32.416,-0.778,-0.771,0.455,-7196471.27
601088.SH,2025-01-14,39.2,39.32,38.69,39.32,38.89,0.43,1.1057,308138.71,1202030.435,39.568,40.889,41.611,,39.668,40.419,41.057,,37.364,-0.488,-0.01,1.07,529144.38
601127.SH,2025-01-14,131.21,139.0,130.7,138.71,132.0,6.71,5.0833,491443.0,6701713.042,131.124,129.579,130.742,,132.597,131.228,131.027,,58.529,0.143,-0.254,5.521,-1065433.5
601166.SH,2025-01-14,19.33,19.68,19.22,19.61,19.29,0.32,1.6589,777592.91,1520370.698,19.546,19.337,19.125,,19.484,19.379,19.158,,61.667,0.292,0.278,0.378,6895862.78
601211.SH,2025-01-14,17.32,17.8,17.23,17.75,17.28,0.47,2.7199,465137.37,819011.973,17.526,17.686,18.278,,17.584,17.777,18.154,,36.776,-0.472,-0.42,0.417,-179666.99
601225.SH,2025-01-14,22.24,22.28,21.86,22.17,22.11,0.06,0.2714,298999.07,661500.715,22.214,22.677,23.242,,22.288,22.588,23.024,,35.117,-0.455,-0.297,0.589,-612345.69
601288.SH,2025-01-14,5.02,5.1,5.01,5.05,5.03,0.02,0.3976,4564823.4,2306057.898,5.1,5.164,5.183,,5.094,5.136,5.13,,46.074,0.041,0.083,0.119,53200093.49
601318.SH,2025-01-14,48.59,49.58,48.5,49.36,48.59,0.77,1.5847,615774.4,3024006.484,49.402,50.118,51.702,,49.436,50.18,51.337,,30.534,-1.376,-1.114,1.024,-6154532.17
601328.SH,2025-01-14,7.3,7.4,7.26,7.36,7.27,0.09,1.238,1182696.7,870060.702,7.39,7.455,7.541,,7.38,7.438,7.467,,45.554,-0.004,0.044,0.164,8534512.24
601398.SH,2025-01-14,6.59,6.65,6.56,6.61,6.6,0.01,0.1515,3418852.64,2259932.309,6.67,6.722,6.728,,6.656,6.692,6.66,,49.982,0.08,0.127,0.147,10769595.23
601601.SH,2025-01-14,30.7,31.44,30.47,31.3,30.62,0.68,2.2208,325308.26,1011162.783,31.402,31.841,32.814,,31.36,31.859,32.618,,35.229,-0.887,-0.692,0.919,-553990.58
601628.SH,2025-01-14,37.8,38.82,37.21,38.4,37.43,0.97,2.5915,185577.93,704988.182,38.212,39.025,40.581,,38.316,39.056,40.185,,32.944,-1.333,-1.055,1.161,360193.77
601658.SH,2025-01-14,5.23,5.28,5.21,5.25,5.24,0.01,0.1908,1822764.25,955708.346,5.328,5.447,5.505,,5.327,5.404,5.449,,37.606,-0.024,0.029,0.13,7846870.11
601668.SH,2025-01-14,5.49,5.6,5.48,5.57,5.49,0.08,1.4572,1742838.41,967087.479,5.568,5.692,5.844,,5.584,5.675,5.79,,31.078,-0.127,-0.085,0.117,5334828.3
601728.SH,2025-01-14,6.83,7.03,6.81,6.89,6.83,0.06,0.8785,879309.0,607436.433,6.986,7.027,7.071,,6.947,6.997,6.989,,46.79,0.05,0.099,0.18,15561982.08
601816.SH,2025-01-14,5.7,5.8,5.69,5.76,5.69,0.07,1.2302,1316885.06,758952.787,5.774,5.882,6.032,,5.781,5.867,5.945,,38.613,-0.046,0.027,0.138,5399887.59
601857.SH,2025-01-14,8.81,8.91,8.75,8.9,8.87,0.03,0.3382,1588846.8,1407341.963,8.878,8.87,8.786,,8.868,8.853,8.759,,57.703,0.148,0.173,0.212,15594679.34
601888.SH,2025-01-14,60.2,61.98,60.2,61.87,60.17,1.7,2.8253,165425.56,1012419.547,60.964,62.437,65.948,,61.39,62.681,64.898,,30.944,-2.532,-1.962,1.583,-1657809.12
601899.SH,2025-01-14,16.29,16.48,16.05,16.41,16.4,0.01,0.061,1800898.19,2933492.77,16.146,15.811,15.625,,16.18,15.964,15.802,,60.704,0.141,0.018,0.453,20950502.4
601919.SH,2025-01-14,14.19,14.55,14.15,14.49,14.19,0.3,2.1142,989021.82,1428560.308,14.332,14.686,14.844,,14.414,14.571,14.655,,46.335,-0.035,0.075,0.39,4485903.85
601985.SH,2025-01-14,9.27,9.53,9.27,9.5,9.31,0.19,2.0408,1394896.71,1314665.903,9.66,9.883,10.021,,9.603,9.778,9.892,,40.527,-0.088,0.012,0.286,2204530.27
601988.SH,2025-01-14,5.36,5.44,5.35,5.43,5.35,0.08,1.4953,1577528.23,852334.667,5.442,5.429,5.408,,5.423,5.423,5.376,,57.491,0.083,0.104,0.121,17184070.88
603019.SH,2025-01-14,61.87,64.44,61.01,64.34,60.89,3.45,5.666,726678.35,4587460.408,63.614,65.422,70.491,,63.813,65.817,68.92,,36.713,-3.732,-2.919,3.288,-2527493.27
603259.SH,2025-01-14,53.81,55.35,53.52,55.0,53.17,1.83,3.4418,326686.63,1790246.506,53.21,53.18,54.492,,53.67,53.658,54.002,,52.193,-0.194,-0.045,1.649,-1529745.15
603501.SH,2025-01-14,99.78,104.75,97.56,104.75,99.75,5.0,5.0125,223113.29,2284011.805,101.128,100.919,102.036,,101.786,101.555,101.719,,53.935,-0.407,-0.631,3.863,-1219256.47
603993.SH,2025-01-14,6.9,7.05,6.85,7.05,6.94,0.11,1.585,2012171.36,1402615.599,6.968,6.869,6.899,,6.969,6.936,6.974,,49.546,-0.081,-0.123,0.198,-3989252.51
688008.SH,2025-01-14,63.3,66.64,62.81,66.43,62.91,3.52,5.5953,304704.67,1989557.938,65.332,65.633,68.874,,65.367,66.325,67.591,,45.204,-1.272,-0.688,3.305,-2006953.45
688012.SH,2025-01-14,180.6,188.68,178.07,188.45,178.96,9.49,5.3029,96357.67,1787405.699,182.306,182.916,189.512,,183.51,184.919,189.991,,41.778,-7.326,-7.675,7.862,31893.62
688041.SH,2025-01-14,145.5,146.55,138.28,144.05,143.4,0.65,0.4533,328297.93,4699483.49,146.448,143.889,142.201,,144.916,144.56,141.805,,53.0,3.987,4.51,7.356,721333.02
688111.SH,2025-01-14,256.28,278.98,253.99,276.0,255.0,21.0,8.2353,81669.6,2223845.069,261.346,264.035,282.558,,264.648,268.18,277.45,,47.15,-10.18,-8.152,14.401,-440265.4
688256.SH,2025-01-14,716.0,717.0,679.19,694.01,719.0,-24.99,-3.4757,88292.42,6136445.405,716.254,687.337,666.494,,705.622,692.74,662.265,,60.425,42.714,43.864,42.817,525164.03
688981.SH,2025-01-14,96.95,99.58,94.45,98.77,95.02,3.75,3.9465,928881.06,9014169.473,93.422,91.754,92.32,,94.628,93.283,92.369,,59.39,0.736,0.101,4.779,4202988.33
600028.SH,2025-01-15,6.24,6.38,6.23,6.26,6.26,0.0,0.0,1373817.71,864286.887,6.286,6.423,6.51,,6.307,6.386,6.44,,39.103,-0.037,0.016,0.135,9374848.06
600030.SH,2025-01-15,27.49,27.66,27.28,27.37,27.7,-0.33,-1.1913,888639.84,2439628.711,26.986,27.055,28.595,,27.205,27.492,28.306,,35.204,-1.038,-0.976,0.779,-1816757.04
600031.SH,2025-01-15,15.8,15.8,15.38,15.4,15.8,-0.4,-2.5316,543389.11,843185.8,15.464,15.536,16.003,,15.518,15.65,15.967,,33.846,-0.442,-0.444,0.372,-6487919.0
600036.SH,2025-01-15,39.99,41.0,39.89,40.64,39.85,0.79,1.9824,796700.88,3234242.853,39.508,39.194,39.055,,39.751,39.417,39.037,,67.334,0.492,0.413,0.764,5706971.78
600050.SH,2025-01-15,4.84,4.89,4.81,4.82,4.85,-0.03,-0.6186,1378119.29,667306.02,4.81,4.866,5.11,,4.833,4.907,5.027,,36.695,-0.138,-0.106,0.129,-3474887.97
600104.SH,2025-01-15,16.8,16.85,16.19,16.3,17.05,-0.75,-4.3988,901677.65,1476843.053,16.932,17.605,18.38,,16.945,17.498,17.916,,42.029,-0.324,0.03,1.157,1164253.55
600111.SH,2025-01-15,22.08,22.18,21.61,21.89,22.08,-0.19,-0.8605,440709.69,963458.772,21.516,21.173,21.482,,21.616,21.475,21.637,,48.674,-0.333,-0.492,0.696,1535104.12
600150.SH,2025-01-15,32.99,32.99,32.02,32.12,33.05,-0.93,-2.8139,428278.8,1386580.54,32.652,33.206,34.647,,32.708,33.305,34.121,,33.392,-0.943,-0.695,0.934,-349225.92
600276.SH,2025-01-15,44.26,44.28,43.66,43.88,44.29,-0.41,-0.9257,184964.57,810779.951,43.346,43.864,45.054,,43.707,44.046,44.928,,38.676,-1.176,-1.112,0.994,-4206695.55
600309.SH,2025-01-15,68.0,68.1,66.9,67.18,67.81,-0.63,-0.9291,112573.68,757778.308,67.058,68.304,70.915,,67.482,68.457,70.189,,31.519,-2.113,-1.809,1.516,-2652425.95
600406.SH,2025-01-15,23.6,23.76,23.22,23.24,23.7,-0.46,-1.9409,187974.7,440302.926,23.46,23.652,24.321,,23.478,23.729,24.132,,33.707,-0.513,-0.451,0.599,-688262.53
600519.SH,2025-01-15,1467.0,1474.6,1460.01,1471.27,1472.5,-1.23,-0.0835,18399.34,2701518.712,1453.55,1455.345,1494.95,,1460.607,1466.019,1484.283,,41.395,-22.541,-20.818,25.87,-28975.32
600690.SH,2025-01-15,27.38,27.83,26.82,26.87,27.39,-0.52,-1.8985,423506.77,1153155.635,27.868,28.065,28.288,,27.578,27.931,28.215,,38.033,-0.298,-0.16,0.887,3270801.06
600760.SH,2025-01-15,48.29,48.43,47.5,47.5,48.28,-0.78,-1.6156,101122.35,482996.451,47.47,46.922,48.254,,47.416,47.488,48.0,,44.105,-0.727,-0.793,1.898,-1093224.7
600809.SH,2025-01-15,180.05,181.5,177.41,180.25,180.86,-0.61,-0.3373,41510.15,745751.165,175.834,175.486,182.473,,177.432,177.973,182.585,,39.322,-6.645,-7.385,5.006,-655387.08
600887.SH,2025-01-15,28.7,28.83,28.38,28.46,28.65,-0.19,-0.6632,268840.92,767044.979,28.61,28.898,29.358,,28.642,28.885,29.125,,37.974,-0.212,-0.066,0.615,-338731.02
600900.SH,2025-01-15,28.73,29.12,28.61,28.8,28.84,-0.04,-0.1387,722792.78,2086198.307,28.822,28.89,29.192,,28.843,28.923,28.915,,48.959,0.127,0.257,0.476,1873766.7
601012.SH,2025-01-15,15.06,15.75,14.88,15.26,15.11,0.15,0.9927,1109179.34,1697709.224,14.888,15.037,15.662,,15.038,15.183,15.686,,35.585,-0.722,-0.761,0.485,-6087291.93
601088.SH,2025-01-15,39.18,39.93,38.96,39.21,39.32,-0.11,-0.2798,296396.57,1165666.418,39.234,40.462,41.432,,39.515,40.199,40.881,,36.799,-0.564,-0.121,1.063,232747.81
601127.SH,2025-01-15,138.0,139.82,136.16,137.8,138.71,-0.91,-0.656,310981.44,4274380.583,133.128,130.02,131.122,,134.332,132.423,131.672,,57.171,0.664,-0.071,5.388,-1376414.94
601166.SH,2025-01-15,19.63,20.08,19.56,19.8,19.61,0.19,0.9689,783713.26,1558636.309,19.578,19.401,19.197,,19.59,19.455,19.219,,64.52,0.307,0.284,0.389,7679576.04
601211.SH,2025-01-15,17.63,17.68,17.55,17.65,17.75,-0.1,-0.5634,259392.72,457198.628,17.522,17.586,18.222,,17.606,17.754,18.106,,35.443,-0.454,-0.427,0.401,-439059.71
601225.SH,2025-01-15,22.08,22.43,21.78,21.9,22.17,-0.27,-1.2179,429791.56,948298.118,22.086,22.541,23.072,,22.159,22.463,22.917,,32.603,-0.485,-0.334,0.594,-1042137.25
601288.SH,2025-01-15,5.05,5.16,5.04,5.07,5.05,0.02,0.396,4742621.27,2420481.997,5.078,5.137,5.181,,5.086,5.124,5.124,,47.681,0.032,0.072,0.119,57942714.76
601318.SH,2025-01-15,49.25,49.66,48.91,49.11,49.36,-0.25,-0.5065,458028.52,2251226.874,49.164,49.764,51.507,,49.328,49.986,51.125,,29.511,-1.381,-1.167,1.005,-6612560.69
601328.SH,2025-01-15,7.36,7.58,7.36,7.41,7.36,0.05,0.6793,1470237.11,1098933.413,7.368,7.419,7.542,,7.39,7.433,7.462,,48.099,-0.007,0.034,0.168,10004749.35
601398.SH,2025-01-15,6.6,6.73,6.58,6.63,6.61,0.02,0.3026,3075982.74,2046662.181,6.644,6.693,6.734,,6.647,6.681,6.657,,51.258,0.069,0.115,0.148,13845577.97
601601.SH,2025-01-15,31.21,31.63,31.02,31.15,31.3,-0.15,-0.4792,199677.57,624098.235,31.234,31.548,32.685,,31.29,31.73,32.478,,34.413,-0.893,-0.732,0.897,-753668.15
601628.SH,2025-01-15,38.22,38.6,37.85,38.15,38.4,-0.25,-0.651,104549.65,398920.32,38.028,38.648,40.411,,38.261,38.891,39.991,,31.907,-1.328,-1.11,1.132,255644.12
601658.SH,2025-01-15,5.24,5.33,5.23,5.27,5.25,0.02,0.381,1689389.15,890705.825,5.292,5.406,5.494,,5.308,5.38,5.432,,39.134,-0.034,0.016,0.128,9536259.26
601668.SH,2025-01-15,5.56,5.62,5.56,5.61,5.57,0.04,0.7181,1621176.96,907093.971,5.554,5.653,5.829,,5.592,5.663,5.773,,34.624,-0.125,-0.093,0.113,6956005.26
601728.SH,2025-01-15,6.9,7.03,6.86,6.88,6.89,-0.01,-0.1451,675277.0,468639.862,6.93,6.993,7.066,,6.925,6.976,6.978,,46.331,0.037,0.087,0.179,14886705.08
601816.SH,2025-01-15,5.75,5.82,5.71,5.72,5.76,-0.04,-0.6944,944929.02,544476.089,5.736,5.838,6.008,,5.761,5.84,5.924,,36.944,-0.057,0.01,0.136,4454958.57
601857.SH,2025-01-15,8.86,9.02,8.79,8.86,8.9,-0.04,-0.4494,1414869.0,1258878.298,8.84,8.862,8.805,,8.866,8.854,8.769,,56.026,0.139,0.166,0.213,14179810.34
601888.SH,2025-01-15,61.79,61.79,61.05,61.29,61.87,-0.58,-0.9374,93724.62,574830.485,60.864,61.865,65.464,,61.357,62.428,64.554,,29.463,-2.497,-2.069,1.529,-1751533.74
601899.SH,2025-01-15,16.35,16.4,15.53,15.78,16.41,-0.63,-3.8391,3279464.07,5211318.615,16.132,15.877,15.642,,16.047,15.93,15.8,,49.315,0.12,0.039,0.484,17671038.33
601919.SH,2025-01-15,14.52,14.76,14.38,14.51,14.49,0.02,0.138,1016692.77,1486377.067,14.292,14.587,14.822,,14.446,14.56,14.641,,46.762,-0.04,0.052,0.389,5502596.62
601985.SH,2025-01-15,9.5,9.71,9.37,9.6,9.5,0.1,1.0526,1298554.22,1248154.685,9.542,9.8,9.998,,9.602,9.746,9.864,,43.105,-0.098,-0.01,0.29,3503084.49
601988.SH,2025-01-15,5.43,5.55,5.41,5.45,5.43,0.02,0.3683,1961077.79,1073577.865,5.428,5.423,5.416,,5.432,5.428,5.383,,58.699,0.079,0.099,0.123,19145148.67
603019.SH,2025-01-15,64.34,66.44,63.67,64.49,64.34,0.15,0.2331,665672.01,4312777.488,63.424,64.639,70.143,,64.038,65.576,68.498,,37.08,-3.625,-3.06,3.251,-1861821.26
603259.SH,2025-01-15,54.9,54.9,52.53,53.28,55.0,-1.72,-3.1273,387270.5,2065578.447,53.484,53.004,54.381,,53.54,53.59,53.933,,45.073,-0.215,-0.079,1.707,-1917015.65
603501.SH,2025-01-15,104.64,104.64,102.26,102.56,104.75,-2.19,-2.0907,140222.82,1446501.127,101.514,100.734,102.289,,102.044,101.738,101.799,,49.599,-0.295,-0.564,3.765,-1359479.29
603993.SH,2025-01-15,7.01,7.05,6.81,6.9,7.05,-0.15,-2.1277,1989507.42,1374568.795,6.958,6.894,6.89,,6.946,6.929,6.967,,43.73,-0.078,-0.114,0.201,-5978759.93
688008.SH,2025-01-15,66.25,66.95,65.59,66.2,66.43,-0.23,-0.3462,208233.13,1380787.103,65.208,65.463,68.84,,65.645,66.302,67.458,,44.799,-1.216,-0.793,3.166,-2215186.58
688012.SH,2025-01-15,189.73,193.88,186.17,186.39,188.45,-2.06,-1.0931,89386.98,1695953.987,182.982,182.639,189.286,,184.47,185.186,189.648,,39.879,-6.749,-7.489,7.851,-57493.36
688041.SH,2025-01-15,144.01,151.27,140.87,147.2,144.05,3.15,2.1867,321410.98,4708994.718,145.91,143.63,143.47,,145.678,145.04,142.319,,55.851,3.935,4.395,7.573,1042744.0
688111.SH,2025-01-15,275.1,279.0,273.01,274.9,276.0,-1.1,-0.3986,32967.51,909848.189,264.77,262.886,280.796,,268.066,269.402,277.207,,46.65,-9.051,-8.332,13.8,-473232.91
688256.SH,2025-01-15,671.0,718.0,662.1,695.96,694.01,1.95,0.281,93774.0,6463773.008,710.246,691.133,672.792,,702.401,693.325,665.474,,60.721,40.254,43.142,43.752,618938.03
688981.SH,2025-01-15,97.5,102.29,97.3,99.55,98.77,0.78,0.7897,776592.34,7724457.763,95.568,92.247,93.188,,96.268,94.423,93.053,,60.41,1.203,0.321,4.794,4979580.67
600028.SH,2025-01-16,6.3,6.34,6.25,6.28,6.26,0.02,0.3195,1175984.35,739740.895,6.26,6.395,6.499,,6.298,6.367,6.425,,40.547,-0.044,0.004,0.132,10550832.41
600030.SH,2025-01-16,27.55,27.79,27.02,27.25,27.37,-0.12,-0.4384,884583.84,2422135.499,27.058,27.035,28.443,,27.22,27.448,28.206,,34.468,-0.994,-0.98,0.778,-2701340.88
600031.SH,2025-01-16,15.49,15.8,15.44,15.54,15.4,0.14,0.9091,542228.15,847230.101,15.498,15.513,15.956,,15.525,15.63,15.926,,37.331,-0.423,-0.44,0.374,-5945690.85
600036.SH,2025-01-16,40.65,41.15,40.53,40.99,40.64,0.35,0.8612,592593.86,2423118.469,39.906,39.442,39.178,,40.164,39.703,39.223,,69.479,0.589,0.448,0.754,6299565.64
600050.SH,2025-01-16,4.84,4.89,4.82,4.85,4.82,0.03,0.6224,1796687.1,872366.924,4.808,4.849,5.086,,4.839,4.896,5.011,,38.687,-0.135,-0.112,0.125,-1678200.87
600104.SH,2025-01-16,16.3,17.12,16.3,16.88,16.3,0.58,3.5583,1096776.51,1833632.947,16.826,17.39,18.275,,16.923,17.385,17.817,,45.621,-0.361,-0.049,1.133,2261030.06
600111.SH,2025-01-16,21.9,22.15,21.66,21.89,21.89,0.0,0.0,384436.83,842603.123,21.662,21.313,21.472,,21.707,21.55,21.661,,48.674,-0.276,-0.449,0.681,1535104.12
600150.SH,2025-01-16,32.2,32.99,31.95,32.82,32.12,0.7,2.1793,558888.71,1815515.234,32.53,33.031,34.484,,32.745,33.217,33.997,,39.172,-0.928,-0.741,0.942,209662.79
600276.SH,2025-01-16,44.08,44.15,42.86,42.9,43.88,-0.98,-2.2334,310157.71,1344908.224,43.31,43.659,44.869,,43.438,43.838,44.734,,34.006,-1.196,-1.129,1.015,-4516853.26
600309.SH,2025-01-16,67.17,69.0,67.15,67.74,67.18,0.56,0.8336,192764.66,1313245.412,67.064,68.106,70.566,,67.568,68.327,69.956,,34.737,-2.045,-1.856,1.54,-2459661.29
600406.SH,2025-01-16,23.27,23.53,22.76,22.9,23.24,-0.34,-1.463,285364.1,657614.211,23.298,23.52,24.238,,23.286,23.579,24.014,,30.783,-0.548,-0.47,0.611,-973626.63
600519.SH,2025-01-16,1474.0,1482.66,1442.0,1446.38,1471.27,-24.89,-1.6917,26342.13,3840411.437,1454.026,1451.183,1488.694,,1455.865,1462.448,1480.673,,35.631,-22.738,-21.202,26.926,-55317.45
600690.SH,2025-01-16,27.06,27.83,26.92,27.16,26.87,0.29,1.0793,521530.7,1428918.672,27.406,27.961,28.226,,27.438,27.791,28.115,,40.918,-0.344,-0.197,0.892,3792331.76
600760.SH,2025-01-16,47.59,47.99,46.99,47.16,47.5,-0.34,-0.7158,88563.22,419646.391,47.404,46.806,48.112,,47.331,47.429,47.92,,42.982,-0.706,-0.776,1.834,-1181787.92
600809.SH,2025-01-16,180.8,182.5,177.0,178.3,180.25,-1.95,-1.0818,38740.02,694559.898,176.872,175.518,181.627,,177.721,178.032,182.177,,36.984,-6.187,-7.145,5.042,-694127.1
600887.SH,2025-01-16,28.57,28.68,28.23,28.33,28.46,-0.13,-0.4568,309146.04,877585.764,28.484,28.775,29.294,,28.538,28.784,29.049,,36.551,-0.246,-0.102,0.603,-647877.06
600900.SH,2025-01-16,28.73,28.98,28.72,28.84,28.8,0.04,0.1389,720602.4,2076090.814,28.832,28.854,29.163,,28.842,28.908,28.908,,49.8,0.11,0.228,0.461,2594369.1
601012.SH,2025-01-16,15.2,15.6,15.17,15.4,15.26,0.14,0.9174,723884.66,1112620.997,14.972,15.034,15.6,,15.159,15.222,15.659,,38.484,-0.659,-0.741,0.481,-5363407.27
601088.SH,2025-01-16,39.35,39.92,39.05,39.7,39.21,0.49,1.2497,310888.95,1229326.895,39.26,40.173,41.264,,39.577,40.108,40.769,,41.079,-0.578,-0.212,1.049,543636.76
601127.SH,2025-01-16,137.89,139.68,134.67,135.39,137.8,-2.41,-1.7489,298467.18,4088001.741,134.414,130.705,131.403,,134.684,132.962,132.026,,53.621,0.871,0.118,5.361,-1674882.12
601166.SH,2025-01-16,20.0,20.05,19.72,19.99,19.8,0.19,0.9596,703283.13,1402327.987,19.654,19.508,19.267,,19.723,19.553,19.293,,67.153,0.331,0.294,0.384,8382859.17
601211.SH,2025-01-16,17.75,17.81,17.46,17.54,17.65,-0.11,-0.6232,253905.94,447710.05,17.524,17.563,18.16,,17.584,17.715,18.052,,33.984,-0.443,-0.43,0.397,-692965.65
601225.SH,2025-01-16,22.01,22.42,21.94,22.33,21.9,0.43,1.9635,387164.55,860362.703,22.132,22.462,22.93,,22.216,22.439,22.861,,39.975,-0.468,-0.361,0.588,-654972.7
601288.SH,2025-01-16,5.09,5.12,5.04,5.1,5.07,0.03,0.5917,3517482.61,1787483.507,5.07,5.127,5.181,,5.091,5.12,5.122,,50.084,0.027,0.063,0.116,61460197.37
601318.SH,2025-01-16,49.3,49.75,48.93,49.25,49.11,0.14,0.2851,415761.07,2052212.529,49.052,49.618,51.322,,49.302,49.852,50.946,,30.907,-1.358,-1.205,0.992,-6196799.62
601328.SH,2025-01-16,7.45,7.46,7.37,7.43,7.41,0.02,0.2699,1014165.48,752895.226,7.374,7.409,7.538,,7.403,7.433,7.459,,49.123,-0.007,0.026,0.163,11018914.83
601398.SH,2025-01-16,6.64,6.69,6.57,6.68,6.63,0.05,0.7541,2674681.38,1778119.565,6.638,6.681,6.739,,6.658,6.681,6.659,,54.389,0.063,0.105,0.146,16520259.35
601601.SH,2025-01-16,31.31,31.78,30.91,31.31,31.15,0.16,0.5136,280503.35,879595.014,31.116,31.45,32.557,,31.297,31.654,32.367,,36.113,-0.874,-0.761,0.895,-473164.8
601628.SH,2025-01-16,38.3,38.88,38.1,38.43,38.15,0.28,0.7339,92611.92,356360.765,38.014,38.509,40.25,,38.317,38.807,39.843,,34.398,-1.287,-1.145,1.107,348256.04
601658.SH,2025-01-16,5.28,5.35,5.24,5.32,5.27,0.05,0.9488,1631045.02,863986.382,5.282,5.386,5.485,,5.312,5.369,5.422,,42.898,-0.038,0.005,0.127,11167304.28
601668.SH,2025-01-16,5.62,5.69,5.58,5.6,5.61,-0.01,-0.1783,1658500.57,933164.056,5.554,5.631,5.811,,5.595,5.651,5.756,,34.151,-0.123,-0.099,0.113,5297504.69
601728.SH,2025-01-16,6.88,6.99,6.85,6.95,6.88,0.07,1.0174,763436.62,528766.249,6.906,6.977,7.063,,6.933,6.971,6.976,,50.027,0.031,0.076,0.176,15650141.7
601816.SH,2025-01-16,5.74,5.81,5.67,5.69,5.72,-0.03,-0.5245,1125973.35,645082.925,5.718,5.804,5.983,,5.737,5.813,5.901,,35.698,-0.067,-0.005,0.136,3328985.22
601857.SH,2025-01-16,8.93,9.04,8.88,9.0,8.86,0.14,1.5801,1534548.11,1378337.203,8.876,8.885,8.83,,8.91,8.881,8.791,,60.368,0.141,0.161,0.21,15714358.45
601888.SH,2025-01-16,61.37,62.38,61.11,61.6,61.29,0.31,0.5058,103092.58,636356.291,60.982,61.555,65.012,,61.438,62.278,64.273,,31.354,-2.417,-2.138,1.51,-1648441.16
601899.SH,2025-01-16,16.03,16.3,16.03,16.17,15.78,0.39,2.4715,2207643.01,3573654.017,16.182,15.976,15.676,,16.088,15.974,15.835,,54.95,0.133,0.058,0.486,19878681.34
601919.SH,2025-01-16,14.4,14.59,14.31,14.41,14.51,-0.1,-0.6892,883431.15,1275820.075,14.348,14.525,14.794,,14.434,14.532,14.619,,44.84,-0.051,0.031,0.381,4619165.47
601985.SH,2025-01-16,9.6,9.66,9.52,9.59,9.6,-0.01,-0.1042,1045935.32,1001162.27,9.486,9.744,9.977,,9.598,9.717,9.838,,42.905,-0.107,-0.03,0.279,2457149.17
601988.SH,2025-01-16,5.47,5.5,5.42,5.48,5.45,0.03,0.5505,1290913.34,706275.803,5.432,5.434,5.426,,5.448,5.438,5.393,,60.511,0.078,0.095,0.12,20436062.01
603019.SH,2025-01-16,64.49,65.99,63.23,63.98,64.49,-0.51,-0.7908,509713.71,3284404.916,63.072,64.242,69.747,,64.019,65.286,68.068,,36.309,-3.541,-3.156,3.216,-2371534.97
603259.SH,2025-01-16,53.82,54.76,53.21,53.53,53.28,0.25,0.4692,220881.16,1190559.739,53.668,53.051,54.253,,53.537,53.579,53.894,,46.222,-0.209,-0.105,1.696,-1696134.49
603501.SH,2025-01-16,103.12,105.08,101.3,101.81,102.56,-0.75,-0.7313,164130.9,1688491.931,101.884,100.857,102.326,,101.966,101.751,101.8,,48.17,-0.264,-0.504,3.766,-1523610.19
603993.SH,2025-01-16,6.97,7.21,6.97,7.1,6.9,0.2,2.8986,3055799.56,2174512.882,6.99,6.946,6.896,,6.997,6.96,6.979,,51.847,-0.059,-0.103,0.209,-2922960.37
688008.SH,2025-01-16,66.9,67.67,64.94,66.01,66.2,-0.19,-0.287,252163.72,1670821.352,65.15,65.471,68.701,,65.767,66.249,67.32,,44.444,-1.173,-0.869,3.135,-2467350.3
688012.SH,2025-01-16,188.0,193.66,185.25,188.0,186.39,1.61,0.8638,91723.85,1733856.437,184.18,183.349,188.971,,185.647,185.698,189.491,,42.094,-6.091,-7.21,7.891,34230.49
688041.SH,2025-01-16,147.19,147.99,132.79,132.81,147.2,-14.39,-9.7758,515850.61,7111707.016,142.832,143.003,144.051,,141.388,142.816,141.413,,43.015,2.702,4.056,8.118,526893.39
688111.SH,2025-01-16,275.65,285.66,273.01,274.82,274.9,-0.08,-0.0291,41586.48,1160458.726,267.246,263.702,278.838,,270.317,270.387,276.98,,46.612,-8.069,-8.279,13.718,-514819.39
688256.SH,2025-01-16,688.0,695.0,580.0,594.0,695.96,-101.96,-14.6503,194292.03,12218742.013,686.588,685.971,671.614,,666.268,675.266,658.667,,42.747,29.734,40.46,48.909,424646.0
688981.SH,2025-01-16,102.18,104.46,96.6,96.6,99.55,-2.95,-2.9633,1034774.65,10410150.423,96.624,92.911,93.848,,96.379,94.819,93.391,,54.803,1.319,0.521,5.013,3944806.02
600028.SH,2025-01-17,6.26,6.29,6.21,6.22,6.28,-0.06,-0.9554,1083558.86,676244.497,6.246,6.36,6.487,,6.272,6.34,6.406,,37.662,-0.054,-0.008,0.128,9467273.55
600030.SH,2025-01-17,27.11,27.59,27.11,27.31,27.25,0.06,0.2202,670562.5,1835393.759,27.228,27.069,28.292,,27.25,27.423,28.12,,35.197,-0.944,-0.973,0.757,-2030778.38
600031.SH,2025-01-17,15.49,15.54,15.31,15.42,15.54,-0.12,-0.7722,426413.35,657250.287,15.494,15.495,15.903,,15.49,15.592,15.878,,35.6,-0.413,-0.435,0.364,-6372104.2
600036.SH,2025-01-17,40.96,41.16,40.13,40.71,40.99,-0.28,-0.6831,475900.5,1936832.044,40.252,39.647,39.313,,40.346,39.886,39.364,,65.759,0.635,0.485,0.774,5823665.14
600050.SH,2025-01-17,4.85,4.88,4.82,4.86,4.85,0.01,0.2062,1291526.18,627180.957,4.824,4.843,5.061,,4.846,4.89,4.996,,39.371,-0.13,-0.115,0.121,-386674.69
600104.SH,2025-01-17,16.77,16.91,16.52,16.8,16.88,-0.08,-0.4739,612483.64,1023887.191,16.66,17.269,18.198,,16.882,17.279,17.72,,45.205,-0.392,-0.117,1.08,1648546.42
600111.SH,2025-01-17,21.85,22.09,21.58,21.97,21.89,0.08,0.3655,376255.27,821661.857,21.828,21.477,21.461,,21.795,21.627,21.69,,49.743,-0.222,-0.404,0.669,1911359.39
600150.SH,2025-01-17,32.52,33.14,32.51,32.68,32.82,-0.14,-0.4266,295188.87,965467.234,32.566,32.926,34.306,,32.723,33.119,33.871,,38.453,-0.917,-0.777,0.919,-85526.08
600276.SH,2025-01-17,42.5,43.08,42.44,42.84,42.9,-0.06,-0.1399,200612.2,857835.007,43.344,43.507,44.684,,43.239,43.657,44.554,,33.737,-1.204,-1.144,0.988,-4717465.46
600309.SH,2025-01-17,67.65,69.29,67.45,68.61,67.74,0.87,1.2843,185262.17,1271355.509,67.606,67.958,70.284,,67.916,68.378,69.828,,39.494,-1.898,-1.865,1.561,-2274399.12
600406.SH,2025-01-17,22.9,23.27,22.66,22.97,22.9,0.07,0.3057,232027.85,534804.646,23.202,23.431,24.133,,23.18,23.468,23.915,,32.089,-0.564,-0.489,0.611,-741598.78
600519.SH,2025-01-17,1446.39,1461.0,1446.38,1454.75,1446.38,8.37,0.5787,18308.94,2663227.309,1457.776,1449.158,1483.881,,1455.493,1461.048,1478.205,,38.721,-21.965,-21.354,26.047,-37008.51
600690.SH,2025-01-17,27.0,27.85,26.81,27.56,27.16,0.4,1.4728,475448.19,1302680.212,27.236,27.957,28.179,,27.479,27.749,28.062,,44.74,-0.344,-0.226,0.903,4267779.95
600760.SH,2025-01-17,47.0,48.19,46.9,47.98,47.16,0.82,1.7388,133606.34,636715.567,47.57,46.97,48.028,,47.547,47.529,47.926,,46.52,-0.616,-0.744,1.795,-1048181.58
600809.SH,2025-01-17,177.88,181.93,177.88,178.56,178.3,0.26,0.1458,48994.29,881127.683,178.306,175.574,180.894,,178.001,178.128,181.833,,37.517,-5.736,-6.864,4.971,-645132.81
600887.SH,2025-01-17,28.18,28.58,28.06,28.4,28.33,0.07,0.2471,247486.51,703089.985,28.458,28.685,29.246,,28.492,28.714,28.987,,37.901,-0.265,-0.135,0.597,-400390.55
600900.SH,2025-01-17,28.87,29.03,28.76,29.01,28.84,0.17,0.5895,596372.3,1726533.811,28.86,28.855,29.15,,28.898,28.927,28.918,,53.319,0.109,0.204,0.447,3190741.4
601012.SH,2025-01-17,15.19,15.63,15.09,15.16,15.4,-0.24,-1.5584,747099.47,1139120.44,15.112,15.05,15.527,,15.159,15.211,15.611,,35.531,-0.621,-0.717,0.485,-6110506.74
601088.SH,2025-01-17,39.68,40.06,39.47,39.61,39.7,-0.09,-0.2267,251202.32,998189.721,39.346,39.927,41.114,,39.588,40.018,40.659,,40.536,-0.59,-0.288,1.016,292434.44
601127.SH,2025-01-17,134.52,136.13,133.31,135.07,135.39,-0.32,-0.2364,203165.39,2737173.131,135.794,131.714,131.617,,134.813,133.345,132.316,,53.149,0.999,0.294,5.18,-1878047.51
601166.SH,2025-01-17,19.98,20.09,19.8,19.9,19.99,-0.09,-0.4502,512627.51,1021581.92,19.718,19.606,19.335,,19.782,19.616,19.35,,64.703,0.339,0.303,0.378,7870231.66
601211.SH,2025-01-17,17.45,17.68,17.44,17.6,17.54,0.06,0.3421,195874.04,344407.968,17.564,17.566,18.102,,17.589,17.694,18.009,,35.543,-0.425,-0.429,0.386,-497091.61
601225.SH,2025-01-17,22.4,22.63,21.9,21.94,22.23,-0.29,-1.3045,334342.56,742651.358,22.09,22.303,22.8,,22.124,22.348,22.774,,36.116,-0.481,-0.385,0.598,-989315.26
601288.SH,2025-01-17,5.08,5.11,5.04,5.05,5.1,-0.05,-0.9804,3396981.92,1721481.436,5.06,5.117,5.182,,5.077,5.107,5.115,,46.27,0.019,0.054,0.113,58063215.45
601318.SH,2025-01-17,49.1,49.57,48.77,49.38,49.25,0.13,0.264,460746.66,2273441.157,49.138,49.526,51.147,,49.328,49.766,50.797,,32.248,-1.314,-1.227,0.978,-5736052.96
601328.SH,2025-01-17,7.42,7.43,7.27,7.28,7.43,-0.15,-2.0188,1929047.14,1414368.1,7.35,7.394,7.527,,7.362,7.405,7.442,,42.369,-0.02,0.017,0.162,9089867.69
601398.SH,2025-01-17,6.67,6.7,6.6,6.61,6.68,-0.07,-1.0479,2781346.35,1846159.116,6.626,6.671,6.745,,6.642,6.668,6.655,,49.586,0.053,0.094,0.142,13738913.0
601601.SH,2025-01-17,31.24,31.73,30.85,31.59,31.31,0.28,0.8943,295898.38,931570.238,31.194,31.444,32.457,,31.395,31.642,32.293,,39.088,-0.827,-0.774,0.894,-177266.42
601628.SH,2025-01-17,38.4,39.5,37.86,39.06,38.43,0.63,1.6393,137836.62,537249.212,38.294,38.483,40.115,,38.565,38.853,39.768,,39.738,-1.189,-1.154,1.145,486092.66
601658.SH,2025-01-17,5.31,5.35,5.26,5.26,5.32,-0.06,-1.1278,1275479.58,675827.559,5.268,5.363,5.476,,5.295,5.349,5.406,,39.723,-0.045,-0.005,0.124,9891824.7
601668.SH,2025-01-17,5.6,5.67,5.55,5.63,5.6,0.03,0.5357,1421482.9,799375.042,5.58,5.616,5.794,,5.607,5.648,5.744,,36.935,-0.118,-0.103,0.113,6718987.59
601728.SH,2025-01-17,6.94,7.04,6.89,6.94,6.95,-0.01,-0.1439,583673.0,407075.002,6.898,6.97,7.055,,6.935,6.966,6.972,,49.503,0.026,0.066,0.174,15066468.7
601816.SH,2025-01-17,5.7,5.75,5.61,5.72,5.69,0.03,0.5272,982063.28,559553.346,5.716,5.78,5.962,,5.731,5.796,5.884,,37.952,-0.071,-0.019,0.136,4311048.5
601857.SH,2025-01-17,8.95,8.98,8.82,8.83,9.0,-0.17,-1.8889,1502696.86,1334267.977,8.892,8.883,8.85,,8.884,8.872,8.795,,53.464,0.128,0.155,0.208,14211661.59
601888.SH,2025-01-17,60.43,61.38,60.0,61.02,61.6,-0.58,-0.9416,107556.29,654759.281,61.19,61.374,64.562,,61.298,62.049,63.963,,29.747,-2.373,-2.185,1.517,-1755997.45
601899.SH,2025-01-17,16.31,16.41,16.12,16.27,16.17,0.1,0.6184,1682691.57,2741904.814,16.206,16.046,15.723,,16.149,16.028,15.877,,56.292,0.15,0.076,0.472,21561372.91
601919.SH,2025-01-17,14.38,14.45,14.26,14.28,14.41,-0.13,-0.9022,616969.32,884744.98,14.376,14.457,14.768,,14.383,14.486,14.587,,42.402,-0.07,0.011,0.368,4002196.15
601985.SH,2025-01-17,9.59,9.59,9.32,9.43,9.59,-0.16,-1.6684,1289653.75,1216374.118,9.486,9.685,9.952,,9.542,9.665,9.799,,39.725,-0.124,-0.049,0.279,1167495.42
601988.SH,2025-01-17,5.48,5.51,5.44,5.45,5.48,-0.03,-0.5474,1263397.65,690984.849,5.432,5.444,5.437,,5.449,5.44,5.398,,57.781,0.073,0.091,0.116,19172664.36
603019.SH,2025-01-17,63.58,65.39,63.58,64.42,63.98,0.44,0.6877,405838.03,2612761.92,63.624,64.202,69.155,,64.153,65.128,67.72,,37.516,-3.399,-3.205,3.115,-1965696.94
603259.SH,2025-01-17,53.22,53.57,52.88,53.0,53.53,-0.53,-0.9901,209879.41,1114921.4,53.596,53.114,54.107,,53.358,53.474,53.809,,44.116,-0.244,-0.133,1.624,-1906013.9
603501.SH,2025-01-17,101.0,104.05,100.68,102.64,101.81,0.83,0.8152,153207.3,1571225.174,102.302,101.271,102.295,,102.191,101.912,101.88,,49.89,-0.171,-0.437,3.738,-1370402.89
603993.SH,2025-01-17,7.09,7.2,7.05,7.16,7.1,0.06,0.8451,1599256.91,1139715.119,7.03,6.985,6.903,,7.052,6.997,6.996,,53.991,-0.038,-0.09,0.205,-1323703.46
688008.SH,2025-01-17,65.59,67.75,65.41,66.67,66.01,0.66,0.9998,231841.06,1545475.782,65.644,65.586,68.495,,66.068,66.326,67.259,,46.042,-1.073,-0.91,3.078,-2235509.24
688012.SH,2025-01-17,187.12,194.0,186.86,188.6,188.0,0.6,0.3191,77616.78,1473007.344,186.08,184.056,188.657,,186.631,186.226,189.406,,42.938,-5.458,-6.859,7.838,111847.27
688041.SH,2025-01-17,130.0,134.82,129.13,131.78,132.81,-1.03,-0.7755,295167.16,3889296.127,139.848,142.62,144.201,,138.186,140.81,140.496,,42.266,1.622,3.57,7.945,231726.23
688111.SH,2025-01-17,274.0,283.9,273.1,276.15,274.82,1.33,0.484,36721.7,1020896.75,271.374,265.149,277.188,,272.261,271.435,276.901,,47.393,-7.102,-8.044,13.51,-478097.69
688256.SH,2025-01-17,577.0,605.87,570.0,592.0,594.0,-2.0,-0.3367,123963.09,7282220.872,658.994,683.071,669.414,,641.512,660.127,652.318,,42.481,20.993,36.567,47.978,300682.91
688981.SH,2025-01-17,96.51,104.77,96.51,102.7,96.6,6.1,6.3147,1094032.28,11038758.102,98.528,94.35,94.711,,98.486,96.252,94.278,,62.544,1.881,0.793,5.245,5038838.3
